ranking_year,subject_name,subject_rank_current,subject_rank_previous,subject_rank_change,university_name,guardian_score,satisfaction_teaching,satisfaction_overall,spend_per_student,student_staff_ratio,career_prospects,value_added_score,entry_tariff,satisfaction_assessment
2015,Accounting & Finance,29,,,Aberdeen,69.2,85.7989764337607,84.9611974816908,4.0,20.3,88.0,6.0,401.0,64.5119109838431
2015,Accounting & Finance,93,,,Abertay Dundee,41.3,86.0349127182044,84.1584158415841,3.0,25.0,41.0,,,50.9960159362549
2015,Accounting & Finance,39,,,Aberystwyth,65.0999999999999,94.5849730016542,97.0159768771908,3.0,26.7,70.0,5.0,314.0,79.8634827508792
2015,Accounting & Finance,96,,,Anglia Ruskin,31.7,69.3266832917705,78.0,7.0,28.8,,1.0,215.0,57.4
2015,Accounting & Finance,24,,,Aston,70.4,85.2867830423939,90.9999999999999,7.0,24.3,73.0,6.0,405.0,70.3406813627254
2015,Accounting & Finance,74,,,Bangor,52.4,88.3966521137019,95.3371261802965,4.0,32.9,54.0,5.0,275.0,81.0877659490496
2015,Accounting & Finance,5,,,Bath,89.6,91.5632754342431,97.0,8.0,20.7,88.0,3.0,497.0,85.7142857142857
2015,Accounting & Finance,95,,,Bedfordshire,36.7,75.8863150523367,81.5943751237868,3.0,31.7,,4.0,204.0,68.6064642758511
2015,Accounting & Finance,20,,,Birmingham,72.7,80.2704419923204,89.0928059942144,8.0,20.3999999999999,72.0,6.0,411.0,67.2323095197692
2015,Accounting & Finance,45,,,Birmingham City,63.7,92.2025659535372,97.0885669619593,4.0,30.7,55.0,7.0,277.0,85.1871969744721
2015,Accounting & Finance,70,,,Bolton,53.6,79.345088161209,88.8888888888888,4.0,21.3,,,243.0,65.9999999999999
2015,Accounting & Finance,67,,,Bournemouth,54.4,81.6213880330528,79.2848268784097,5.0,25.7,68.0,6.0,327.0,66.8390989856294
2015,Accounting & Finance,57,,,Bradford,59.1,74.9495096965715,84.8558399529273,8.0,21.2,68.0,3.0,338.0,59.6619370452215
2015,Accounting & Finance,79,,,Brighton,50.4,72.5099149307405,78.6144251435819,4.0,21.1,54.0,5.0,281.0,68.396100266727
2015,Accounting & Finance,35,,,Bristol,66.7,82.8774479246585,87.0036719233147,8.0,,,4.0,441.0,74.8445334546644
2015,Accounting & Finance,86,,,Brunel,47.1,75.0188350789075,87.1162864661227,5.0,25.0,34.0,4.0,327.0,64.5519323949718
2015,Accounting & Finance,12,,,Buckingham,81.5,91.2718204488778,94.0,4.0,10.8,,,331.0,72.6907630522088
2015,Accounting & Finance,92,,,Bucks New University,42.0,81.4452708456218,91.3448981261762,3.0,30.3,,,176.0,82.6099272926017
2015,Accounting & Finance,84,,,Canterbury Christ Church,48.5,81.0,81.1881188118811,3.0,22.5,52.0,5.0,260.0,73.6111111111111
2015,Accounting & Finance,33,,,Cardiff,67.4,80.3155838363788,89.3707758685188,7.0,16.6,59.0,5.0,402.0,69.5535880380297
2015,Accounting & Finance,91,,,Cardiff Met,42.3,84.3283582089552,84.0,3.0,28.3,37.0,3.0,273.0,71.1422845691382
2015,Accounting & Finance,37,,,Central Lancashire,66.0,90.9999999999999,93.069306930693,4.0,21.2,48.0,4.0,345.0,85.2589641434263
2015,Accounting & Finance,50,,,Chester,61.5,84.4221105527638,95.9595959595959,4.0,20.3,,,283.0,72.1442885771542
2015,Accounting & Finance,78,,,Chichester,50.8,87.75,88.1188118811881,2.0,21.1,,,232.0,69.6606786427145
2015,Accounting & Finance,11,,,City,83.9,86.3365677549355,87.8165636987332,10.0,22.5,75.0,7.0,450.0,75.9456163835162
2015,Accounting & Finance,22,,,Coventry,71.5999999999999,90.6488468905014,93.9698048096624,4.0,16.6,67.0,6.0,294.0,85.299841665794
2015,Accounting & Finance,47,,,De Montfort,62.4,83.2803126062904,88.6258522045976,3.0,29.4,56.0,10.0,298.0,81.0318614541116
2015,Accounting & Finance,26,,,Derby,70.3,93.9546599496221,97.0,5.0,17.5,,2.0,259.0,85.7715430861723
2015,Accounting & Finance,48,,,Dundee,62.3,92.0515025882463,94.4467289719626,6.0,28.1,59.0,3.0,404.0,74.8717446107167
2015,Accounting & Finance,17,,,Durham,77.5999999999999,83.4130793509705,96.1962376237623,7.0,28.7,86.0,7.0,425.0,81.156685301376
2015,Accounting & Finance,87,,,East London,46.9,80.032894736842,83.4742158426368,4.0,34.1,25.0,9.0,246.0,73.4573022629439
2015,Accounting & Finance,94,,,Edge Hill,37.7,71.571072319202,74.2574257425742,3.0,21.1,32.0,1.0,262.0,75.6487025948103
2015,Accounting & Finance,26,,,Edinburgh,70.3,75.5556060281908,80.0795346907462,10.0,20.0,,7.0,444.0,55.7654881428444
2015,Accounting & Finance,77,,,Edinburgh Napier,51.3,84.2714157476275,93.8404719158758,4.0,28.0,49.0,2.0,337.0,76.4920173904305
2015,Accounting & Finance,75,,,Essex,52.2,85.1787527156286,90.3402489626556,4.0,21.8,38.0,3.0,339.0,73.1806394319855
2015,Accounting & Finance,28,,,Exeter,70.0,86.2448723895476,88.5535823893562,6.0,23.4,83.0,3.0,459.0,71.0902039867601
2015,Accounting & Finance,13,,,Glasgow,81.2,87.7759164938798,89.0779365561974,7.0,27.1,85.0,7.0,509.0,69.5956932403791
2015,Accounting & Finance,64,,,Glasgow Caledonian,56.8,89.5773712817578,92.1719943422913,4.0,36.5,52.0,9.0,367.0,70.5095391810138
2015,Accounting & Finance,30,,,Gloucestershire,68.4,90.9745647903542,91.8249933101418,4.0,23.7,,10.0,259.0,84.3285489898716
2015,Accounting & Finance,31,,,Greenwich,67.7,88.050260630556,96.6157337367624,3.0,21.9,49.0,7.0,305.0,90.114020700692
2015,Accounting & Finance,2,,,Heriot-Watt,96.5,91.7621400042043,92.5827464788732,10.0,21.5,71.0,9.0,433.0,79.8632516656827
2015,Accounting & Finance,81,,,Hertfordshire,48.9,80.0588932252255,83.0816326530612,4.0,21.4,45.0,4.0,338.0,54.1743282483334
2015,Accounting & Finance,54,,,Huddersfield,60.2,81.2391703298234,83.4292861266115,4.0,22.0,76.0,2.0,346.0,78.8802001154512
2015,Accounting & Finance,60,,,Hull,58.1,88.0574188965342,92.1080972203571,6.0,24.6,56.0,5.0,304.0,72.6841714851217
2015,Accounting & Finance,85,,,Keele,47.3,76.5615601503759,82.8999999999999,3.0,23.8,68.0,4.0,356.0,55.427734796043
2015,Accounting & Finance,23,,,Kent,71.3,83.6579309984481,92.7595922382936,5.0,18.5,76.0,5.0,396.0,73.3238075671169
2015,Accounting & Finance,68,,,Kingston,54.3,81.5171330860282,91.8405477185866,5.0,23.6,50.0,5.0,309.0,72.2508346835937
2015,Accounting & Finance,4,,,Lancaster,90.1,88.8229426433915,93.0138613861386,8.0,20.1,86.0,8.0,455.0,81.4829659318637
2015,Accounting & Finance,8,,,Leeds,84.5,89.6900680597058,93.8368470378649,9.0,18.3999999999999,78.0,7.0,440.0,79.0585270129392
2015,Accounting & Finance,90,,,Leeds Met,45.2,89.4736842105263,92.9292929292929,3.0,30.2,46.0,3.0,247.0,76.8463073852295
2015,Accounting & Finance,40,,,Lincoln,64.9,94.7845804988662,100.0,3.0,31.4,71.0,3.0,312.0,85.8005173900546
2015,Accounting & Finance,21,,,Liverpool,71.9,83.2030146230303,89.5073238502697,5.0,23.7,65.0,9.0,397.0,76.6971981986682
2015,Accounting & Finance,68,,,Liverpool John Moores,54.3,81.3432835820895,88.0,3.0,22.8,46.0,5.0,318.0,73.4
2015,Accounting & Finance,83,,,London Met,48.7,83.0365289324172,84.4235286882725,2.0,23.0,35.0,7.0,204.0,75.5543155902131
2015,Accounting & Finance,9,,,London School of Economics,84.4,81.8407960199004,85.1485148514851,10.0,12.7,,3.0,521.0,66.8662674650698
2015,Accounting & Finance,53,,,London South Bank,60.6,90.547263681592,93.069306930693,4.0,26.7,54.0,9.0,195.0,76.2
2015,Accounting & Finance,16,,,Loughborough,80.0,86.3961846298904,93.9633699633699,7.0,20.5,86.0,7.0,429.0,71.1577000154154
2015,Accounting & Finance,14,,,Manchester,81.0,81.4503598383593,84.098465569243,10.0,17.0,64.0,5.0,436.0,67.036295766666
2015,Accounting & Finance,50,,,Manchester Met,61.5,88.2345346407594,94.0,3.0,27.4,61.0,7.0,317.0,76.8543332141891
2015,Accounting & Finance,63,,,Middlesex,57.0,82.6699454114738,86.4374108643741,4.0,25.4,48.0,8.0,293.0,72.0955787056025
2015,Accounting & Finance,37,,,Newcastle,66.0,86.4334500323739,92.0,4.0,32.2,88.0,5.0,437.0,71.2667210988114
2015,Accounting & Finance,32,,,Northampton,67.5,92.4642205950676,97.9635701275045,6.0,24.6,47.0,10.0,243.0,77.7476789644863
2015,Accounting & Finance,65,,,Northumbria,56.7,75.5610972568578,91.0,4.0,23.2,52.0,7.0,369.0,65.3306613226452
2015,Accounting & Finance,44,,,Nottingham,64.0999999999999,69.172932330827,79.1016501650164,7.0,17.1,78.0,6.0,414.0,50.2981558816052
2015,Accounting & Finance,62,,,Nottingham Trent,57.2,81.4303278688524,85.8196721311475,4.0,19.8,65.0,3.0,297.0,72.5164127216199
2015,Accounting & Finance,72,,,Oxford Brookes,53.2,84.3283582089552,87.1287128712871,5.0,25.0,,2.0,306.0,76.5999999999999
2015,Accounting & Finance,88,,,Plymouth,45.7,82.1006526979943,79.1047934635058,5.0,21.5,44.0,2.0,265.0,67.6307265269939
2015,Accounting & Finance,36,,,Portsmouth,66.5999999999999,79.7950484563174,91.8424480683362,4.0,20.9,79.0,8.0,316.0,70.2305762164225
2015,Accounting & Finance,7,,,Queen Mary,85.0,94.0,98.0,6.0,18.2,,,393.0,83.7999999999999
2015,Accounting & Finance,19,,,"Queen's, Belfast",75.5999999999999,90.1447870996282,95.4253215971759,4.0,23.4,86.0,5.0,418.0,81.4605295195606
2015,Accounting & Finance,1,,,Reading,100.0,90.7597668888308,90.7817745803357,10.0,16.6,,4.0,416.0,86.9489482562246
2015,Accounting & Finance,24,,,Robert Gordon,70.4,92.25,91.9999999999999,4.0,25.7,96.0,2.0,431.0,81.0379241516966
2015,Accounting & Finance,15,,,Salford,80.9,91.4786967418546,96.0,4.0,16.8999999999999,65.0,7.0,324.0,87.122736418511
2015,Accounting & Finance,43,,,Sheffield,64.3,84.1448361059442,83.0684093437152,6.0,20.8,76.0,4.0,371.0,67.6735194392698
2015,Accounting & Finance,66,,,Sheffield Hallam,56.1,81.4792126825792,81.5857142857142,5.0,21.9,62.0,4.0,310.0,66.8418036072144
2015,Accounting & Finance,89,,,South Wales,45.5,90.0249376558603,90.09900990099,3.0,35.2999999999999,39.0,3.0,323.0,79.5228628230616
2015,Accounting & Finance,46,,,Southampton,63.2,76.2099988921695,81.5816784112748,5.0,17.5,86.0,4.0,420.0,53.9393602597449
2015,Accounting & Finance,70,,,Southampton Solent,53.6,83.428333927087,91.2187647336162,3.0,26.5,56.0,,241.0,83.7877496923222
2015,Accounting & Finance,40,,,Staffordshire,64.9,81.25,79.0,6.0,19.3,60.0,10.0,223.0,75.4
2015,Accounting & Finance,52,,,Stirling,60.9,81.9507873715079,88.6170212765957,4.0,20.1,74.0,3.0,378.0,72.1838447466581
2015,Accounting & Finance,3,,,Strathclyde,90.5,89.8131272422483,94.3644091185074,9.0,23.7,81.0,9.0,525.0,70.5824135153375
2015,Accounting & Finance,49,,,Sunderland,61.9,89.2230576441102,89.9999999999999,7.0,28.2,,,287.0,80.6
2015,Accounting & Finance,10,,,Surrey,84.1,92.4928297106204,95.4301379794729,7.0,21.1,66.0,8.0,420.0,83.0517454792931
2015,Accounting & Finance,73,,,Sussex,52.9,74.1854636591478,72.0,7.0,16.7,,1.0,386.0,58.0516898608349
2015,Accounting & Finance,56,,,Swansea,59.2,84.0399002493765,89.108910891089,4.0,30.9,78.0,6.0,333.0,73.7051792828685
2015,Accounting & Finance,34,,,UCL,67.0,69.4235588972431,79.2079207920792,8.0,20.7,,,533.0,67.196819085487
2015,Accounting & Finance,18,,,UEA,75.8,84.7376294828938,91.936778882791,7.0,18.6,72.0,6.0,399.0,76.4295459594615
2015,Accounting & Finance,80,,,Ulster,49.3,84.3548170204591,87.6189607146287,3.0,37.1,57.9999999999999,7.0,325.0,72.9527101262064
2015,Accounting & Finance,58,,,UWE Bristol,58.5,82.0,87.8787878787878,3.0,23.2,64.0,7.0,328.0,68.3266932270916
2015,Accounting & Finance,6,,,Warwick,89.0,83.8709677419354,90.0,10.0,16.6,83.0,7.0,507.0,59.7194388777555
2015,Accounting & Finance,76,,,West London,51.7,91.7085427135678,89.8989898989898,4.0,25.1,52.0,3.0,218.0,81.6367265469062
2015,Accounting & Finance,60,,,West of Scotland,58.1,82.0448877805486,89.9999999999999,3.0,,49.0,9.0,322.0,62.6
2015,Accounting & Finance,54,,,Westminster,60.2,80.2650654085352,83.4216576279116,4.0,22.4,56.9999999999999,9.0,325.0,62.8263612929794
2015,Accounting & Finance,40,,,Winchester,64.9,93.2835820895522,93.0,3.0,22.1,,5.0,299.0,87.2255489021955
2015,Accounting & Finance,59,,,Worcester,58.4,84.2105263157894,83.8383838383838,2.0,25.3,,8.0,337.0,81.437125748503
2015,Accounting & Finance,81,,,York St John,48.9,85.2130325814536,87.1287128712871,3.0,25.5,,,240.0,74.8995983935742
2013,"Agriculture, Forestry & food",11,8.0,3.0,Aberystwyth,74.5,94.37283773251,94.6505098271021,8.0,19.7,40.0,2.0,252.0,72.0522440303732
2014,"Agriculture, Forestry & food",17,11.0,6.0,Aberystwyth,28.9,90.9551788426562,83.6356694845923,6.0,26.3,46.0,2.0,283.0,64.1639842358149
2015,"Agriculture, Forestry & food",13,17.0,-4.0,Aberystwyth,49.5,85.0966554030183,79.4307628524046,6.0,20.0,45.0,2.0,319.0,69.3011229756361
2014,"Agriculture, Forestry & food",14,3.0,11.0,Bangor,34.9,80.8981408745745,76.1290322580645,4.0,15.7,,2.0,296.0,59.8634988088339
2015,"Agriculture, Forestry & food",15,14.0,1.0,Bangor,39.1,71.5692077765603,70.9934640522875,4.0,14.2,,4.0,277.0,69.2360721442885
2015,"Agriculture, Forestry & food",6,,,Cardiff Met,80.5999999999999,82.8784119106699,92.079207920792,5.0,6.2,,8.0,284.0,75.6972111553784
2013,"Agriculture, Forestry & food",10,8.0,2.0,Central Lancashire,77.7,87.6262626262626,76.0,,17.4,50.0,3.0,,86.8049404940494
2014,"Agriculture, Forestry & food",3,10.0,-7.0,Central Lancashire,85.2,91.75,89.0,10.0,18.7,56.0,6.0,291.0,84.6307385229541
2013,"Agriculture, Forestry & food",7,6.0,1.0,Cumbria,84.0,81.8639798488665,66.6666666666667,6.0,,,10.0,279.0,61.8951612903226
2014,"Agriculture, Forestry & food",11,7.0,4.0,Cumbria,46.5,92.8557016549535,82.1818181818182,3.0,15.3,,7.0,263.0,50.8066510030725
2015,"Agriculture, Forestry & food",17,11.0,6.0,Cumbria,32.7999999999999,87.9735555703067,68.6521976521976,2.0,25.4,,7.0,261.0,61.3959032412706
2014,"Agriculture, Forestry & food",8,,,Harper Adams,58.5,93.25,94.8789878987899,3.0,23.9,67.0,4.0,332.0,70.2189725986627
2015,"Agriculture, Forestry & food",10,8.0,2.0,Harper Adams,58.8,88.0647779992021,88.2924528301886,4.0,21.4,76.0,3.0,341.0,67.7310766869802
2013,"Agriculture, Forestry & food",9,7.0,2.0,Harper Adams UC,78.1,91.5094237951402,94.9815950920245,3.0,25.1,79.0,3.0,311.0,70.9908551591355
2013,"Agriculture, Forestry & food",3,3.0,0.0,Leeds,92.2,91.0175402675403,84.1195741195741,5.0,13.7,,6.0,404.0,46.4840124413802
2014,"Agriculture, Forestry & food",1,3.0,-2.0,Leeds,100.0,92.0909402335375,88.7249742002064,7.0,15.2,,9.0,411.0,68.9155274409593
2015,"Agriculture, Forestry & food",1,1.0,0.0,Leeds,100.0,95.0809993853836,100.0,5.0,19.5,,8.0,408.0,86.6567598783785
2013,"Agriculture, Forestry & food",12,10.0,2.0,Lincoln,72.6,78.9261719539301,74.3407544836116,4.0,12.0,39.0,7.0,321.0,57.0870756463402
2014,"Agriculture, Forestry & food",12,12.0,0.0,Lincoln,45.3,80.2253369995306,82.5135135135135,4.0,14.8,62.0,5.0,335.0,50.8465894465894
2015,"Agriculture, Forestry & food",5,12.0,-7.0,Lincoln,84.1,90.0289509839936,77.864829961257,9.0,7.5,57.9999999999999,5.0,365.0,64.9433615056199
2013,"Agriculture, Forestry & food",17,13.0,4.0,Manchester Met,37.3,71.4134481629981,58.3526170798898,2.0,19.9,,,284.0,50.4829610233751
2015,"Agriculture, Forestry & food",12,17.0,-5.0,Manchester Met,50.6,84.0058139534883,81.7946910970166,3.0,18.0,44.0,7.0,315.0,66.9608985412685
2013,"Agriculture, Forestry & food",5,5.0,0.0,Newcastle,89.1,80.968197769144,86.1772151898734,4.0,13.4,74.0,5.0,324.0,68.5470399306162
2014,"Agriculture, Forestry & food",6,5.0,1.0,Newcastle,64.6,82.3743229040343,79.8261546584766,4.0,12.4,69.0,5.0,362.0,61.5908718590179
2015,"Agriculture, Forestry & food",4,6.0,-2.0,Newcastle,87.6,88.6934673366834,89.0,7.0,10.0,80.0,6.0,360.0,67.5350701402805
2013,"Agriculture, Forestry & food",2,2.0,0.0,Nottingham,96.1,88.3651215332003,86.3096327596831,6.0,14.0,65.0,7.0,372.0,63.3540641489299
2014,"Agriculture, Forestry & food",2,2.0,0.0,Nottingham,88.4,94.5010613753856,93.6565543355496,7.0,15.4,57.0,7.0,382.0,74.6612858999534
2015,"Agriculture, Forestry & food",2,2.0,0.0,Nottingham,92.9,91.6833530934635,86.078487788447,8.0,14.8,68.0,7.0,382.0,72.0323937003001
2013,"Agriculture, Forestry & food",15,11.0,4.0,Nottingham Trent,47.6,79.5519801980198,69.3069306930693,3.0,13.5,35.0,3.0,269.0,63.1049504950495
2014,"Agriculture, Forestry & food",16,15.0,1.0,Nottingham Trent,29.8,82.9573934837093,73.7373737373737,4.0,14.2,,3.0,300.0,68.5370741482966
2015,"Agriculture, Forestry & food",11,16.0,-5.0,Nottingham Trent,53.4,88.1188118811881,87.1287128712871,4.0,12.9,,4.0,284.0,79.3307086614173
2013,"Agriculture, Forestry & food",13,,,Plymouth,64.7,95.7722772277228,96.0,3.0,20.7,33.0,5.0,311.0,61.9131313131313
2014,"Agriculture, Forestry & food",10,13.0,-3.0,Plymouth,54.7,94.0,88.0,3.0,23.5,47.0,8.0,328.0,68.6
2015,"Agriculture, Forestry & food",8,5.0,3.0,"Queen's, Belfast",74.0999999999999,86.9279798480974,91.7839372769764,4.0,12.8,68.0,8.0,361.0,65.159366112957
2013,"Agriculture, Forestry & food",1,1.0,0.0,Reading,100.0,84.8162274560789,92.5074257425742,7.0,11.2,72.0,7.0,354.0,57.722530586392
2014,"Agriculture, Forestry & food",4,1.0,3.0,Reading,84.9,79.7731497862303,84.4058823529412,8.0,13.8,70.0,9.0,370.0,57.4654853548662
2015,"Agriculture, Forestry & food",3,4.0,-1.0,Reading,89.4,82.6027250437419,83.8997812223618,10.0,11.8,68.0,6.0,359.0,65.1778854556752
2013,"Agriculture, Forestry & food",16,9.0,7.0,Royal Agricultural College,39.1,70.2213740458015,80.0925283368032,3.0,27.8,48.0,3.0,287.0,59.6447220294548
2014,"Agriculture, Forestry & food",15,,,Royal Agricultural University,32.9,80.8917899143463,81.022739636601,4.0,27.0,66.0,4.0,302.0,54.940853101159
2015,"Agriculture, Forestry & food",16,15.0,1.0,Royal Agricultural University,32.9,84.3315738963531,82.3262955854126,4.0,27.9,54.0,4.0,308.0,52.7687748117075
2013,"Agriculture, Forestry & food",4,,,Scottish Agricultural College,91.6,,,10.0,4.1,26.0,4.0,263.0,
2013,"Agriculture, Forestry & food",6,4.0,2.0,Sheffield Hallam,86.5,93.0,95.959595959596,3.0,20.4,70.0,9.0,299.0,65.0138613861386
2014,"Agriculture, Forestry & food",5,6.0,-1.0,Sheffield Hallam,72.2,94.5409429280397,93.069306930693,3.0,21.6,83.0,9.0,324.0,59.8
2015,"Agriculture, Forestry & food",7,5.0,2.0,Sheffield Hallam,76.2,91.8407698091454,91.8569999999999,4.0,18.5,73.0,9.0,327.0,77.2037348949395
2014,"Agriculture, Forestry & food",7,,,SRUC,63.3,,,,4.4,44.0,3.0,304.0,
2015,"Agriculture, Forestry & food",14,7.0,7.0,SRUC,43.7,86.0,92.0,5.0,3.9,22.0,1.0,307.0,60.0
2013,"Agriculture, Forestry & food",8,,,Ulster,83.9,85.3168316831683,97.0,3.0,19.4,,8.0,290.0,74.8475247524752
2014,"Agriculture, Forestry & food",9,8.0,1.0,Ulster,56.2,87.25,93.0,3.0,25.6,,7.0,276.0,81.437125748503
2013,"Agriculture, Forestry & food",14,12.0,2.0,Writtle College,50.1,84.1792929292929,55.0,6.0,,44.0,4.0,239.0,60.7762376237624
2014,"Agriculture, Forestry & food",13,14.0,-1.0,Writtle College,36.3,82.5870646766169,82.0,5.0,10.1,37.0,3.0,287.0,63.6
2015,"Agriculture, Forestry & food",9,13.0,-4.0,Writtle College,65.0,88.25,87.0,7.0,8.4,34.0,5.0,287.0,72.1442885771542
2013,American studies,5,4.0,1.0,Birmingham,79.0,89.4942494249425,82.1782178217822,8.0,20.6,,7.0,421.0,81.4
2014,American studies,5,5.0,0.0,Birmingham,75.7,89.5261845386534,90.0990099009901,8.0,19.8,65.0,6.0,419.0,79.1583166332666
2015,American studies,2,5.0,-3.0,Birmingham,90.1,92.0199501246882,91.9191919191919,5.0,14.6,81.0,4.0,404.0,80.1999999999999
2013,American studies,13,15.0,-2.0,Canterbury Christ Church,63.0,93.75,93.0,2.0,17.4,,9.0,251.0,77.7070707070707
2014,American studies,14,13.0,1.0,Canterbury Christ Church,47.1,97.0074812967581,100.0,2.0,19.5,,9.0,259.0,76.4940239043825
2013,American studies,12,19.0,-7.0,Derby,63.9,92.5,92.0,4.0,15.4,,,270.0,72.2811881188119
2014,American studies,17,12.0,5.0,Derby,39.2,87.8411910669975,95.0,4.0,16.7,,,282.0,65.5378486055777
2015,American studies,11,17.0,-6.0,Derby,51.5,92.0,94.0,5.0,19.8999999999999,,,289.0,76.8463073852295
2013,American studies,13,8.0,5.0,Dundee,63.0,92.449494949495,95.959595959596,5.0,22.4,,,377.0,74.3373737373737
2014,American studies,8,13.0,-5.0,Dundee,60.8,97.2568578553616,92.9292929292929,5.0,23.9,,,390.0,82.9659318637275
2013,American studies,4,5.0,-1.0,Essex,82.0,97.0,96.0,7.0,16.3,,8.0,348.0,76.3923392339234
2014,American studies,6,4.0,2.0,Essex,71.5,97.0,97.0,5.0,16.3,,,363.0,81.8363273453094
2013,American studies,10,14.0,-4.0,Hull,67.2,98.75,100.0,2.0,18.2,,4.0,338.0,78.6257425742574
2014,American studies,10,10.0,0.0,Hull,56.1,97.9949874686717,96.0,2.0,19.6,,3.0,357.0,84.6464646464646
2015,American studies,7,10.0,-3.0,Hull,68.4,99.0049751243781,96.0,3.0,,,2.0,329.0,90.8366533864541
2013,American studies,7,9.0,-2.0,Keele,68.3,92.5346534653465,92.0,3.0,19.7,,7.0,334.0,76.559595959596
2014,American studies,11,7.0,4.0,Keele,55.7,94.5137157107232,98.019801980198,2.0,23.0,,8.0,349.0,78.6
2015,American studies,3,11.0,-8.0,Keele,86.0,91.5422885572139,94.059405940594,4.0,17.2,55.0,10.0,383.0,79.0836653386454
2013,American studies,9,12.0,-3.0,Kent,67.3,92.7821782178218,96.0,5.0,12.7,,2.0,322.0,80.2173417341734
2014,American studies,7,9.0,-2.0,Kent,66.7,94.0298507462686,97.029702970297,6.0,11.8,,3.0,362.0,79.7244094488189
2015,American studies,4,7.0,-3.0,Kent,76.3,97.7499999999999,100.0,5.0,16.6,,6.0,345.0,85.6
2013,American studies,3,2.0,1.0,Leicester,89.1,96.729797979798,97.0,7.0,16.2,,7.0,398.0,80.0
2014,American studies,3,3.0,0.0,Leicester,89.0,94.5,94.0,7.0,14.7,,7.0,402.0,80.8383233532934
2015,American studies,9,3.0,6.0,Leicester,65.4,95.2853598014888,97.0,5.0,22.3,51.0,6.0,398.0,79.8403193612774
2014,American studies,19,21.0,-2.0,Lincoln,30.6,87.468671679198,91.9191919191919,3.0,26.8,,,321.0,77.6
2013,American studies,17,13.0,4.0,Liverpool,52.7,75.5781578157816,75.0,8.0,17.8,,7.0,334.0,47.4970297029703
2014,American studies,15,17.0,-2.0,Liverpool,44.6,74.3142144638404,75.7575757575758,8.0,20.5,,8.0,369.0,61.4314115308151
2015,American studies,8,15.0,-7.0,Liverpool,66.9,83.1683168316831,74.0,5.0,11.9,,7.0,,69.4444444444444
2013,American studies,8,11.0,-3.0,Manchester,68.0,90.544404440444,83.1683168316832,9.0,20.1,46.0,5.0,414.0,65.1515151515152
2014,American studies,2,8.0,-6.0,Manchester,91.8,97.4811083123426,96.969696969697,10.0,17.9,53.0,7.0,460.0,82.4
2015,American studies,6,2.0,4.0,Manchester,69.8,89.7755610972568,86.9999999999999,4.0,16.1,55.0,6.0,434.0,71.0843373493975
2013,American studies,11,10.0,1.0,Nottingham,66.7,91.0020752075208,86.8686868686869,4.0,18.8,65.0,3.0,408.0,72.0585858585859
2014,American studies,16,11.0,5.0,Nottingham,44.3,91.2280701754386,84.8484848484848,5.0,18.6,53.0,3.0,402.0,66.4658634538152
2015,American studies,12,16.0,-4.0,Nottingham,49.8,88.9724310776942,84.0,4.0,17.2,56.0,2.0,390.0,70.1402805611222
2013,American studies,18,17.0,1.0,Portsmouth,34.9,88.1676232486694,87.90867003367,4.0,25.2,,1.0,288.0,73.9699582458246
2014,American studies,18,18.0,0.0,Portsmouth,38.5,94.4215377152559,92.6989247311828,6.0,21.2,,2.0,291.0,76.9417239193496
2013,American studies,6,6.0,0.0,Sussex,73.6,95.7722772277228,91.1764705882353,6.0,20.4,,7.0,408.0,68.5419741974198
2014,American studies,13,6.0,7.0,Sussex,47.5,88.0299251870324,84.0,5.0,23.5,,8.0,414.0,61.2449799196787
2015,American studies,5,13.0,-8.0,Sussex,74.9,94.7368421052631,88.1188118811881,5.0,20.6,,7.0,403.0,82.6
2013,American studies,15,20.0,-5.0,Swansea,56.8,93.9873737373737,92.0,4.0,18.4,,3.0,345.0,76.2653465346535
2014,American studies,12,15.0,-3.0,Swansea,52.1,91.25,91.9191919191919,6.0,17.1,,3.0,340.0,73.2534930139721
2015,American studies,13,12.0,1.0,Swansea,34.7,87.25,77.0,7.0,23.0,,4.0,316.0,63.5270541082164
2013,American studies,2,3.0,-1.0,UEA,97.3,97.754900490049,97.0,9.0,15.9,52.0,7.0,386.0,88.015064717174
2014,American studies,4,2.0,2.0,UEA,87.9,95.5,100.0,9.0,14.5,63.0,5.0,431.0,72.6546906187625
2015,American studies,1,4.0,-3.0,UEA,100.0,96.4493647002302,95.5174451830974,10.0,18.1,49.0,7.0,414.0,71.6635387773217
2013,American studies,1,1.0,0.0,Warwick,100.0,94.2240032698922,93.0,8.0,14.3,,8.0,480.0,73.0
2014,American studies,1,1.0,0.0,Warwick,100.0,95.5112219451372,95.049504950495,8.0,14.3,,,455.0,80.8383233532934
2013,American studies,16,16.0,0.0,Winchester,56.1,92.519801980198,92.0,2.0,16.3,,,278.0,70.8888888888889
2014,American studies,9,16.0,-7.0,Winchester,60.4,97.9899497487437,100.0,3.0,16.1,,,264.0,83.4331337325349
2015,American studies,10,9.0,1.0,Winchester,64.9,93.0174563591022,88.1188118811881,3.0,14.6,,,293.0,83.2335329341317
2013,Anatomy & Physiology,20,22.0,-2.0,Aberdeen,52.0,91.6583617097231,93.8390663390664,4.0,18.1,56.0,7.0,407.0,78.6697993351459
2014,Anatomy & Physiology,18,20.0,-2.0,Aberdeen,67.3,91.4539616557743,97.348266686332,3.0,17.8,62.0,6.0,443.0,76.4601710243131
2013,Anatomy & Physiology,25,27.0,-2.0,Anglia Ruskin,47.9,92.6130848378956,94.1176470588235,5.0,26.4,73.0,7.0,367.0,67.7829547660648
2014,Anatomy & Physiology,14,25.0,-11.0,Anglia Ruskin,69.1,96.7336683417085,97.979797979798,4.0,21.0,89.0,2.0,304.0,88.376753507014
2013,Anatomy & Physiology,12,9.0,3.0,Aston,64.0,85.5235845767675,83.091619021057,5.0,13.4,92.0,3.0,416.0,72.8408153491405
2014,Anatomy & Physiology,6,12.0,-6.0,Aston,83.5,89.3965595807701,89.2867132867133,4.0,14.3,96.0,3.0,442.0,79.0965034965035
2014,Anatomy & Physiology,24,14.0,10.0,Bedfordshire,63.3,93.0174563591022,95.0,3.0,,86.0,,316.0,67.5350701402806
2013,Anatomy & Physiology,15,12.0,3.0,Birmingham,57.0,92.5470297029703,88.1188118811881,6.0,12.5,78.0,6.0,431.0,44.4732673267327
2014,Anatomy & Physiology,19,15.0,4.0,Birmingham,66.6,96.2406015037594,98.0,5.0,14.0,72.0,6.0,449.0,47.4949899799599
2015,Anatomy & Physiology,9,19.0,-10.0,Birmingham,70.4,96.7418546365914,97.0,4.0,10.5,67.0,8.0,416.0,68.4630738522954
2013,Anatomy & Physiology,27,24.0,3.0,Birmingham City,43.0,92.5247524752475,86.0,3.0,18.3,70.0,5.0,341.0,67.632498543972
2014,Anatomy & Physiology,12,27.0,-15.0,Birmingham City,75.0,97.4874371859296,90.9090909090909,3.0,18.9,77.0,9.0,372.0,70.9418837675351
2013,Anatomy & Physiology,24,23.0,1.0,Bradford,48.1,84.3663366336634,92.0,4.0,17.0,92.0,1.0,398.0,59.1395449889816
2014,Anatomy & Physiology,22,24.0,-2.0,Bradford,64.9,85.785536159601,98.0,3.0,17.2,92.0,3.0,409.0,56.3745019920319
2013,Anatomy & Physiology,3,10.0,-7.0,Bristol,79.1,93.7247474747475,91.9191919191919,9.0,10.0,78.0,6.0,436.0,69.3956724103783
2014,Anatomy & Physiology,7,3.0,4.0,Bristol,83.1,93.734335839599,90.0990099009901,8.0,10.2,77.0,8.0,462.0,66.5338645418327
2015,Anatomy & Physiology,10,7.0,3.0,Bristol,69.5999999999999,91.0,92.0,6.0,11.2,69.0,6.0,445.0,65.1209677419355
2013,Anatomy & Physiology,5,5.0,0.0,Brunel,74.4,99.25,97.0,4.0,12.0,63.0,8.0,366.0,78.9010101010101
2014,Anatomy & Physiology,5,5.0,0.0,Brunel,84.3,96.2871287128713,97.029702970297,4.0,11.7,66.0,9.0,379.0,84.7222222222222
2013,Anatomy & Physiology,2,3.0,-1.0,Cardiff,85.0,95.2562193362194,95.5003111739745,9.0,10.8,90.0,5.0,449.0,66.4548001085823
2014,Anatomy & Physiology,2,2.0,0.0,Cardiff,98.5,96.4167847911282,97.0712713729473,9.0,11.3,86.0,7.0,454.0,70.1840652376161
2015,Anatomy & Physiology,21,,,Central Lancashire,32.7999999999999,80.7980049875311,76.0,3.0,13.4,,,347.0,70.9090909090909
2013,Anatomy & Physiology,26,29.0,-3.0,City,43.2,89.3409090909091,76.7725138711054,4.0,15.0,93.0,1.0,374.0,46.321764564179
2014,Anatomy & Physiology,30,26.0,4.0,City,52.9,87.3938091983205,87.6298701298701,6.0,23.6,88.0,1.0,391.0,65.543407628176
2013,Anatomy & Physiology,32,29.0,3.0,Cumbria,33.5,80.3797325775743,78.4099992733086,2.0,18.0,91.0,2.0,305.0,63.6082900376368
2014,Anatomy & Physiology,31,32.0,-1.0,Cumbria,51.2,86.6026119402985,81.3754348407814,2.0,15.2,87.0,3.0,309.0,66.0423871559013
2013,Anatomy & Physiology,7,16.0,-9.0,Edinburgh,69.2,,,10.0,15.5,65.0,6.0,,
2014,Anatomy & Physiology,4,7.0,-3.0,Edinburgh,84.9,96.0,93.0693069306931,10.0,13.6,,7.0,,71.2
2015,Anatomy & Physiology,2,4.0,-2.0,Edinburgh,94.3,,,10.0,12.2,73.0,7.0,,
2013,Anatomy & Physiology,9,2.0,7.0,Glamorgan,67.3,86.1452658154777,83.6446799609538,3.0,18.5,95.0,10.0,350.0,73.9489954629266
2013,Anatomy & Physiology,13,15.0,-2.0,Glasgow Caledonian,59.1,94.570265496495,93.2459016393442,4.0,15.2,72.0,7.0,423.0,60.7186341719207
2014,Anatomy & Physiology,25,13.0,12.0,Glasgow Caledonian,63.0,89.0574389024792,86.0531914893617,3.0,15.6,72.0,9.0,451.0,44.2778033960577
2015,Anatomy & Physiology,6,25.0,-19.0,Glasgow Caledonian,82.4,98.4962406015037,96.9696969696969,2.0,13.6,76.0,,398.0,87.4747474747474
2013,Anatomy & Physiology,29,19.0,10.0,Hertfordshire,40.5,85.3656588336429,86.802671523983,2.0,21.1,82.0,5.0,308.0,70.5942784442378
2014,Anatomy & Physiology,20,29.0,-9.0,Hertfordshire,66.0,90.4595481049562,91.7331478045764,2.0,21.7,87.0,8.0,327.0,77.2585926709578
2015,Anatomy & Physiology,14,,,Keele,56.8,95.5,94.0,3.0,18.5,,,380.0,75.8483033932135
2013,Anatomy & Physiology,28,32.0,-4.0,King's College London,41.9,88.2424242424242,90.0,5.0,18.9,61.0,2.0,439.0,57.7562706225127
2014,Anatomy & Physiology,15,28.0,-13.0,King's College London,68.0,90.2255639097744,89.8989898989899,6.0,15.6,81.0,3.0,457.0,59.8802395209581
2015,Anatomy & Physiology,11,15.0,-4.0,King's College London,63.0,90.2255639097744,90.9999999999999,6.0,13.3,75.0,4.0,449.0,56.6265060240963
2014,Anatomy & Physiology,23,,,Kingston - St George's University,64.2,87.25,81.1881188118812,,8.5,79.0,5.0,361.0,61.0337972166998
2013,Anatomy & Physiology,18,25.0,-7.0,Leeds,54.1,89.0317781778178,88.0,8.0,14.5,60.0,4.0,417.0,63.6970297029703
2014,Anatomy & Physiology,17,18.0,-1.0,Leeds,67.9,92.9824561403509,93.9393939393939,8.0,15.6,58.0,7.0,423.0,65.6063618290258
2015,Anatomy & Physiology,7,17.0,-10.0,Leeds,78.3,95.5223880597014,95.0,5.0,12.6,67.0,5.0,441.0,73.9478957915831
2013,Anatomy & Physiology,30,,,Leeds Met,35.0,91.9971247124712,91.0,3.0,14.7,46.0,3.0,308.0,74.1616161616162
2014,Anatomy & Physiology,13,30.0,-17.0,Leeds Met,71.5,97.5,97.029702970297,3.0,13.7,62.0,8.0,332.0,89.6
2015,Anatomy & Physiology,4,,,Leicester,87.0,92.7680798004987,90.0,8.0,16.5,76.0,3.0,423.0,80.0
2013,Anatomy & Physiology,8,6.0,2.0,Liverpool,69.0,94.5045198360416,98.3188405797102,9.0,8.4,69.0,3.0,382.0,62.2019107427732
2014,Anatomy & Physiology,8,8.0,0.0,Liverpool,78.1,90.2818440026218,91.2134387351779,9.0,7.8,68.0,2.0,395.0,73.1012265366206
2015,Anatomy & Physiology,1,8.0,-7.0,Liverpool,100.0,94.75,96.9696969696969,8.0,7.5,59.0,5.0,433.0,79.2
2013,Anatomy & Physiology,16,,,Loughborough,56.5,97.75,97.029702970297,4.0,22.4,64.0,7.0,387.0,83.8229622962296
2014,Anatomy & Physiology,26,16.0,10.0,Loughborough,62.7,93.7965260545906,94.1176470588235,5.0,18.9,58.0,7.0,374.0,76.6798418972332
2015,Anatomy & Physiology,20,26.0,-6.0,Loughborough,43.0,89.168765743073,86.0,4.0,20.6,74.0,2.0,396.0,70.7999999999999
2013,Anatomy & Physiology,11,14.0,-3.0,Manchester,66.9,92.1934539964188,88.7286390776199,8.0,12.7,76.0,5.0,430.0,63.4051533724317
2014,Anatomy & Physiology,8,11.0,-3.0,Manchester,78.1,92.6788960029186,90.6272061795482,7.0,12.7,75.0,4.0,451.0,69.0482467614502
2015,Anatomy & Physiology,5,8.0,-3.0,Manchester,85.6,95.25,94.059405940594,6.0,8.1,73.0,5.0,455.0,73.5470941883767
2013,Anatomy & Physiology,6,8.0,-2.0,Newcastle,69.3,96.0,100.0,6.0,12.1,,7.0,411.0,67.2
2014,Anatomy & Physiology,3,6.0,-3.0,Newcastle,92.6,100.0,100.0,7.0,11.7,,9.0,476.0,74.1482965931864
2013,Anatomy & Physiology,4,11.0,-7.0,Nottingham,75.6,99.0,99.0,7.0,14.8,,5.0,434.0,78.5619230819403
2014,Anatomy & Physiology,10,4.0,6.0,Nottingham,77.3,94.2355889724311,87.0,7.0,15.2,,5.0,436.0,64.8
2013,Anatomy & Physiology,1,1.0,0.0,Oxford,100.0,96.979797979798,100.0,10.0,11.7,72.0,7.0,580.0,77.2
2014,Anatomy & Physiology,1,1.0,0.0,Oxford,100.0,90.5236907730673,80.0,10.0,11.2,,8.0,575.0,64.6123260437376
2015,Anatomy & Physiology,3,1.0,2.0,Oxford,87.4,88.5286783042394,84.0,10.0,12.1,,6.0,,59.2814371257485
2013,Anatomy & Physiology,21,4.0,17.0,Plymouth,51.4,89.7970297029703,88.1188118811881,4.0,20.7,61.0,10.0,345.0,75.1313131313131
2014,Anatomy & Physiology,32,21.0,11.0,Plymouth,48.3,94.5,98.0,3.0,23.5,57.0,4.0,345.0,74.0
2015,Anatomy & Physiology,18,32.0,-14.0,Plymouth,46.5,94.9442990883447,93.2459016393442,3.0,16.5,65.0,2.0,323.0,74.4020156408494
2013,Anatomy & Physiology,31,,,Portsmouth,34.9,77.5531553155316,75.7575757575758,7.0,15.6,,,254.0,60.0088722404754
2015,Anatomy & Physiology,17,31.0,-14.0,Portsmouth,51.8,92.0595533498759,94.059405940594,3.0,15.6,,,339.0,75.0996015936255
2013,Anatomy & Physiology,33,21.0,12.0,"Queen's, Belfast",28.5,91.4444444444445,92.0,2.0,28.5,73.0,5.0,385.0,48.5781844007186
2014,Anatomy & Physiology,33,33.0,0.0,"Queen's, Belfast",35.0,87.6543209876543,84.3137254901961,2.0,33.5,72.0,2.0,405.0,50.6903353057199
2015,Anatomy & Physiology,16,33.0,-17.0,"Queen's, Belfast",53.4,95.7393483709273,98.0,3.0,31.8,87.0,5.0,412.0,75.4527162977867
2013,Anatomy & Physiology,17,17.0,0.0,Robert Gordon,56.3,92.5,97.0,3.0,14.9,,2.0,472.0,64.4
2014,Anatomy & Physiology,11,17.0,-6.0,Robert Gordon,75.1,98.0049875311721,96.0,3.0,24.4,,4.0,485.0,88.7775551102205
2013,Anatomy & Physiology,14,13.0,1.0,Sheffield Hallam,58.8,96.239798979898,89.0,3.0,15.8,69.0,8.0,379.0,77.8514851485148
2014,Anatomy & Physiology,27,14.0,13.0,Sheffield Hallam,62.3,95.4773869346734,86.0,3.0,17.1,68.0,7.0,373.0,70.2594810379242
2015,Anatomy & Physiology,15,27.0,-12.0,Sheffield Hallam,54.6,99.0,97.029702970297,3.0,17.5,,,335.0,76.1904761904761
2013,Anatomy & Physiology,22,29.0,-7.0,"St Mary's UC, Twickenham",49.2,93.5074257425743,95.0495049504951,2.0,17.3,,6.0,299.0,81.7737373737374
2014,Anatomy & Physiology,28,22.0,6.0,"St Mary's UC, Twickenham",60.2,92.4812030075188,92.0792079207921,3.0,18.4,,4.0,306.0,79.3172690763052
2015,Anatomy & Physiology,19,28.0,-9.0,"St Mary's UC, Twickenham",44.2,93.5,100.0,2.0,17.6,,3.0,293.0,70.8249496981891
2013,Anatomy & Physiology,10,6.0,4.0,Sussex,67.2,94.3069306930693,90.0990099009901,7.0,14.9,75.0,8.0,390.0,60.1131313131313
2014,Anatomy & Physiology,21,10.0,11.0,Sussex,65.1,89.7755610972568,89.0,6.0,18.3,69.0,6.0,411.0,62.6
2015,Anatomy & Physiology,12,21.0,-9.0,Sussex,58.0,89.1959798994974,92.0,7.0,14.5,52.0,8.0,437.0,55.2683896620278
2015,Anatomy & Physiology,8,12.0,-4.0,UCL,75.4,91.5211970074813,88.8888888888889,7.0,13.9,81.0,8.0,539.0,49.2
2013,Anatomy & Physiology,19,20.0,-1.0,UEA,52.1,94.7989074769546,97.1034482758621,,,67.0,5.0,383.0,63.1712178114363
2014,Anatomy & Physiology,29,19.0,10.0,UEA,60.0,93.1556822230139,94.2510822510823,3.0,,67.0,4.0,395.0,65.8685025817556
2013,Anatomy & Physiology,23,33.0,-10.0,Ulster,48.3,83.7755446777554,80.5342465753425,3.0,12.0,55.0,8.0,380.0,64.4888907215829
2014,Anatomy & Physiology,15,23.0,-8.0,Ulster,68.0,89.2147651006712,87.006711409396,3.0,13.5,72.0,9.0,363.0,76.4070269258536
2015,Anatomy & Physiology,13,15.0,-2.0,Ulster,57.2,93.8193197546104,89.9261363636363,2.0,14.6,74.0,10.0,340.0,75.7184262948207
2013,Anthropology,15,16.0,-1.0,Aberdeen,66.7,93.279702970297,92.0,4.0,26.8,,8.0,352.0,70.5265126512651
2014,Anthropology,14,15.0,-1.0,Aberdeen,59.5,90.9774436090225,90.0,3.0,26.6,,8.0,392.0,69.0
2015,Anthropology,9,14.0,-5.0,Aberdeen,73.0,95.5223880597014,95.049504950495,3.0,14.9,,8.0,384.0,78.4584980237153
2013,Anthropology,16,17.0,-1.0,Brunel,61.1,88.8514851485148,83.0,4.0,22.9,,5.0,309.0,61.7168316831683
2014,Anthropology,13,16.0,-3.0,Brunel,64.0,90.5236907730673,87.8787878787879,5.0,19.9,,5.0,340.0,76.24750499002
2015,Anthropology,10,13.0,-3.0,Brunel,69.3,95.2380952380952,98.0,3.0,13.7,,3.0,323.0,90.5811623246492
2013,Anthropology,3,1.0,2.0,Cambridge,92.8,95.0,98.0,,17.2,,5.0,521.0,72.2
2014,Anthropology,3,3.0,0.0,Cambridge,95.7,90.818858560794,78.0,,16.5,73.0,5.0,551.0,75.7028112449799
2015,Anthropology,7,3.0,4.0,Cambridge,77.0999999999999,93.21608040201,90.09900990099,8.0,17.2,,2.0,536.0,80.0399201596806
2013,Anthropology,11,11.0,0.0,Durham,72.1,88.0092509250925,86.0,7.0,19.1,61.0,3.0,420.0,52.0909090909091
2014,Anthropology,11,11.0,0.0,Durham,69.5,90.75,86.0,7.0,19.8,66.0,2.0,450.0,61.7529880478088
2015,Anthropology,8,11.0,-3.0,Durham,74.2,92.2305764411027,88.1188118811881,4.0,6.9,64.0,3.0,463.0,66.7334669338677
2014,Anthropology,17,17.0,0.0,East London,47.5,92.713567839196,86.0,4.0,28.2,,,298.0,76.6932270916335
2015,Anthropology,13,17.0,-4.0,East London,55.8,89.9304442937977,86.0393890746342,4.0,21.0,,10.0,241.0,73.1515877979412
2013,Anthropology,9,6.0,3.0,Edinburgh,76.9,89.2648514851485,84.0,9.0,19.3,,7.0,449.0,52.0828282828283
2014,Anthropology,12,9.0,3.0,Edinburgh,66.9,89.3512243297834,86.6314840493443,9.0,18.9,54.0,4.0,490.0,53.8287717183258
2015,Anthropology,15,12.0,3.0,Edinburgh,53.5,82.0867546749161,73.4082571650214,7.0,16.0,64.0,7.0,485.0,39.7085689617958
2013,Anthropology,7,4.0,3.0,Glasgow,81.5,93.5021252125213,85.0,6.0,19.1,,,434.0,69.6229222922292
2013,Anthropology,13,12.0,1.0,Goldsmiths,68.7,95.2623262326233,89.0,2.0,18.8,42.0,9.0,331.0,61.3904390439044
2014,Anthropology,8,13.0,-5.0,Goldsmiths,79.5,94.7630922693267,91.0,3.0,18.4,52.0,8.0,365.0,72.9083665338646
2015,Anthropology,16,8.0,8.0,Goldsmiths,51.7,95.2499999999999,94.0,1.0,19.8,43.0,8.0,352.0,69.4164989939637
2013,Anthropology,10,14.0,-4.0,Kent,73.3,90.3118811881188,85.0,5.0,14.2,60.0,7.0,343.0,50.9053705370537
2014,Anthropology,6,10.0,-4.0,Kent,93.1,98.7468671679198,95.049504950495,5.0,14.1,58.0,7.0,379.0,74.6987951807229
2015,Anthropology,6,6.0,0.0,Kent,77.9,95.8929835998074,93.2320943239361,7.0,9.5,61.0,6.0,369.0,68.8528260865462
2013,Anthropology,18,18.0,0.0,Liverpool John Moores,43.3,80.559405940594,65.0,2.0,28.3,,,302.0,57.093953892997
2014,Anthropology,19,18.0,1.0,Liverpool John Moores,36.6,84.1191066997518,77.0,3.0,27.3,,9.0,308.0,66.6
2013,Anthropology,1,5.0,-4.0,London School of Economics,100.0,91.7747524752475,86.8686868686868,9.0,11.3,67.0,6.0,450.0,79.6101210121012
2014,Anthropology,5,1.0,4.0,London School of Economics,93.5,84.6347607052897,88.0,8.0,10.7,,3.0,468.0,69.4
2015,Anthropology,4,5.0,-1.0,London School of Economics,82.3,94.5,92.079207920792,6.0,6.8,63.0,4.0,454.0,76.2475049900199
2013,Anthropology,8,10.0,-2.0,Manchester,77.8,97.2722772277228,92.0,6.0,19.1,54.0,5.0,383.0,72.6088208820882
2014,Anthropology,2,8.0,-6.0,Manchester,97.5,98.7468671679198,94.949494949495,6.0,18.9,60.0,7.0,429.0,69.6787148594378
2015,Anthropology,3,2.0,1.0,Manchester,84.0,94.5,89.9999999999999,8.0,11.1,70.0,7.0,388.0,72.8370221327967
2013,Anthropology,2,2.0,0.0,Oxford,96.1,94.3617818264953,92.6607460035524,,11.1,,7.0,504.0,68.1450699742359
2014,Anthropology,4,2.0,2.0,Oxford,95.5,88.7218045112782,87.0,,11.3,,5.0,536.0,62.124248496994
2015,Anthropology,1,4.0,-3.0,Oxford,100.0,94.1311398636095,90.7033933747925,10.0,8.4,78.0,5.0,546.0,67.4892182717289
2013,Anthropology,17,15.0,2.0,Oxford Brookes,54.7,75.1893939393939,59.0,4.0,16.6,,3.0,320.0,59.06461352657
2014,Anthropology,15,17.0,-2.0,Oxford Brookes,49.6,89.5261845386534,84.0,4.0,18.3,,2.0,328.0,72.5099601593626
2015,Anthropology,17,15.0,2.0,Oxford Brookes,35.0,90.9999999999999,84.0,5.0,22.1,,1.0,358.0,62.2754491017964
2013,Anthropology,6,9.0,-3.0,"Queen's, Belfast",81.6,94.519801980198,85.0,5.0,19.0,,,384.0,71.7284793981582
2014,Anthropology,10,6.0,4.0,"Queen's, Belfast",75.6,93.25,92.0,5.0,19.4,,,372.0,79.2415169660679
2015,Anthropology,12,10.0,2.0,"Queen's, Belfast",61.7,89.2768079800498,92.0,4.0,11.8,,5.0,330.0,83.2335329341317
2013,Anthropology,19,19.0,0.0,Roehampton,36.9,81.0814715496588,78.0,2.0,25.9,,1.0,236.0,63.614306328592
2014,Anthropology,18,19.0,-1.0,Roehampton,46.7,94.7630922693267,86.0,3.0,15.1,,1.0,269.0,71.9438877755511
2013,Anthropology,12,3.0,9.0,SOAS,71.5,82.5,72.0,7.0,13.1,,3.0,421.0,50.9252525252525
2014,Anthropology,9,12.0,-3.0,SOAS,75.9,91.25,88.1188118811881,7.0,13.9,,5.0,467.0,50.6
2015,Anthropology,11,9.0,2.0,SOAS,67.7,94.0100072006133,95.8414655024824,8.0,13.8,52.0,3.0,459.0,60.5723194213734
2013,Anthropology,5,6.0,-1.0,St Andrews,88.2,97.25,89.1089108910891,9.0,19.1,,8.0,454.0,63.8063206320632
2014,Anthropology,1,5.0,-4.0,St Andrews,100.0,96.7418546365915,88.8888888888889,8.0,18.1,,8.0,492.0,69.5390781563126
2015,Anthropology,5,1.0,4.0,St Andrews,81.9,98.5,92.0,6.0,15.1,,6.0,506.0,75.0996015936255
2013,Anthropology,14,13.0,1.0,Sussex,67.8,92.969696969697,90.0,3.0,20.3,62.0,7.0,356.0,50.4554455445544
2014,Anthropology,16,14.0,2.0,Sussex,48.9,92.4812030075188,90.0,3.0,21.6,38.0,8.0,407.0,58.1673306772908
2015,Anthropology,14,16.0,-2.0,Sussex,53.6,97.75,98.0,2.0,18.3999999999999,47.0,8.0,408.0,61.8
2013,Anthropology,4,8.0,-4.0,UCL,91.2,96.75,96.0,9.0,17.7,63.0,8.0,457.0,62.7326732673268
2014,Anthropology,6,4.0,2.0,UCL,93.1,90.547263681592,87.0,10.0,15.5,64.0,7.0,460.0,50.0
2015,Anthropology,2,6.0,-4.0,UCL,86.5,95.0124688279301,94.0,9.0,12.4,66.0,7.0,479.0,65.6686626746507
2014,Archaeology,6,11.0,-5.0,Birmingham,73.3,92.5187032418953,79.0,9.0,7.4,,6.0,428.0,82.0717131474104
2014,Archaeology,27,19.0,8.0,Bournemouth,44.3,88.6843450380261,70.9492753623188,7.0,11.3,40.0,3.0,317.0,67.5896853054847
2014,Archaeology,22,20.0,2.0,Bradford,51.4,90.9774436090226,86.8686868686869,5.0,13.4,,5.0,270.0,71.6867469879518
2014,Archaeology,21,26.0,-5.0,Bristol,55.0,94.0149625935162,70.0,4.0,20.2,59.0,8.0,403.0,60.6
2014,Archaeology,2,1.0,1.0,Cambridge,86.4,90.818858560794,78.0,9.0,11.6,73.0,7.0,551.0,75.7028112449799
2014,Archaeology,19,13.0,6.0,Cardiff,56.9,95.0,88.0,5.0,19.9,65.0,3.0,384.0,74.4
2014,Archaeology,33,,,Central Lancashire,30.8,86.7418300653595,85.0254175744372,3.0,21.3,54.0,1.0,308.0,74.684354167482
2014,Archaeology,15,25.0,-10.0,Chester,61.7,99.0,95.0,2.0,11.9,,,283.0,87.6
2014,Archaeology,29,,,De Montfort,39.6,91.0,91.0891089108911,4.0,16.7,46.0,4.0,285.0,70.8
2014,Archaeology,32,,,Derby,32.0,88.0299251870324,91.0,4.0,28.1,59.0,1.0,300.0,70.8333333333333
2014,Archaeology,5,4.0,1.0,Durham,74.2,92.964824120603,92.0,5.0,12.4,67.0,7.0,473.0,74.2
2014,Archaeology,23,23.0,0.0,Edinburgh,48.6,82.3383084577114,74.0,5.0,14.1,,8.0,417.0,38.5542168674699
2014,Archaeology,10,16.0,-6.0,Exeter,70.4,93.5,89.0,4.0,12.8,67.0,7.0,449.0,74.3486973947896
2014,Archaeology,16,,,Keele,59.8,88.2205513784461,96.0,4.0,15.4,,9.0,318.0,70.6237424547284
2014,Archaeology,11,15.0,-4.0,Kent,70.2,97.75,95.0,3.0,9.3,,5.0,380.0,77.9559118236473
2014,Archaeology,34,,,Leeds Met,29.1,73.8805970149254,74.2574257425742,3.0,27.5,,6.0,247.0,66.8
2014,Archaeology,4,14.0,-10.0,Leicester,76.0,94.4587309751034,94.8730884670081,8.0,11.2,50.0,9.0,380.0,84.2983594880453
2014,Archaeology,25,27.0,-2.0,Lincoln,46.7,92.7680798004988,98.019801980198,4.0,25.0,70.0,2.0,308.0,69.061876247505
2014,Archaeology,9,8.0,1.0,Liverpool,70.8,97.2568578553616,91.0891089108911,5.0,8.6,47.0,9.0,453.0,79.0419161676647
2014,Archaeology,20,21.0,-1.0,Manchester,56.6,95.9899749373434,94.949494949495,4.0,13.6,47.0,3.0,397.0,84.5691382765531
2014,Archaeology,18,22.0,-4.0,Newcastle,58.7,96.4912280701754,87.0,3.0,27.0,60.0,6.0,405.0,85.1703406813627
2014,Archaeology,14,12.0,2.0,Nottingham,62.1,89.7243107769424,82.8282828282828,8.0,15.5,60.0,5.0,363.0,72.4
2014,Archaeology,3,3.0,0.0,Oxford,80.2,92.462311557789,88.0,10.0,14.8,,7.0,539.0,63.3266533066132
2014,Archaeology,8,17.0,-9.0,"Queen's, Belfast",72.3,100.0,100.0,4.0,14.6,,7.0,364.0,89.8
2014,Archaeology,13,9.0,4.0,Reading,64.9,95.7186813341133,98.6450388577625,7.0,12.0,56.0,5.0,358.0,78.8480306924973
2014,Archaeology,26,,,Robert Gordon,44.5,86.5,92.0,3.0,24.3,,3.0,368.0,68.3266932270916
2014,Archaeology,12,6.0,6.0,Sheffield,65.4,93.1697404163464,90.1136363636364,4.0,11.6,65.0,6.0,356.0,74.2352204408818
2014,Archaeology,17,7.0,10.0,Southampton,59.0,89.8821498595415,92.8790440019612,4.0,10.1,43.0,8.0,358.0,76.8879214847925
2014,Archaeology,28,28.0,0.0,Teesside,41.1,90.7268170426065,88.0,4.0,23.6,48.0,4.0,341.0,72.1442885771543
2014,Archaeology,31,,,Trinity Saint David,35.0,79.1563275434243,61.0,4.0,17.0,,,238.0,68.2634730538922
2014,Archaeology,1,2.0,-1.0,UCL,100.0,96.7609616734862,96.4835143708546,10.0,9.0,65.0,9.0,489.0,81.0243590488925
2014,Archaeology,24,24.0,0.0,Winchester,47.8,93.7810945273632,85.1485148514852,3.0,18.0,,4.0,305.0,75.6
2014,Archaeology,30,,,Worcester,38.7,94.2786069651741,100.0,3.0,26.3,,,271.0,75.8964143426295
2014,Archaeology,6,10.0,-4.0,York,73.3,98.5,95.049504950495,5.0,18.2,54.0,8.0,421.0,97.6
2013,Archaeology and Forensics,6,7.0,-1.0,Birmingham,79.0,95.0,94.0594059405941,8.0,9.6,,6.0,387.0,79.2178217821782
2013,Archaeology and Forensics,27,24.0,3.0,Bournemouth,57.6,73.2200243280142,60.9298641492056,8.0,10.7,48.0,8.0,291.0,47.5042882031297
2013,Archaeology and Forensics,19,28.0,-9.0,Bradford,66.6,96.0173267326732,97.979797979798,5.0,12.1,,4.0,277.0,76.0316831683168
2013,Archaeology and Forensics,16,26.0,-10.0,Bristol,67.1,95.4026465146514,85.1980198019802,4.0,21.4,52.0,8.0,373.0,71.4914590548239
2013,Archaeology and Forensics,2,2.0,0.0,Cambridge,93.8,95.0,98.0,10.0,8.0,,6.0,521.0,72.2
2013,Archaeology and Forensics,14,15.0,-1.0,Cardiff,70.7,93.0,95.0,8.0,16.6,47.0,5.0,363.0,80.192699269927
2013,Archaeology and Forensics,29,,,Central Lancashire,46.7,83.5912246880755,85.8997491976293,4.0,19.9,44.0,2.0,315.0,69.9010292805423
2013,Archaeology and Forensics,21,22.0,-1.0,Chester,64.4,96.4848484848485,98.0,3.0,11.8,,,281.0,82.5414141414141
2013,Archaeology and Forensics,34,,,De Montfort,33.3,77.1515151515152,81.0,4.0,16.5,47.0,1.0,270.0,55.1015101510151
2013,Archaeology and Forensics,13,6.0,7.0,Durham,73.2,89.25,84.0,4.0,12.4,72.0,3.0,440.0,66.238403840384
2013,Archaeology and Forensics,17,17.0,0.0,Edinburgh,66.9,92.479797979798,100.0,4.0,18.4,,8.0,405.0,69.3089108910891
2013,Archaeology and Forensics,11,9.0,2.0,Exeter,73.6,91.5445544554456,94.0,3.0,12.2,46.0,7.0,430.0,76.2811881188119
2013,Archaeology and Forensics,10,4.0,6.0,Glasgow,74.8,96.3948966426388,93.7817294477323,5.0,19.4,,,417.0,77.0904007488596
2013,Archaeology and Forensics,24,18.0,6.0,Keele,63.2,90.0,94.0,4.0,17.1,,9.0,313.0,62.0930693069307
2013,Archaeology and Forensics,15,11.0,4.0,Kent,68.4,86.3879071957738,92.2378314837086,3.0,9.9,76.0,3.0,333.0,66.3011163949431
2013,Archaeology and Forensics,29,,,Leeds Met,46.7,84.0940594059406,81.1881188118812,3.0,21.8,,,212.0,78.4376237623762
2013,Archaeology and Forensics,9,14.0,-5.0,Leicester,75.8,94.2299297261056,93.0972411909314,8.0,11.4,43.0,3.0,379.0,81.1137715563769
2013,Archaeology and Forensics,28,27.0,1.0,Lincoln,47.5,79.9469696969697,79.0,5.0,15.9,59.0,3.0,299.0,43.2274678111588
2013,Archaeology and Forensics,4,5.0,-1.0,Liverpool,80.8,97.25,97.029702970297,6.0,9.1,48.0,8.0,363.0,79.217501750175
2013,Archaeology and Forensics,22,13.0,9.0,Manchester,64.2,95.7673267326733,100.0,3.0,17.8,38.0,8.0,333.0,78.3227722772277
2013,Archaeology and Forensics,23,23.0,0.0,Newcastle,64.0,95.5,94.0,3.0,26.0,,7.0,366.0,85.4369436943694
2013,Archaeology and Forensics,8,20.0,-12.0,Nottingham,76.4,92.25,97.0,10.0,13.7,41.0,5.0,364.0,81.1858585858586
2013,Archaeology and Forensics,3,3.0,0.0,Oxford,93.7,97.0,92.0,10.0,11.1,,6.0,526.0,68.1425742574257
2013,Archaeology and Forensics,20,21.0,-1.0,"Queen's, Belfast",65.0,96.5222772277228,89.0,4.0,14.9,,5.0,359.0,83.1992399239924
2013,Archaeology and Forensics,5,10.0,-5.0,Reading,80.2,96.4883257556525,94.8427809813948,7.0,11.9,55.0,5.0,347.0,79.9048951048951
2013,Archaeology and Forensics,25,,,Robert Gordon,61.5,87.1414141414142,86.8686868686869,4.0,14.9,,5.0,379.0,69.5790379037904
2013,Archaeology and Forensics,11,16.0,-5.0,Sheffield,73.6,91.8969387937305,89.9279279279279,4.0,10.4,40.0,8.0,390.0,73.8133188938657
2013,Archaeology and Forensics,7,8.0,-1.0,Southampton,77.9,91.6881504415502,95.9879518072289,4.0,10.2,49.0,9.0,390.0,71.7522177648206
2013,Archaeology and Forensics,33,30.0,3.0,Teesside,39.4,85.3267326732673,84.0,5.0,25.3,33.0,2.0,313.0,64.2020854259339
2013,Archaeology and Forensics,32,30.0,2.0,Trinity Saint David,43.8,81.0702333391234,63.0,4.0,13.5,,,235.0,57.9108910891089
2013,Archaeology and Forensics,1,1.0,0.0,UCL,100.0,96.7967299103921,99.0301070923419,10.0,9.1,,7.0,437.0,85.7969837200786
2013,Archaeology and Forensics,26,12.0,14.0,Winchester,59.0,92.4545454545455,94.0,3.0,15.9,,7.0,256.0,74.1044104410441
2013,Archaeology and Forensics,31,33.0,-2.0,Worcester,46.2,92.75,86.0,2.0,23.2,,,239.0,74.5393939393939
2013,Archaeology and Forensics,18,19.0,-1.0,York,66.8,95.7369191000733,97.979797979798,4.0,19.5,33.0,5.0,421.0,88.3555555555556
2013,Architecture,18,34.0,-16.0,Anglia Ruskin,72.3,86.5371287128713,82.0,9.0,20.1,,,257.0,66.1009900990099
2014,Architecture,25,18.0,7.0,Anglia Ruskin,59.7,89.9497487437186,78.7878787878788,8.0,19.8,,,260.0,65.0793650793651
2015,Architecture,38,25.0,13.0,Anglia Ruskin,49.4,95.2261306532663,72.0,7.0,23.2,,3.0,264.0,73.3870967741935
2013,Architecture,20,,,"Arts UC, Bournemouth",71.8,81.3236573657366,70.2970297029703,4.0,15.4,,4.0,317.0,75.0269226922692
2014,Architecture,18,,,Arts University Bournemouth,65.7,99.0,96.0,3.0,23.1,,5.0,295.0,89.6
2015,Architecture,46,18.0,28.0,Arts University Bournemouth,30.6,83.5411471321695,82.0,3.0,30.8,,3.0,287.0,61.0
2013,Architecture,3,3.0,0.0,Bath,95.8,97.5,94.0,6.0,24.5,87.0,9.0,519.0,77.4
2014,Architecture,3,3.0,0.0,Bath,96.4,99.5,100.0,7.0,23.7,81.0,9.0,567.0,87.5502008032128
2015,Architecture,3,3.0,0.0,Bath,88.5,96.9924812030075,98.0,4.0,22.0,90.0,9.0,579.0,81.4
2013,Architecture,34,24.0,10.0,Birmingham City,60.6,69.3556759861008,54.3786731614338,7.0,22.2,60.0,7.0,301.0,57.2568715988688
2014,Architecture,41,34.0,7.0,Birmingham City,44.5,76.256785567174,64.1132075471698,4.0,21.2,69.0,5.0,304.0,59.8867924528302
2015,Architecture,41,41.0,0.0,Birmingham City,46.2,75.5155085773696,72.5172413793103,4.0,16.6,63.0,5.0,325.0,63.5482552137105
2013,Architecture,44,38.0,6.0,Bolton,43.9,73.5,71.7171717171717,2.0,23.5,,,193.0,58.0939607118607
2013,Architecture,43,27.0,16.0,Brighton,45.9,84.398680684395,69.0,3.0,28.3,59.0,1.0,402.0,52.7452745274527
2014,Architecture,40,43.0,-3.0,Brighton,44.7,84.5386533665835,80.0,4.0,28.9,71.0,2.0,366.0,70.4819277108434
2015,Architecture,39,40.0,-1.0,Brighton,49.1,90.049751243781,89.2156862745097,4.0,19.3999999999999,61.0,2.0,352.0,68.3366733466933
2013,Architecture,2,2.0,0.0,Cambridge,96.8,99.0,92.0,,15.3,79.0,5.0,529.0,69.8019801980198
2014,Architecture,4,2.0,2.0,Cambridge,91.6,99.5,93.0,,13.6,68.0,7.0,578.0,70.6586826347305
2015,Architecture,1,4.0,-3.0,Cambridge,100.0,96.5087281795511,91.9191919191919,10.0,13.4,92.0,7.0,568.0,70.7171314741035
2013,Architecture,4,4.0,0.0,Cardiff,95.7,92.5346534653465,91.0891089108911,9.0,14.4,77.0,4.0,519.0,70.0481848184819
2014,Architecture,2,4.0,-2.0,Cardiff,97.4,94.2355889724311,93.0,9.0,13.1,74.0,8.0,506.0,75.2988047808765
2015,Architecture,4,2.0,2.0,Cardiff,87.3,92.4812030075188,94.0,9.0,12.9,86.0,8.0,494.0,64.7177419354838
2015,Architecture,42,,,Cardiff Met,45.9,78.0,72.0,4.0,16.5,,2.0,296.0,62.4
2013,Architecture,22,13.0,9.0,Central Lancashire,70.1,70.6857052197366,73.0,10.0,18.0,,,301.0,56.6388958223554
2014,Architecture,28,22.0,6.0,Central Lancashire,58.2,87.1859296482412,87.0,8.0,18.2,,2.0,329.0,53.9078156312625
2015,Architecture,17,28.0,-11.0,Central Lancashire,65.5,83.25,93.9393939393939,7.0,16.8,,6.0,363.0,68.2092555331991
2015,Architecture,16,,,Coventry,68.8,90.049751243781,96.0,5.0,15.5,,,310.0,83.3667334669338
2013,Architecture,38,43.0,-5.0,De Montfort,56.7,80.75,83.8383838383838,3.0,22.9,65.0,2.0,294.0,76.7524152415242
2014,Architecture,29,38.0,-9.0,De Montfort,56.7,87.4371859296482,84.0,3.0,18.9,75.0,2.0,293.0,80.8
2015,Architecture,33,29.0,4.0,De Montfort,50.6,80.4020100502512,76.7676767676767,3.0,20.3,89.0,3.0,314.0,70.7414829659318
2013,Architecture,17,11.0,6.0,Derby,72.8,86.5321782178218,80.8080808080808,3.0,21.4,,10.0,241.0,74.1623762376238
2014,Architecture,21,17.0,4.0,Derby,61.9,89.0,100.0,3.0,23.0,,,267.0,82.3647294589178
2015,Architecture,22,21.0,1.0,Derby,62.2,83.790523690773,81.0,3.0,20.8,,7.0,305.0,76.0956175298804
2013,Architecture,25,18.0,7.0,Dundee,67.7,88.719696969697,88.0,4.0,18.9,,2.0,445.0,63.030303030303
2015,Architecture,24,25.0,-1.0,Dundee,56.9,85.3598014888337,84.1584158415841,4.0,19.8999999999999,,5.0,462.0,65.6126482213438
2013,Architecture,46,35.0,11.0,East London,34.5,84.410162228344,79.0,2.0,30.0,42.0,2.0,212.0,71.7986562453155
2014,Architecture,44,46.0,-2.0,East London,37.3,74.5635910224439,66.3366336633663,3.0,22.2,56.0,4.0,271.0,66.4
2015,Architecture,32,44.0,-12.0,East London,50.9,92.803970223325,84.1584158415841,5.0,26.2,56.0,6.0,278.0,79.0419161676646
2013,Architecture,5,5.0,0.0,Edinburgh,82.6,85.9552802413999,75.0,8.0,18.5,87.0,7.0,481.0,41.8288491269509
2014,Architecture,10,5.0,5.0,Edinburgh,77.6,94.3334621602137,92.7853448186831,7.0,22.4,88.0,9.0,478.0,51.9956084799064
2015,Architecture,10,10.0,0.0,Edinburgh,72.8,86.2117114323976,76.7271874866811,9.0,23.4,94.0,8.0,511.0,54.377522056003
2013,Architecture,27,23.0,4.0,Glasgow School of Art,65.7,83.0420792079208,65.6565656565657,4.0,20.9,,,452.0,36.3921535010644
2014,Architecture,32,27.0,5.0,Glasgow School of Art,55.9,82.9145728643216,87.0,4.0,18.4,94.0,1.0,436.0,54.0
2015,Architecture,43,32.0,11.0,Glasgow School of Art,43.0,84.4059405940594,84.1584158415841,3.0,24.7,93.0,1.0,471.0,58.2178217821782
2013,Architecture,42,33.0,9.0,Greenwich,51.2,67.0,60.6060606060606,6.0,19.9,,,303.0,59.9437343734374
2014,Architecture,45,42.0,3.0,Greenwich,31.8,80.5,60.0,7.0,17.5,26.0,1.0,338.0,52.0
2015,Architecture,21,45.0,-24.0,Greenwich,62.6,90.0,81.8181818181818,5.0,16.7,,3.0,400.0,75.1503006012024
2013,Architecture,26,21.0,5.0,Huddersfield,65.9,86.8292079207921,82.0,4.0,26.7,84.0,4.0,318.0,72.6544454445444
2014,Architecture,17,26.0,-9.0,Huddersfield,66.2,90.75,94.0,6.0,21.6,76.0,4.0,321.0,82.2
2015,Architecture,15,17.0,-2.0,Huddersfield,69.0999999999999,94.0,84.0,8.0,10.9,67.0,4.0,338.0,80.7999999999999
2013,Architecture,10,12.0,-2.0,Kent,79.7,80.7945544554456,77.2277227722772,8.0,12.3,73.0,4.0,406.0,57.2304230423042
2014,Architecture,6,10.0,-4.0,Kent,86.1,89.25,86.0,8.0,11.0,75.0,6.0,437.0,72.0321931589537
2015,Architecture,14,6.0,8.0,Kent,69.3,81.453634085213,84.0,7.0,11.6,87.0,7.0,391.0,47.8957915831663
2013,Architecture,23,32.0,-9.0,Kingston,69.1,91.0,89.8989898989899,3.0,20.1,59.0,7.0,332.0,68.0767676767677
2014,Architecture,34,23.0,11.0,Kingston,54.1,84.9246231155779,84.0,3.0,21.4,70.0,7.0,361.0,56.5392354124748
2015,Architecture,13,34.0,-21.0,Kingston,69.5,88.0,84.0,9.0,12.0,67.0,4.0,360.0,71.0
2013,Architecture,35,41.0,-6.0,Leeds Met,59.0,87.5,85.0,3.0,19.7,41.0,4.0,314.0,71.4613861386139
2014,Architecture,26,35.0,-9.0,Leeds Met,59.5,92.2110552763819,92.0,3.0,20.0,60.0,6.0,324.0,75.1503006012024
2015,Architecture,34,26.0,8.0,Leeds Met,50.4,83.2080200501253,78.0,3.0,21.4,61.0,7.0,314.0,74.251497005988
2013,Architecture,30,22.0,8.0,Lincoln,64.9,72.8044554455446,65.3465346534654,4.0,20.1,70.0,8.0,371.0,53.5856785678568
2014,Architecture,23,30.0,-7.0,Lincoln,60.0,83.5,80.0,3.0,21.8,76.0,7.0,355.0,71.8562874251497
2015,Architecture,37,23.0,14.0,Lincoln,50.0,76.5743073047858,74.0,3.0,18.1,79.0,4.0,372.0,57.2
2013,Architecture,8,8.0,0.0,Liverpool,81.4,79.4554455445544,77.0,7.0,16.5,72.0,7.0,446.0,55.5029702970297
2014,Architecture,11,8.0,3.0,Liverpool,75.5,92.2885572139304,89.0,5.0,19.0,70.0,8.0,427.0,71.830985915493
2015,Architecture,23,11.0,12.0,Liverpool,59.0,78.5536159600997,71.0,7.0,18.8,78.0,8.0,427.0,46.4929859719438
2013,Architecture,40,38.0,2.0,Liverpool John Moores,52.4,87.2045454545454,85.0,3.0,32.4,42.0,8.0,303.0,67.3393939393939
2014,Architecture,22,40.0,-18.0,Liverpool John Moores,61.4,88.0,90.0,3.0,23.8,70.0,8.0,353.0,74.8
2015,Architecture,25,22.0,3.0,Liverpool John Moores,56.4,84.28927680798,82.8282828282828,3.0,19.8,66.0,8.0,350.0,72.1442885771542
2013,Architecture,19,20.0,-1.0,London Met,71.9,90.5,88.1188118811881,5.0,15.3,,9.0,256.0,58.5399524204389
2014,Architecture,31,19.0,12.0,London Met,56.2,81.9548872180451,83.1683168316832,2.0,17.9,,7.0,305.0,65.0698602794411
2015,Architecture,30,31.0,-1.0,London Met,52.0,86.7830423940149,82.8282828282828,2.0,20.0,73.0,4.0,363.0,67.0682730923694
2013,Architecture,41,31.0,10.0,London South Bank,51.8,64.3564356435644,61.3861386138614,3.0,24.5,,9.0,252.0,57.3483963780994
2014,Architecture,36,41.0,-5.0,London South Bank,51.0,78.25,73.0,3.0,21.7,73.0,,256.0,67.6646706586826
2015,Architecture,45,36.0,9.0,London South Bank,31.9,66.3341645885286,51.0,3.0,23.7,,5.0,267.0,57.9158316633266
2013,Architecture,12,10.0,2.0,Manchester School of Architecture,78.8,87.6763523680251,83.0513574564208,6.0,19.8,74.0,7.0,417.0,68.9475040094253
2014,Architecture,8,12.0,-4.0,Manchester School of Architecture,82.0,90.6279017529705,85.3676470588235,8.0,19.1,81.0,7.0,448.0,74.7629518072289
2015,Architecture,8,8.0,0.0,Manchester School of Architecture,75.3,86.9129618033813,88.4711779448621,9.0,15.9,65.0,8.0,441.0,68.7032891759323
2013,Architecture,6,16.0,-10.0,Newcastle,82.3,82.7368736873687,79.0,9.0,14.3,81.0,6.0,471.0,37.425402540254
2014,Architecture,5,6.0,-1.0,Newcastle,87.5,91.5,90.0,8.0,15.7,95.0,7.0,461.0,61.2
2015,Architecture,9,5.0,4.0,Newcastle,74.5999999999999,91.7705735660847,92.0,7.0,18.1,85.0,7.0,437.0,71.4570858283433
2014,Architecture,37,,,Northampton,50.5,66.4826732673267,50.4950495049505,5.0,21.7,,10.0,287.0,54.9504950495049
2013,Architecture,9,15.0,-6.0,Northumbria,80.9,95.7251108874725,97.979797979798,5.0,18.2,69.0,3.0,384.0,86.5757575757576
2014,Architecture,12,9.0,3.0,Northumbria,75.4,96.75,97.979797979798,5.0,17.7,75.0,3.0,386.0,85.8
2015,Architecture,6,12.0,-6.0,Northumbria,76.5999999999999,98.2456140350877,100.0,3.0,18.3,84.0,7.0,386.0,84.1365461847389
2013,Architecture,13,13.0,0.0,Nottingham,78.7,79.8787878787879,85.8585858585858,8.0,20.3,,,470.0,72.5535353535354
2014,Architecture,15,13.0,2.0,Nottingham,67.5,75.4385964912281,82.0,8.0,18.0,,4.0,477.0,66.6666666666667
2015,Architecture,19,15.0,4.0,Nottingham,63.0,83.0423940149625,87.1287128712871,8.0,20.5,75.0,5.0,487.0,65.2694610778443
2013,Architecture,45,40.0,5.0,Nottingham Trent,42.7,55.0,32.0,6.0,24.4,69.0,,309.0,29.6
2014,Architecture,27,45.0,-18.0,Nottingham Trent,58.6,87.25,83.8383838383838,5.0,21.7,,6.0,329.0,59.4
2015,Architecture,31,27.0,4.0,Nottingham Trent,51.8,80.9523809523809,75.0,4.0,17.5,72.0,7.0,332.0,57.6540755467196
2013,Architecture,11,7.0,4.0,Oxford Brookes,78.9,85.75,84.8484848484849,5.0,14.1,69.0,7.0,426.0,62.9194719471947
2014,Architecture,7,11.0,-4.0,Oxford Brookes,83.2,93.734335839599,90.9090909090909,5.0,16.5,84.0,8.0,461.0,77.5100401606426
2015,Architecture,12,7.0,5.0,Oxford Brookes,69.7,92.4623115577889,91.9191919191919,6.0,16.0,60.0,8.0,430.0,76.861167002012
2013,Architecture,31,17.0,14.0,Plymouth,63.7,68.0,50.4950495049505,8.0,16.1,70.0,3.0,357.0,49.1631763176318
2014,Architecture,14,31.0,-17.0,Plymouth,68.6,81.8407960199005,80.0,6.0,13.6,74.0,7.0,335.0,62.9482071713148
2015,Architecture,19,14.0,5.0,Plymouth,63.0,84.9624060150375,76.0,5.0,12.3,64.0,7.0,376.0,63.3999999999999
2013,Architecture,32,29.0,3.0,Portsmouth,61.7,88.0,82.0,5.0,22.4,64.0,3.0,309.0,64.6
2014,Architecture,34,32.0,2.0,Portsmouth,54.1,87.9699248120301,81.0,6.0,21.1,68.0,4.0,352.0,65.2694610778443
2015,Architecture,29,34.0,-5.0,Portsmouth,54.2,91.7910447761193,85.0,5.0,18.8999999999999,65.0,4.0,344.0,71.1729622266401
2013,Architecture,14,9.0,5.0,"Queen's, Belfast",77.1,92.7970297029703,91.1764705882353,3.0,17.4,61.0,4.0,385.0,85.1148514851485
2014,Architecture,13,14.0,-1.0,"Queen's, Belfast",69.5,90.2010050251256,94.0594059405941,3.0,16.9,64.0,7.0,395.0,82.8
2015,Architecture,5,13.0,-8.0,"Queen's, Belfast",81.7,96.5174129353233,94.059405940594,4.0,14.3,73.0,8.0,394.0,88.0715705765407
2013,Architecture,21,38.0,-17.0,Robert Gordon,70.3,76.8775510204082,72.0,6.0,14.9,,2.0,376.0,58.0810681068107
2014,Architecture,38,21.0,17.0,Robert Gordon,49.4,77.5,76.0,4.0,24.4,,6.0,369.0,61.6
2015,Architecture,27,38.0,-11.0,Robert Gordon,55.1,82.5436408977556,78.4313725490196,3.0,21.4,,5.0,416.0,71.4570858283433
2013,Architecture,33,37.0,-4.0,Salford,61.3,75.4419191919192,65.3465346534653,5.0,17.3,,,290.0,53.7626762676268
2014,Architecture,20,33.0,-13.0,Salford,62.6,85.0374064837905,88.1188118811881,5.0,17.5,,,310.0,72.2554890219561
2013,Architecture,7,5.0,2.0,Sheffield,81.6,93.5420792079208,90.0990099009901,6.0,16.3,58.0,5.0,490.0,66.1386138613861
2014,Architecture,9,7.0,2.0,Sheffield,78.4,93.984962406015,90.0,6.0,16.3,72.0,6.0,508.0,68.2634730538922
2015,Architecture,6,9.0,-3.0,Sheffield,76.5999999999999,94.9748743718593,96.9999999999999,5.0,16.3999999999999,71.0,6.0,512.0,80.5220883534136
2013,Architecture,29,25.0,4.0,Sheffield Hallam,65.4,92.9823232323232,96.0,4.0,19.9,39.0,4.0,382.0,71.3282941197346
2014,Architecture,30,29.0,1.0,Sheffield Hallam,56.6,94.75,97.979797979798,4.0,22.0,61.0,4.0,385.0,62.0
2015,Architecture,26,30.0,-4.0,Sheffield Hallam,55.3,93.0,90.9999999999999,4.0,19.1,62.0,3.0,362.0,76.7068273092369
2013,Architecture,39,42.0,-3.0,Southampton Solent,53.9,86.959595959596,87.8787878787879,5.0,27.0,,6.0,220.0,61.7821782178218
2014,Architecture,43,39.0,4.0,Southampton Solent,41.9,84.2105263157895,82.0,5.0,25.0,,,187.0,63.0522088353414
2015,Architecture,44,43.0,1.0,Southampton Solent,40.2999999999999,73.5,67.0,4.0,21.1,,8.0,207.0,57.7154308617234
2013,Architecture,24,26.0,-2.0,Strathclyde,68.8,75.3341584158416,62.3762376237624,6.0,22.5,80.0,5.0,448.0,49.3148514851485
2014,Architecture,16,24.0,-8.0,Strathclyde,66.8,83.6683417085427,68.0,7.0,22.9,82.0,8.0,487.0,54.9098196392786
2015,Architecture,18,16.0,2.0,Strathclyde,64.4,92.5,81.0,5.0,25.5,90.0,7.0,435.0,59.6
2013,Architecture,1,1.0,0.0,UCL,100.0,74.332674646775,79.2079207920792,10.0,11.6,97.0,6.0,480.0,54.9485148514852
2014,Architecture,1,1.0,0.0,UCL,100.0,91.7293233082707,75.0,10.0,11.2,94.0,7.0,497.0,52.5896414342629
2015,Architecture,2,1.0,1.0,UCL,89.0,88.7780548628428,77.0,10.0,10.5,,7.0,501.0,62.4254473161033
2013,Architecture,36,30.0,6.0,Ulster,57.7,69.9116161616162,68.0,4.0,19.2,57.0,7.0,319.0,45.5729612509274
2014,Architecture,33,36.0,-3.0,Ulster,55.1,82.0448877805486,68.3168316831683,6.0,16.8,64.0,6.0,280.0,60.3206412825651
2015,Architecture,36,33.0,3.0,Ulster,50.3,83.25,84.1584158415841,3.0,16.1,44.0,7.0,320.0,64.8
2013,Architecture,37,36.0,1.0,University for the Creative Arts,57.0,84.1136363636364,75.7575757575758,2.0,,,6.0,261.0,67.3272727272727
2014,Architecture,39,37.0,2.0,University for the Creative Arts,45.3,82.5,76.0,2.0,26.2,,8.0,308.0,53.5856573705179
2015,Architecture,34,39.0,-5.0,University for the Creative Arts,50.4,80.0492610837438,82.1782178217821,4.0,17.0,,4.0,327.0,62.1301775147929
2013,Architecture,16,,,University of the Arts London,73.2,61.4306930693069,44.4444444444444,10.0,12.2,,,303.0,49.4946294629463
2014,Architecture,24,16.0,8.0,University of the Arts London,59.9,70.6467661691542,47.0,10.0,,,1.0,320.0,70.8910891089109
2015,Architecture,40,24.0,16.0,University of the Arts London,46.8,86.5671641791044,76.2376237623762,9.0,35.6,,2.0,381.0,68.4
2013,Architecture,15,19.0,-4.0,UWE Bristol,75.0,89.2648514851485,87.0,4.0,23.0,77.0,8.0,324.0,69.4961096109611
2014,Architecture,19,15.0,4.0,UWE Bristol,64.4,92.2305764411027,88.0,3.0,21.9,73.0,7.0,354.0,70.8
2015,Architecture,11,19.0,-8.0,UWE Bristol,72.5999999999999,96.2311557788944,95.0,3.0,19.6,78.0,9.0,353.0,82.7309236947791
2013,Architecture,27,28.0,-1.0,Westminster,65.7,76.049504950495,71.0,4.0,18.9,65.0,7.0,344.0,70.4792079207921
2014,Architecture,42,27.0,15.0,Westminster,44.2,71.6791979949875,73.2673267326733,3.0,20.8,54.0,6.0,379.0,59.0818363273453
2015,Architecture,28,42.0,-14.0,Westminster,54.9,84.3283582089552,80.1980198019802,6.0,20.3,59.0,7.0,362.0,64.3999999999999
2015,Art,60,,,Aberystwyth,36.2999999999999,72.4740440617877,59.3709799949354,3.0,26.2,39.0,5.0,374.0,58.5611884865366
2015,Art,8,,,Arts University Bournemouth,76.8,97.7443609022556,97.0,4.0,10.6,45.0,7.0,331.0,92.0
2015,Art,27,,,Bath Spa,64.4,89.25,90.9999999999999,5.0,17.6,54.0,2.0,391.0,82.4
2015,Art,28,,,Birmingham City,63.5,87.4686716791979,81.8181818181818,5.0,22.0,43.0,5.0,418.0,84.9699398797595
2015,Art,54,,,Bolton,45.6,79.9532789670404,71.5237578803752,3.0,19.8999999999999,56.9999999999999,2.0,307.0,76.6880393864956
2015,Art,13,,,Brighton,72.2,90.0497512437811,94.059405940594,6.0,20.6,39.0,9.0,369.0,83.3333333333333
2015,Art,46,,,Bucks New University,50.2,83.5411471321695,81.0,3.0,14.8,,,283.0,78.5714285714285
2015,Art,61,,,Canterbury Christ Church,31.9,83.0,79.0,2.0,30.9,,4.0,313.0,69.939879759519
2015,Art,45,,,Cardiff Met,51.5,72.2084367245657,66.3366336633663,4.0,16.5,46.0,6.0,319.0,72.9083665338645
2015,Art,16,,,Central Lancashire,70.7,89.5,90.0,4.0,19.6,53.0,6.0,390.0,85.4291417165668
2015,Art,48,,,Chester,48.9,75.187969924812,60.3960396039603,4.0,18.3999999999999,,,322.0,77.0459081836327
2015,Art,56,,,Chichester,41.2,70.2970297029703,61.0,9.0,23.1,,1.0,343.0,68.3266932270916
2015,Art,35,,,Coventry,60.4,89.8263027295285,91.0,4.0,16.3,,3.0,375.0,80.3960396039603
2015,Art,19,,,Cumbria,67.5999999999999,96.75,92.0,3.0,21.2,,,274.0,97.5903614457831
2015,Art,36,,,De Montfort,60.3,82.6732673267326,75.0,3.0,12.5,53.0,3.0,362.0,73.9043824701195
2015,Art,5,,,Derby,83.2,92.0,91.9191919191919,9.0,13.4,,,332.0,87.8
2015,Art,26,,,Dundee,64.5,82.562806251914,82.4918483076377,7.0,17.0,42.0,7.0,404.0,63.5228569982905
2015,Art,51,,,East London,47.5,83.790523690773,76.0,6.0,29.1,47.0,7.0,291.0,70.4590818363273
2015,Art,4,,,Edinburgh,86.3,82.7930174563591,80.0,9.0,17.7,59.0,8.0,481.0,72.1442885771543
2015,Art,17,,,Falmouth,68.5999999999999,84.788029925187,85.7142857142857,4.0,23.4,56.0,8.0,392.0,77.2
2015,Art,11,,,Glasgow School of Art,75.9,82.1608040201005,77.2277227722772,10.0,20.1,47.0,5.0,464.0,73.4530938123752
2015,Art,62,,,Gloucestershire,30.9,67.1679197994987,55.4455445544554,6.0,25.8,,,326.0,54.2
2015,Art,22,,,Glyndwr,66.9,89.9497487437186,93.0,4.0,16.8,48.0,,288.0,91.0179640718563
2015,Art,6,,,Goldsmiths,79.8,90.7730673316708,90.0,5.0,13.8,45.0,9.0,421.0,80.4
2015,Art,44,,,Hertfordshire,53.2,67.0,56.0,8.0,21.8,61.0,4.0,372.0,63.2
2015,Art,41,,,Huddersfield,57.6,93.2835820895522,82.1782178217821,3.0,29.1,,,386.0,85.1485148514851
2015,Art,10,,,Kent,76.5,82.4999999999999,75.0,10.0,9.4,,,364.0,66.3326653306613
2015,Art,43,,,Kingston,56.9,80.4455445544554,72.2772277227722,6.0,16.5,35.0,6.0,375.0,68.2539682539682
2015,Art,8,,,Lancaster,76.8,82.3383084577114,87.0,9.0,16.6,,,426.0,73.4
2015,Art,29,,,Leeds,62.9,87.0,79.0,5.0,19.3999999999999,42.0,4.0,439.0,76.2
2015,Art,24,,,Leeds College of Art,66.3,61.25,64.0,3.0,10.6,54.0,10.0,415.0,52.3046092184368
2015,Art,49,,,Leeds Met,48.8,87.5621890547263,82.1782178217821,3.0,21.1,26.0,7.0,308.0,84.4311377245509
2015,Art,25,,,Lincoln,65.5999999999999,82.3383084577114,80.0,4.0,18.5,74.0,3.0,349.0,75.5999999999999
2015,Art,33,,,Liverpool John Moores,61.5,75.8793969849246,61.0,4.0,13.7,44.0,9.0,386.0,67.6646706586826
2015,Art,56,,,London Met,41.2,79.3017456359102,75.0,2.0,31.1,40.0,5.0,411.0,70.6237424547283
2015,Art,39,,,Loughborough,58.6,76.865671641791,70.0,8.0,16.1,43.0,3.0,445.0,57.8842315369261
2015,Art,42,,,Manchester Met,57.5,78.2520210300186,70.8646616541353,3.0,16.0,46.0,4.0,444.0,68.0125213431986
2015,Art,55,,,Middlesex,44.7,72.0,54.4554455445544,7.0,19.6,,3.0,294.0,68.3999999999999
2015,Art,2,,,Newcastle,98.9,88.0,90.0,10.0,5.09999999999999,53.0,7.0,467.0,81.6
2015,Art,14,,,Northampton,71.5,90.0497512437811,92.0792079207921,8.0,18.3,,3.0,349.0,90.2390438247011
2015,Art,37,,,Northumbria,59.4,80.1488833746898,83.0,6.0,16.3999999999999,41.0,4.0,413.0,73.1462925851703
2015,Art,30,,,Norwich University of the Arts,62.5,91.4786967418546,86.0,4.0,17.6,39.0,4.0,378.0,84.8
2015,Art,31,,,Nottingham Trent,61.8,93.25,93.9393939393939,4.0,14.5,37.0,2.0,363.0,86.8
2015,Art,3,,,Oxford Brookes,94.5,88.0,82.0,7.0,10.0,,8.0,498.0,85.5130784708249
2015,Art,32,,,Plymouth,61.7,75.3768844221105,75.2475247524752,8.0,14.8,44.0,8.0,309.0,76.0479041916167
2015,Art,23,,,Reading,66.5999999999999,88.0,89.8989898989898,4.0,13.5,54.0,,364.0,72.289156626506
2015,Art,15,,,Robert Gordon,70.8,91.75,89.0,4.0,16.5,,6.0,367.0,86.1723446893787
2015,Art,50,,,Salford,47.9,89.25,84.0,3.0,16.3,27.0,4.0,312.0,72.3446893787575
2015,Art,52,,,Sheffield Hallam,47.0,86.25,72.7272727272727,4.0,18.0,26.0,7.0,326.0,73.8
2015,Art,53,,,South Wales,46.2,75.4890936017067,65.5726495726495,3.0,26.8,54.0,8.0,292.0,69.3849236935409
2015,Art,7,,,Southampton,78.2,96.5087281795511,89.1089108910891,8.0,17.0,42.0,7.0,388.0,89.8203592814371
2015,Art,38,,,Southampton Solent,58.8,89.5522388059701,88.9999999999999,3.0,19.3999999999999,,,299.0,92.1999999999999
2015,Art,58,,,Staffordshire,39.6,78.3042394014962,79.0,,15.3,,2.0,248.0,76.1523046092184
2015,Art,21,,,Sunderland,67.3,89.25,78.0,8.0,15.8,39.0,,319.0,82.7655310621242
2015,Art,18,,,Teesside,67.9,93.75,95.9595959595959,5.0,18.3,,,293.0,86.2275449101796
2015,Art,1,,,UCL,100.0,93.75,85.0,10.0,12.8,,8.0,479.0,81.4741035856573
2015,Art,47,,,Ulster,49.3,85.75,81.8181818181818,3.0,23.8,36.0,7.0,348.0,78.4
2015,Art,40,,,University for the Creative Arts,58.4,85.0,86.8686868686868,4.0,12.1,55.0,2.0,340.0,75.4
2015,Art,12,,,University of the Arts London,75.5,83.0423940149625,74.0,10.0,23.4,50.0,7.0,451.0,73.4406438631791
2015,Art,20,,,UWE Bristol,67.5,92.7680798004987,92.0,3.0,22.7,46.0,7.0,376.0,92.2465208747514
2015,Art,59,,,Worcester,36.4,79.5,71.0,2.0,18.3999999999999,,,317.0,64.6123260437375
2015,Art,34,,,York St John,60.5,88.8059701492537,85.0,5.0,14.9,,,316.0,74.4
2014,Art and design,81,,,Abertay Dundee,38.0,,,1.0,38.1,,3.0,366.0,
2013,Art and design,28,8.0,20.0,Aberystwyth,61.9,89.9722222222222,77.0,3.0,21.3,38.0,10.0,310.0,65.2065606560656
2014,Art and design,36,28.0,8.0,Aberystwyth,63.4,91.5,82.0,3.0,21.2,46.0,8.0,351.0,70.3187250996016
2013,Art and design,40,52.0,-12.0,Anglia Ruskin,57.1,80.266415731315,75.7786374663956,8.0,16.7,35.0,4.0,256.0,73.3294953988826
2014,Art and design,26,40.0,-14.0,Anglia Ruskin,66.8,88.0076993623948,78.9966269354208,8.0,17.8,40.0,7.0,303.0,77.7088417444579
2013,Art and design,41,45.0,-4.0,"Arts UC, Bournemouth",56.9,89.4756997344756,90.5040885040885,3.0,26.2,59.0,5.0,278.0,74.7347395422058
2014,Art and design,19,,,Arts University Bournemouth,71.8,90.1885787342851,92.0150901729849,4.0,18.4,60.0,5.0,317.0,83.1392907272034
2013,Art and design,28,16.0,12.0,Bangor,61.9,89.121759622938,83.6072727272727,6.0,18.7,,,278.0,72.2199848799395
2013,Art and design,32,31.0,1.0,Bath Spa,60.1,82.9385783298827,76.1925465838509,6.0,20.8,56.0,4.0,291.0,69.8742633269538
2014,Art and design,60,32.0,28.0,Bath Spa,54.4,80.9526586759598,78.2364341085271,6.0,22.0,51.0,4.0,330.0,63.4751887844761
2013,Art and design,66,32.0,34.0,Bedfordshire,47.8,75.1889613489651,68.8783859518027,7.0,18.3,37.0,5.0,188.0,64.2259882592033
2014,Art and design,70,66.0,4.0,Bedfordshire,48.9,80.555670139605,73.6211221122112,5.0,24.2,47.0,3.0,210.0,71.2869041034397
2013,Art and design,14,48.0,-34.0,Birmingham City,68.3,78.1604524389144,71.4999381188119,8.0,19.9,47.0,10.0,312.0,72.8465904901721
2014,Art and design,47,14.0,33.0,Birmingham City,60.2,72.4336304075482,68.2534498699438,7.0,19.5,51.0,3.0,383.0,70.2942814822971
2013,Art and design,53,73.0,-20.0,Bolton,53.5,87.1331278862524,83.4064516129032,4.0,16.8,29.0,3.0,254.0,80.903111859573
2014,Art and design,64,53.0,11.0,Bolton,52.3,87.6215827747655,87.2238771899789,4.0,23.0,32.0,2.0,285.0,85.2646343770413
2013,Art and design,44,48.0,-4.0,Bournemouth,56.4,83.8268878169868,74.0,4.0,23.0,63.0,4.0,311.0,58.2910891089109
2014,Art and design,50,44.0,6.0,Bournemouth,57.8,80.4511278195489,76.2376237623762,5.0,23.8,62.0,4.0,336.0,63.8
2013,Art and design,9,23.0,-14.0,Brighton,71.1,86.9736385509823,83.343106794533,9.0,14.0,40.0,6.0,298.0,72.2777762141123
2014,Art and design,12,9.0,3.0,Brighton,74.5,89.0704885575564,83.6606727712673,9.0,13.2,48.0,6.0,323.0,75.7086542994974
2013,Art and design,2,3.0,-1.0,Brunel,92.8,95.2323232323232,94.0,8.0,21.2,73.0,7.0,399.0,88.3792779277928
2014,Art and design,4,2.0,2.0,Brunel,85.4,92.0,94.949494949495,8.0,20.5,79.0,7.0,403.0,81.0756972111554
2013,Art and design,70,28.0,42.0,Bucks New University,45.5,73.0222098587013,63.3647974462874,4.0,25.1,45.0,4.0,268.0,69.1931559159424
2014,Art and design,73,70.0,3.0,Bucks New University,47.0,75.4077790658109,72.2482530342037,4.0,26.0,51.0,2.0,267.0,69.9439159234071
2013,Art and design,49,51.0,-2.0,Canterbury Christ Church,55.1,86.799504950495,91.0891089108911,2.0,21.4,,8.0,262.0,65.8561456145614
2014,Art and design,55,49.0,6.0,Canterbury Christ Church,56.0,78.360922467459,85.3521239220696,2.0,19.1,,7.0,268.0,73.27674057793
2013,Art and design,38,,,Cardiff Met,58.4,82.2200776895108,75.9199372056515,7.0,17.7,35.0,4.0,289.0,74.3009208744525
2014,Art and design,74,38.0,36.0,Cardiff Met,46.8,74.5933352584497,61.9850761694124,4.0,23.4,37.0,5.0,306.0,62.028646630561
2013,Art and design,43,53.0,-10.0,Central Lancashire,56.5,83.199450754611,80.6032075336228,5.0,21.0,48.0,4.0,266.0,73.4798909678859
2014,Art and design,55,43.0,12.0,Central Lancashire,56.0,81.8125150313454,77.5776011009257,5.0,22.1,50.0,3.0,273.0,77.2259862112887
2013,Art and design,31,62.0,-31.0,Chester,60.6,78.4855553898546,76.449796653922,4.0,16.1,63.0,3.0,305.0,73.9191204800077
2014,Art and design,48,31.0,17.0,Chester,59.4,80.4481537102429,85.4576179145856,3.0,16.9,58.0,3.0,328.0,74.6270251371191
2013,Art and design,26,50.0,-24.0,Chichester,62.9,81.0767326732673,81.0,4.0,17.2,,7.0,328.0,66.9393939393939
2014,Art and design,23,26.0,-3.0,Chichester,67.6,90.0249376558604,91.0,4.0,19.8,,5.0,293.0,83.8323353293413
2013,Art and design,18,35.0,-17.0,Coventry,66.9,78.4380553243038,72.9205708966801,3.0,18.8,69.0,10.0,297.0,65.0263113999514
2014,Art and design,14,18.0,-4.0,Coventry,73.6,85.0221066573176,78.1640954793154,4.0,16.1,71.0,9.0,349.0,74.9502692942312
2013,Art and design,75,71.0,4.0,Cumbria,41.6,71.0753603724696,54.6024315006351,3.0,17.6,37.0,3.0,302.0,58.6845719302469
2014,Art and design,66,75.0,-9.0,Cumbria,51.2,83.2514086760422,79.2962962962963,2.0,22.1,39.0,4.0,273.0,78.2577550694108
2013,Art and design,54,54.0,0.0,De Montfort,52.3,79.811513117256,74.3529411764706,4.0,17.2,46.0,4.0,282.0,65.4531686698506
2014,Art and design,59,54.0,5.0,De Montfort,54.8,79.5835211168865,75.7791164658634,3.0,20.5,50.0,6.0,298.0,67.7108194376553
2013,Art and design,45,59.0,-14.0,Derby,56.1,82.4750300611456,75.4593773330821,8.0,19.6,43.0,2.0,291.0,77.5110124635412
2014,Art and design,53,45.0,8.0,Derby,57.4,81.3779250562588,81.047066282983,8.0,18.6,38.0,3.0,318.0,74.2029414372049
2013,Art and design,19,19.0,0.0,Dundee,65.7,73.6535053505351,71.8737750698147,8.0,15.4,41.0,6.0,364.0,66.8015380524646
2014,Art and design,40,19.0,21.0,Dundee,62.4,70.4942414004986,68.6024458301686,8.0,16.9,51.0,4.0,386.0,63.6797703947573
2013,Art and design,79,79.0,0.0,East London,35.0,78.7642094897692,72.8901435087329,2.0,27.0,39.0,5.0,177.0,71.6846138319934
2014,Art and design,83,79.0,4.0,East London,30.8,68.0632663917803,61.2814535889744,3.0,,30.0,3.0,246.0,61.4823304004644
2013,Art and design,6,15.0,-9.0,Edinburgh,75.7,94.9748743718593,84.8484848484848,7.0,16.0,54.0,6.0,405.0,61.5230460921844
2014,Art and design,20,6.0,14.0,Edinburgh,71.0,82.8020331425616,76.4736842105263,7.0,16.6,57.0,7.0,405.0,64.0361319769092
2013,Art and design,62,42.0,20.0,Edinburgh Napier,48.7,75.3688118811881,72.0,4.0,20.7,45.0,3.0,338.0,58.0282228222822
2014,Art and design,38,62.0,-24.0,Edinburgh Napier,63.1,85.0,81.0,4.0,19.2,55.0,4.0,372.0,73.4530938123753
2013,Art and design,32,20.0,12.0,Essex,60.1,94.2594475350086,88.8241758241758,10.0,21.3,43.0,3.0,230.0,65.0062512337962
2014,Art and design,57,32.0,25.0,Essex,55.6,83.349702680781,77.9108910891089,7.0,16.9,38.0,2.0,228.0,82.2484042323167
2014,Art and design,46,,,Falmouth,60.3,82.9465510715538,83.4003974167909,5.0,25.1,52.0,5.0,313.0,73.3420799978702
2013,Art and design,20,22.0,-2.0,Glamorgan,65.3,83.622516386977,81.2421964000912,5.0,14.6,34.0,9.0,279.0,75.5150640504024
2014,Art and design,10,8.0,2.0,Glasgow,75.8,94.7568578553616,94.5348837209302,6.0,22.1,,,463.0,71.868894452322
2014,Art and design,62,,,Glasgow Caledonian,53.2,83.6683417085427,76.7676767676768,2.0,19.6,35.0,10.0,371.0,46.6666666666667
2013,Art and design,12,7.0,5.0,Glasgow School of Art,70.3,77.904964102682,76.0403686710134,9.0,18.1,57.0,4.0,382.0,65.4452539438869
2014,Art and design,30,12.0,18.0,Glasgow School of Art,65.5,76.7427082899394,75.1769377774598,10.0,17.1,46.0,3.0,404.0,66.8033255993665
2013,Art and design,50,39.0,11.0,Gloucestershire,54.8,81.8956157602062,78.6093855960938,3.0,22.6,35.0,6.0,306.0,77.2217312142173
2014,Art and design,78,50.0,28.0,Gloucestershire,43.6,72.6874359707646,68.9814271749756,4.0,28.9,37.0,5.0,309.0,66.5889363907242
2013,Art and design,77,77.0,0.0,Glyndwr,38.4,63.2832639674561,53.1788204907447,4.0,20.8,46.0,4.0,223.0,67.864379394744
2014,Art and design,51,77.0,-26.0,Glyndwr,57.7,79.6838923212095,75.0909090909091,6.0,19.5,48.0,6.0,225.0,75.5713978494624
2013,Art and design,8,11.0,-3.0,Goldsmiths,73.3,91.3939282769519,91.6370839936609,5.0,15.8,48.0,7.0,333.0,72.2311201960132
2014,Art and design,7,8.0,-1.0,Goldsmiths,80.9,88.0605834464043,82.6093518442754,4.0,15.5,52.0,10.0,471.0,67.1127066398885
2013,Art and design,54,63.0,-9.0,Greenwich,52.3,84.7920792079208,70.2970297029703,4.0,19.9,31.0,,268.0,79.8727472747275
2014,Art and design,39,54.0,-15.0,Greenwich,62.9,74.3073047858942,73.7373737373737,7.0,17.5,52.0,,277.0,84.5381526104418
2013,Art and design,23,18.0,5.0,Heriot-Watt,64.7,77.5846732632447,81.0,9.0,24.3,71.0,5.0,343.0,58.1373737373737
2014,Art and design,18,23.0,-5.0,Heriot-Watt,72.4,86.81592039801,84.1584158415842,8.0,23.3,71.0,8.0,344.0,66.6003976143141
2013,Art and design,35,44.0,-9.0,Hertfordshire,59.7,81.5912282302754,77.6999970360988,7.0,23.0,50.0,7.0,280.0,72.2248622586103
2014,Art and design,58,35.0,23.0,Hertfordshire,55.1,77.3766341268686,71.0175719294504,7.0,22.8,41.0,6.0,312.0,68.1298646789022
2013,Art and design,15,23.0,-8.0,Huddersfield,68.1,85.0660771103602,82.3472321872068,4.0,16.2,60.0,5.0,309.0,74.6894103125671
2014,Art and design,27,15.0,12.0,Huddersfield,66.1,79.8832812657379,75.3882386919032,4.0,18.1,62.0,6.0,330.0,76.0579053916256
2013,Art and design,71,66.0,5.0,Hull,44.2,77.16787702727,69.1993817619784,5.0,21.3,30.0,,260.0,56.6817390695778
2014,Art and design,54,71.0,-17.0,Hull,56.8,85.337314978373,78.504495857749,5.0,20.3,38.0,7.0,305.0,68.7307008056679
2013,Art and design,13,12.0,1.0,Kent,70.0,76.0726703285822,62.9295366749268,8.0,15.6,64.0,8.0,313.0,56.5577695300482
2014,Art and design,6,13.0,-7.0,Kent,81.3,83.0574529904242,77.7891278375149,9.0,13.6,65.0,10.0,355.0,61.1769194644623
2013,Art and design,9,10.0,-1.0,Kingston,71.1,85.1570183755272,80.1882077313549,5.0,16.3,53.0,9.0,329.0,65.9253237233134
2014,Art and design,11,9.0,2.0,Kingston,74.6,85.670429099987,80.7813096921612,5.0,16.0,53.0,8.0,467.0,69.5217735953095
2013,Art and design,4,9.0,-5.0,Lancaster,88.0,81.7945544554456,80.0,10.0,11.8,,8.0,447.0,74.6585858585858
2014,Art and design,3,4.0,-1.0,Lancaster,90.2,84.75,87.0,10.0,12.9,69.0,8.0,445.0,80.4828973843058
2013,Art and design,35,57.0,-22.0,Leeds,59.7,77.7388150821016,70.461358959625,4.0,23.8,62.0,6.0,384.0,65.4335538696642
2014,Art and design,29,35.0,-6.0,Leeds,65.6,84.1974513425058,79.6448430952808,5.0,23.0,58.0,6.0,412.0,75.0615808176598
2014,Art and design,8,,,Leeds College of Art,78.1,91.2151257587714,90.4728974728975,3.0,9.9,,9.0,273.0,82.824834496599
2013,Art and design,67,55.0,12.0,Leeds Met,46.9,83.8089336269267,82.8075658546247,3.0,19.7,34.0,4.0,226.0,78.2926748228804
2014,Art and design,75,67.0,8.0,Leeds Met,46.5,81.3677450677541,75.9479553903346,2.0,20.2,40.0,2.0,243.0,75.5167937913772
2013,Art and design,17,25.0,-8.0,Lincoln,67.0,82.5380261927292,78.0652790553781,4.0,19.6,72.0,3.0,325.0,75.4688618312381
2014,Art and design,35,17.0,18.0,Lincoln,63.8,86.1114621783556,80.0604173320558,4.0,18.5,71.0,1.0,325.0,77.5716561588111
2013,Art and design,61,80.0,-19.0,Liverpool John Moores,49.3,77.8198993449433,74.4446397188049,4.0,20.8,29.0,8.0,236.0,72.2126631270332
2014,Art and design,42,61.0,-19.0,Liverpool John Moores,61.7,81.9852227664376,76.6100766703176,4.0,27.0,46.0,9.0,318.0,80.4588413534377
2013,Art and design,81,82.0,-1.0,London Met,29.1,62.3190987174827,50.8541226215645,2.0,27.6,45.0,7.0,254.0,45.9090989098321
2014,Art and design,82,81.0,1.0,London Met,35.5,70.4656702762111,57.9839191972889,2.0,31.6,45.0,4.0,274.0,63.6291680170833
2013,Art and design,76,,,London South Bank,38.9,71.3863636363636,49.0,4.0,,,4.0,207.0,57.2249698995874
2014,Art and design,79,76.0,3.0,London South Bank,41.3,74.5414444022394,63.2119205298013,5.0,33.2,51.0,3.0,265.0,66.0747755573804
2013,Art and design,11,13.0,-2.0,Loughborough,71.0,83.5269766765958,78.6993771957841,7.0,16.2,38.0,10.0,318.0,70.8693238957221
2014,Art and design,12,11.0,1.0,Loughborough,74.5,80.825691054055,75.5526425882025,8.0,16.3,58.0,8.0,428.0,65.2285855980956
2013,Art and design,68,,,Manchester,45.8,70.2970297029703,67.3267326732673,3.0,16.9,,3.0,348.0,46.2019801980198
2014,Art and design,51,68.0,-17.0,Manchester,57.7,79.6019900497512,81.0,4.0,15.9,,,447.0,55.2
2013,Art and design,58,61.0,-3.0,Manchester Met,51.7,71.8727316557449,64.5898754939238,3.0,20.0,46.0,6.0,318.0,65.8142026626814
2014,Art and design,22,58.0,-36.0,Manchester Met,67.9,78.8890088677613,75.0777464381283,3.0,19.3,54.0,7.0,451.0,73.0400802256284
2013,Art and design,63,45.0,18.0,Middlesex,48.6,71.0222475134232,65.9034625433098,10.0,25.8,47.0,3.0,249.0,61.0930425058484
2014,Art and design,67,63.0,4.0,Middlesex,50.3,72.1167361154301,57.7957861524072,9.0,28.1,56.0,4.0,279.0,62.523654186911
2013,Art and design,5,5.0,0.0,Newcastle,85.0,95.2247474747475,93.9393939393939,7.0,15.4,35.0,7.0,423.0,87.8336633663366
2014,Art and design,5,5.0,0.0,Newcastle,84.0,93.7185929648241,95.049504950495,7.0,14.6,52.0,6.0,498.0,75.5511022044088
2014,Art and design,65,,,Newman University,52.1,87.0324189526185,80.1980198019802,3.0,24.2,,,305.0,79.5180722891566
2013,Art and design,60,74.0,-14.0,Newport,49.6,76.8052442230524,69.0051196900512,3.0,26.1,43.0,6.0,299.0,73.1879276336856
2013,Art and design,54,41.0,13.0,Northampton,52.3,72.4102564102564,63.2550608907045,8.0,19.1,35.0,9.0,242.0,59.641901292074
2014,Art and design,17,54.0,-37.0,Northampton,72.6,86.6351077911396,82.1437862794544,9.0,19.2,51.0,8.0,349.0,75.7869397885206
2013,Art and design,30,65.0,-35.0,Northumbria,61.4,77.0236176784435,71.1720199857245,6.0,13.9,51.0,4.0,311.0,65.081617026799
2014,Art and design,24,30.0,-6.0,Northumbria,67.4,83.7392121534727,82.1124420134321,6.0,15.0,56.0,4.0,328.0,74.5566112909801
2013,Art and design,39,38.0,1.0,Norwich UC of the Arts,58.1,83.9607571868298,78.627417027417,3.0,22.0,54.0,6.0,286.0,73.4850225392981
2014,Art and design,34,,,Norwich University of the Arts,63.9,85.9474543967043,85.8638469110069,4.0,22.5,55.0,6.0,323.0,81.3329958362041
2013,Art and design,34,36.0,-2.0,Nottingham Trent,59.8,77.9684696506386,77.2496217763369,5.0,17.4,59.0,3.0,313.0,65.5982884208746
2014,Art and design,33,34.0,-1.0,Nottingham Trent,64.7,84.1725690820109,85.9728851941241,6.0,17.8,59.0,4.0,338.0,72.4537319747558
2013,Art and design,3,1.0,2.0,Oxford,90.5,93.0,95.959595959596,,16.4,,9.0,412.0,81.1244979919679
2014,Art and design,2,3.0,-1.0,Oxford,92.4,94.7368421052632,95.959595959596,,17.6,,9.0,504.0,76.1044176706827
2013,Art and design,50,56.0,-6.0,Oxford Brookes,54.8,73.3190017391891,66.4738411341134,4.0,23.3,50.0,10.0,305.0,55.5848822382238
2014,Art and design,9,50.0,-41.0,Oxford Brookes,76.6,90.0211625604481,84.4896254842876,9.0,16.9,58.0,7.0,366.0,77.6807790772284
2013,Art and design,24,28.0,-4.0,Plymouth,64.6,79.868471931113,73.1318827605554,9.0,18.5,48.0,7.0,285.0,71.0295004523011
2014,Art and design,16,24.0,-8.0,Plymouth,73.4,90.1164838636886,89.0865265760198,8.0,18.2,45.0,8.0,303.0,82.5214836088022
2013,Art and design,47,69.0,-22.0,Portsmouth,55.7,83.3791152263374,76.5547476043901,5.0,22.5,44.0,6.0,273.0,74.7161387766056
2014,Art and design,28,47.0,-19.0,Portsmouth,65.7,87.3993174302156,83.9259259259259,6.0,21.0,42.0,7.0,349.0,78.6358058294186
2013,Art and design,72,72.0,0.0,Ravensbourne,44.1,76.4861236123612,62.6262626262626,1.0,36.2,67.0,5.0,285.0,71.0554455445544
2014,Art and design,75,72.0,3.0,Ravensbourne,46.5,70.049504950495,61.0,3.0,27.8,60.0,7.0,267.0,65.0698602794411
2013,Art and design,7,6.0,1.0,Reading,74.7,89.4182168216822,88.0924092409241,4.0,15.3,57.0,8.0,367.0,68.3750841750842
2014,Art and design,14,7.0,7.0,Reading,73.6,90.8947780781134,91.4094488188976,4.0,16.5,62.0,6.0,359.0,76.3791134673903
2013,Art and design,37,39.0,-2.0,Robert Gordon,59.6,67.4541898531346,65.3073031521598,5.0,14.9,55.0,5.0,342.0,66.5214553132574
2014,Art and design,49,37.0,12.0,Robert Gordon,58.7,78.8732854108727,77.2140077821012,4.0,17.7,58.0,1.0,346.0,74.5259562914394
2013,Art and design,27,26.0,1.0,Roehampton,62.0,90.4834122558772,85.0641243899671,2.0,20.3,62.0,8.0,287.0,66.490024652642
2014,Art and design,37,27.0,10.0,Roehampton,63.3,86.1493055555555,78.2413954358399,2.0,17.9,63.0,8.0,310.0,72.3422356091031
2013,Art and design,48,78.0,-30.0,Salford,55.6,86.4031178243453,82.5878899447734,3.0,16.8,38.0,3.0,251.0,78.0811914357265
2014,Art and design,32,48.0,-16.0,Salford,65.1,88.9975317348378,86.3991394908179,3.0,19.3,48.0,7.0,286.0,83.5101164246688
2013,Art and design,73,67.0,6.0,Sheffield Hallam,42.8,75.1834899267151,62.818600700827,4.0,21.2,40.0,2.0,308.0,59.0113284527917
2014,Art and design,61,73.0,-12.0,Sheffield Hallam,53.9,83.122505030746,80.9074240839454,4.0,21.1,37.0,4.0,319.0,75.1459692904544
2013,Art and design,52,45.0,7.0,Southampton,54.2,74.1868772340493,61.9649511277006,7.0,16.3,41.0,2.0,385.0,53.1367728466137
2014,Art and design,25,52.0,-27.0,Southampton,66.9,90.9317040180785,88.8109758711063,8.0,16.7,38.0,3.0,342.0,80.4807205291539
2013,Art and design,79,75.0,4.0,Southampton Solent,35.0,70.9809593870098,65.1129824324552,3.0,20.6,34.0,2.0,251.0,56.8921645412818
2014,Art and design,68,79.0,-11.0,Southampton Solent,49.5,81.1135491292845,78.897740171293,3.0,21.4,37.0,4.0,291.0,69.621329588853
2013,Art and design,59,60.0,-1.0,Staffordshire,49.8,79.177703830493,72.5882352941176,9.0,26.4,40.0,4.0,267.0,65.7223912424963
2014,Art and design,63,59.0,4.0,Staffordshire,52.5,77.3234760091552,75.1709271485808,9.0,22.2,45.0,2.0,258.0,65.9887175369931
2013,Art and design,57,32.0,25.0,Sunderland,52.1,76.7678607515924,73.7516510271717,8.0,17.1,31.0,3.0,253.0,72.3820386636365
2014,Art and design,70,57.0,13.0,Sunderland,48.9,72.6580210063592,66.2190092025076,9.0,16.2,23.0,4.0,263.0,62.6800284382284
2013,Art and design,25,43.0,-18.0,Teesside,64.4,83.6414527651312,78.2542372881356,8.0,18.4,41.0,3.0,321.0,79.9444375182452
2014,Art and design,41,25.0,16.0,Teesside,61.9,84.6105527638191,82.5882352941176,7.0,20.4,41.0,3.0,352.0,78.5976894966403
2013,Art and design,21,17.0,4.0,UC Falmouth,65.0,88.1189683990821,86.4349775784753,6.0,23.6,54.0,6.0,283.0,77.3086075671203
2013,Art and design,46,68.0,-22.0,UC Suffolk,55.8,84.2192976054362,72.1998929622692,,16.7,36.0,3.0,284.0,76.4817989907099
2014,Art and design,43,46.0,-3.0,UC Suffolk,61.6,89.834017236685,78.7625,,19.7,54.0,2.0,303.0,78.6753311298959
2013,Art and design,1,2.0,-1.0,UCL,100.0,93.8005211047421,96.0,10.0,12.4,,10.0,407.0,74.1295953124724
2014,Art and design,1,1.0,0.0,UCL,100.0,91.749731471536,90.9857011675193,10.0,12.5,,10.0,439.0,72.8903770927867
2013,Art and design,64,58.0,6.0,Ulster,48.4,78.9658188315272,72.0893675115203,3.0,19.6,38.0,3.0,301.0,68.5136490883443
2014,Art and design,68,64.0,4.0,Ulster,49.5,78.2967215600517,70.4512778221576,3.0,19.6,32.0,5.0,295.0,70.2712225850201
2013,Art and design,74,64.0,10.0,University for the Creative Arts,42.6,79.458539982122,71.2250251593425,4.0,21.7,43.0,2.0,261.0,66.9122630915761
2014,Art and design,72,74.0,-2.0,University for the Creative Arts,48.7,76.8004506273364,71.3383074098501,4.0,21.7,44.0,3.0,311.0,66.8319009073671
2013,Art and design,16,,,University of the Arts London,67.8,80.2103966344565,72.4199199199199,9.0,19.0,53.0,6.0,305.0,69.7521769296942
2014,Art and design,31,16.0,15.0,University of the Arts London,65.2,81.3124923061304,75.9696918292338,9.0,23.9,53.0,6.0,319.0,72.2103159102671
2013,Art and design,21,27.0,-6.0,UWE Bristol,65.0,84.4566150789836,84.6796116504854,4.0,22.9,57.0,8.0,287.0,77.0405642011236
2014,Art and design,21,21.0,0.0,UWE Bristol,69.2,86.1416861322838,80.8333443501518,3.0,25.0,58.0,8.0,388.0,79.1735569049937
2013,Art and design,65,,,West London,48.1,68.9459805355536,58.6014851485148,10.0,15.6,42.0,1.0,220.0,63.4796548754689
2014,Art and design,77,65.0,12.0,West London,43.9,61.4407201740325,46.4754725472547,9.0,17.5,33.0,3.0,216.0,60.1084284259102
2013,Art and design,41,30.0,11.0,Westminster,56.9,65.9421197683824,60.2340908037111,5.0,18.0,58.0,8.0,294.0,56.6398979775266
2014,Art and design,45,41.0,4.0,Westminster,60.8,76.3423021544572,73.95549009982,4.0,24.1,49.0,8.0,429.0,62.1986659808157
2013,Art and design,78,81.0,-3.0,Worcester,35.8,76.7818185413648,73.4702926396689,2.0,32.0,,4.0,303.0,63.5833684166525
2014,Art and design,80,78.0,2.0,Worcester,39.0,70.903459153788,67.4051254029491,2.0,27.1,32.0,8.0,296.0,60.2566277823664
2013,Art and design,69,70.0,-1.0,York St John,45.7,71.1999865915795,62.9380530973451,6.0,20.2,35.0,2.0,283.0,66.4014843962272
2014,Art and design,43,69.0,-26.0,York St John,61.6,71.5056909009527,66.9124989422019,9.0,17.7,,8.0,305.0,64.4635134674975
2013,Biosciences,19,32.0,-13.0,Aberdeen,73.9,91.7787139602483,92.8223828353454,8.0,10.5,42.0,8.0,379.0,66.2029487150075
2014,Biosciences,22,19.0,3.0,Aberdeen,65.8,86.3454902070663,87.6168020234482,9.0,12.1,63.0,5.0,429.0,60.0900043453216
2015,Biosciences,35,22.0,13.0,Aberdeen,69.4,91.188152228314,87.7120396542671,8.0,12.4,56.0,5.0,416.0,64.3273931133482
2014,Biosciences,55,,,Abertay Dundee,52.5,87.9396984924623,82.8282828282828,3.0,10.8,,,339.0,59.5190380761523
2015,Biosciences,67,55.0,12.0,Abertay Dundee,60.1,85.3233830845771,80.0,3.0,15.0,,10.0,373.0,46.3073852295409
2013,Biosciences,60,56.0,4.0,Aberystwyth,61.3,91.8395328926832,91.8125412541254,10.0,20.9,32.0,3.0,298.0,67.5623822382238
2014,Biosciences,50,60.0,-10.0,Aberystwyth,54.1,87.0234435693066,88.774321303098,10.0,18.1,55.0,2.0,326.0,58.3636421229556
2015,Biosciences,70,50.0,20.0,Aberystwyth,59.7,86.7006073768206,88.8081939228405,10.0,18.2,53.0,2.0,333.0,54.7451282174606
2013,Biosciences,80,91.0,-11.0,Anglia Ruskin,53.2,83.2140065545016,76.8646153846154,4.0,18.1,53.0,4.0,243.0,63.441215506166
2014,Biosciences,86,80.0,6.0,Anglia Ruskin,41.9,89.9980119146578,86.0294051627385,4.0,18.1,40.0,4.0,257.0,68.1695517124121
2015,Biosciences,81,86.0,-5.0,Anglia Ruskin,56.7,90.9108773219188,87.3904320987654,5.0,20.5,56.0,5.0,249.0,66.4209741891877
2013,Biosciences,39,57.0,-18.0,Aston,67.5,90.6632747577083,86.2493667971448,4.0,16.8,57.0,6.0,336.0,66.317187067544
2014,Biosciences,18,39.0,-21.0,Aston,68.0,94.1283239933761,94.5478081788761,6.0,17.4,72.0,7.0,395.0,73.3310297286786
2015,Biosciences,32,18.0,14.0,Aston,71.7,92.8261361901369,92.9432208526975,5.0,16.5,54.0,7.0,375.0,75.4960035704142
2013,Biosciences,88,86.0,2.0,Bangor,49.4,81.5597995041313,79.3880192496359,5.0,23.3,50.0,3.0,312.0,53.1172021002407
2014,Biosciences,80,88.0,-8.0,Bangor,43.1,82.8898069111395,78.6245926807871,5.0,17.5,50.0,6.0,340.0,51.4191139043828
2015,Biosciences,66,80.0,-14.0,Bangor,60.2,83.565793347251,83.7002254255944,5.0,19.5,63.0,6.0,316.0,65.1189128990396
2013,Biosciences,10,15.0,-5.0,Bath,77.6,92.428403889078,96.2092838497333,6.0,13.3,70.0,8.0,440.0,56.8652464233714
2014,Biosciences,8,10.0,-2.0,Bath,74.7,93.716765971433,92.5021076121994,6.0,14.3,70.0,9.0,458.0,68.3373225241808
2015,Biosciences,14,8.0,6.0,Bath,81.2,93.9959482384541,95.75309143544,5.0,15.4,79.0,7.0,466.0,70.3503683745025
2013,Biosciences,77,52.0,25.0,Bath Spa,55.1,89.1862170087976,79.9543825350277,2.0,20.4,38.0,7.0,281.0,72.5350928641251
2014,Biosciences,49,77.0,-28.0,Bath Spa,54.4,88.7674299118982,90.2539869596716,2.0,20.6,51.0,10.0,313.0,71.4937621275442
2015,Biosciences,37,49.0,-12.0,Bath Spa,68.5999999999999,90.3280502318862,90.9183462614667,3.0,19.1,57.9999999999999,9.0,295.0,84.6290773532152
2013,Biosciences,94,95.0,-1.0,Bedfordshire,45.1,67.8662723826923,51.7989595569726,4.0,17.8,,7.0,200.0,47.4456420994545
2014,Biosciences,79,94.0,-15.0,Bedfordshire,44.3,84.7241161155316,80.811479206173,3.0,19.8,,3.0,215.0,70.5398058252427
2015,Biosciences,95,79.0,16.0,Bedfordshire,46.8,82.9999999999999,80.0,3.0,25.5,,,234.0,65.9362549800796
2013,Biosciences,20,40.0,-20.0,Birmingham,73.4,95.9042545630402,95.5361073825503,8.0,18.3,68.0,5.0,427.0,54.8463195871202
2014,Biosciences,17,20.0,-3.0,Birmingham,68.6,91.3400360006192,91.4198453817984,9.0,17.7,74.0,7.0,442.0,56.3917903154873
2015,Biosciences,17,17.0,0.0,Birmingham,79.8,92.546267189575,91.9823015718998,9.0,16.8999999999999,81.0,6.0,431.0,65.1616811190585
2013,Biosciences,85,82.0,3.0,Bolton,50.7,75.6064356435644,71.0,3.0,17.9,,,270.0,59.5177917791779
2014,Biosciences,96,85.0,11.0,Bolton,32.0,82.0,70.0,2.0,24.8,,,241.0,59.0
2015,Biosciences,84,96.0,-12.0,Bolton,53.5,91.5211970074813,79.7979797979798,2.0,17.3,,,243.0,62.4750499001996
2013,Biosciences,97,,,Bournemouth,32.2,71.1636664762166,44.8378378378378,3.0,32.5,35.0,5.0,276.0,54.3513674564034
2014,Biosciences,96,97.0,-1.0,Bournemouth,32.0,87.3865101487393,78.4203725457292,2.0,37.4,32.0,7.0,323.0,78.1783451801239
2015,Biosciences,97,96.0,1.0,Bournemouth,45.3,90.7407151572166,83.9021276595744,2.0,42.4,43.0,5.0,307.0,74.6399563780922
2013,Biosciences,72,76.0,-4.0,Bradford,56.9,87.1591612168495,87.9020933379253,4.0,15.7,51.0,2.0,307.0,65.1751342140098
2014,Biosciences,45,72.0,-27.0,Bradford,55.5,84.6256537908635,82.5190547535881,7.0,16.0,67.0,3.0,333.0,68.057242563668
2015,Biosciences,42,45.0,-3.0,Bradford,66.9,81.9589679762499,82.0,6.0,14.2,64.0,6.0,312.0,68.9439485030667
2013,Biosciences,47,51.0,-4.0,Brighton,63.6,91.5,98.019801980198,8.0,13.6,32.0,4.0,286.0,75.2646464646465
2014,Biosciences,34,47.0,-13.0,Brighton,59.2,86.5336658354114,86.0,7.0,15.7,66.0,7.0,312.0,69.0763052208835
2015,Biosciences,76,34.0,42.0,Brighton,58.4,85.5,85.1485148514851,6.0,16.5,48.0,7.0,305.0,59.2369477911646
2013,Biosciences,6,10.0,-4.0,Bristol,81.8,93.4743056329209,93.5666128498901,5.0,11.6,68.0,7.0,466.0,74.5884303212132
2014,Biosciences,6,6.0,0.0,Bristol,76.4,92.1736463593819,94.7028555072256,8.0,11.4,71.0,7.0,469.0,72.8399091382761
2015,Biosciences,6,6.0,0.0,Bristol,85.9,93.8276347047074,95.6742797502499,8.0,11.3,72.0,5.0,470.0,78.2906289533807
2013,Biosciences,51,70.0,-19.0,Brunel,63.2,90.7673267326733,90.0990099009901,3.0,20.1,62.0,3.0,328.0,73.1643564356436
2014,Biosciences,36,51.0,-15.0,Brunel,58.7,90.6801007556675,91.9191919191919,3.0,18.5,56.0,7.0,365.0,75.6
2015,Biosciences,56,36.0,20.0,Brunel,63.2,91.0224438902743,92.079207920792,3.0,17.2,57.9999999999999,4.0,359.0,72.8542914171656
2013,Biosciences,1,1.0,0.0,Cambridge,100.0,93.25,96.0,10.0,10.7,80.0,6.0,628.0,77.4424108871092
2014,Biosciences,1,1.0,0.0,Cambridge,100.0,93.5162094763092,95.959595959596,10.0,10.2,81.0,8.0,651.0,79.0744466800805
2015,Biosciences,1,1.0,0.0,Cambridge,100.0,93.9986733177669,94.9441346172401,,10.6,86.0,6.0,665.0,77.3359840954274
2013,Biosciences,81,50.0,31.0,Canterbury Christ Church,53.0,82.2021673909854,87.9001782531194,3.0,34.1,,8.0,253.0,70.3832124388909
2014,Biosciences,55,81.0,-26.0,Canterbury Christ Church,52.5,88.0018703241895,89.0715909090909,3.0,,,8.0,252.0,75.6751027004108
2015,Biosciences,25,55.0,-30.0,Canterbury Christ Church,75.0999999999999,95.7308359518198,99.9210526315789,3.0,,,9.0,247.0,83.903751456105
2013,Biosciences,20,13.0,7.0,Cardiff,73.4,92.2863990443162,94.4849918815411,7.0,12.0,61.0,4.0,427.0,62.2052308765789
2014,Biosciences,26,20.0,6.0,Cardiff,64.1,91.4391719217406,90.9378238341969,7.0,11.8,59.0,4.0,441.0,70.4832652275179
2015,Biosciences,28,26.0,2.0,Cardiff,73.9,88.1477669147853,91.6793967067939,9.0,12.1,65.0,5.0,425.0,60.4269790790996
2013,Biosciences,73,,,Cardiff Met,56.5,81.4531783613144,82.0173913043478,3.0,20.2,46.0,9.0,273.0,63.7661987068272
2014,Biosciences,76,73.0,3.0,Cardiff Met,45.4,82.8707447357936,82.323100357373,3.0,22.3,51.0,9.0,288.0,62.1542983213353
2015,Biosciences,76,76.0,0.0,Cardiff Met,58.4,84.6815253532834,86.4885311447811,3.0,21.5,60.0,8.0,241.0,65.075020940854
2013,Biosciences,54,72.0,-18.0,Central Lancashire,62.1,83.2810156015601,77.9273927392739,4.0,18.8,53.0,8.0,319.0,66.7149280187167
2014,Biosciences,63,54.0,9.0,Central Lancashire,49.9,83.4314221870882,84.8358208955224,4.0,17.9,60.0,5.0,310.0,71.053907306029
2015,Biosciences,64,63.0,1.0,Central Lancashire,60.9,92.0090914772869,90.8397204426324,4.0,17.5,43.0,4.0,345.0,79.5181430194182
2013,Biosciences,42,77.0,-35.0,Chester,66.2,88.248124761049,87.0336847518642,5.0,16.5,64.0,7.0,299.0,64.60353293922
2014,Biosciences,53,42.0,11.0,Chester,52.9,90.6868230982758,86.4001042255707,5.0,16.8,52.0,5.0,298.0,72.1361000082859
2015,Biosciences,68,53.0,15.0,Chester,60.0,81.0876892229568,88.1503677281162,5.0,17.7,56.0,5.0,321.0,71.900241253513
2013,Biosciences,67,71.0,-4.0,Coventry,58.5,91.0525771163504,88.8806152866596,3.0,18.7,47.0,4.0,279.0,73.2056333695886
2014,Biosciences,63,67.0,-4.0,Coventry,49.9,91.0464541083797,87.113714063714,3.0,22.0,67.0,2.0,294.0,74.3162716050864
2015,Biosciences,30,63.0,-33.0,Coventry,73.5,96.0441666137542,94.8820238852079,3.0,18.3999999999999,76.0,7.0,304.0,84.6010351781972
2013,Biosciences,65,59.0,6.0,Derby,59.2,91.1561828006624,82.4156197036701,3.0,25.8,47.0,9.0,263.0,63.6071698701308
2014,Biosciences,89,65.0,24.0,Derby,40.0,88.7149752862647,82.9426691729323,3.0,28.1,33.0,8.0,310.0,71.6091779423509
2015,Biosciences,83,89.0,-6.0,Derby,54.3,88.3430535779365,83.6230607511426,4.0,26.2,51.0,7.0,307.0,68.2941410536757
2013,Biosciences,44,28.0,16.0,Dundee,65.0,85.6377734379611,82.7205565222513,8.0,16.7,50.0,4.0,438.0,56.599370890465
2014,Biosciences,24,44.0,-20.0,Dundee,65.2,91.3340905860994,90.7535966898588,9.0,17.0,67.0,5.0,455.0,53.5794496722827
2015,Biosciences,31,24.0,7.0,Dundee,72.7,91.2222400975412,93.1865591781408,8.0,15.2,56.0,7.0,476.0,58.3515133062226
2013,Biosciences,26,29.0,-3.0,Durham,71.4,88.8489434343517,86.1962913541619,5.0,14.6,66.0,4.0,472.0,60.8453454179909
2014,Biosciences,20,26.0,-6.0,Durham,66.3,88.6378149548865,89.3014334546038,5.0,13.8,76.0,3.0,493.0,61.5841422253482
2015,Biosciences,36,20.0,16.0,Durham,69.0,87.9530624653235,86.6714776628386,5.0,21.9,78.0,3.0,524.0,58.4596278750993
2013,Biosciences,82,93.0,-11.0,East London,52.8,83.5648624959951,81.8924454798846,2.0,16.6,,2.0,231.0,67.634008005695
2014,Biosciences,82,82.0,0.0,East London,42.7,81.8309526700723,73.1591288491666,3.0,,,7.0,267.0,61.8881023928007
2015,Biosciences,82,82.0,0.0,East London,54.4,88.490071278604,87.952170837684,3.0,41.5,64.0,,282.0,70.798322732083
2013,Biosciences,43,65.0,-22.0,Edge Hill,65.9,89.0377740925005,86.6296296296296,3.0,10.6,,,263.0,73.9761003488458
2014,Biosciences,48,43.0,5.0,Edge Hill,54.7,86.1252945797329,81.1321548821549,3.0,12.8,,,273.0,77.2094145043247
2015,Biosciences,25,48.0,-23.0,Edge Hill,75.0999999999999,95.5625,95.0757575757575,5.0,12.7,,3.0,263.0,88.3963272444617
2013,Biosciences,18,22.0,-4.0,Edinburgh,74.5,89.4007248340333,87.2376090068023,9.0,15.5,64.0,8.0,476.0,37.3951531195439
2014,Biosciences,15,18.0,-3.0,Edinburgh,70.2,91.1590228076898,89.1421099142564,10.0,13.6,64.0,7.0,506.0,41.6171929561491
2015,Biosciences,10,15.0,-5.0,Edinburgh,82.5,88.4777846094309,87.3915262889229,10.0,12.2,66.0,8.0,492.0,47.4856303750017
2013,Biosciences,54,74.0,-20.0,Edinburgh Napier,62.1,86.480274614763,79.2370792634819,3.0,23.2,48.0,10.0,296.0,70.3799136216142
2014,Biosciences,59,54.0,5.0,Edinburgh Napier,51.4,87.0703084283869,79.5745226308345,3.0,21.7,53.0,9.0,332.0,67.3950837793882
2015,Biosciences,62,59.0,3.0,Edinburgh Napier,61.1,88.3500713542956,77.5340094985108,4.0,18.1,49.0,7.0,356.0,72.1884361358583
2013,Biosciences,49,61.0,-12.0,Essex,63.5,87.1869745256734,91.806168346896,4.0,19.2,58.0,7.0,296.0,69.8501275473212
2014,Biosciences,46,49.0,-3.0,Essex,55.2,88.1521554051451,94.127670661803,4.0,21.5,60.0,7.0,334.0,74.6727322317691
2015,Biosciences,72,46.0,26.0,Essex,59.0,85.8916702599908,94.3883388338833,4.0,18.5,56.0,5.0,334.0,66.3545549515531
2013,Biosciences,5,25.0,-20.0,Exeter,84.2,95.2272727272727,92.0,6.0,15.9,68.0,9.0,431.0,80.0514851485149
2014,Biosciences,4,5.0,-1.0,Exeter,79.8,96.8499241801984,94.7749396788418,8.0,14.4,68.0,8.0,446.0,76.8383608423449
2015,Biosciences,6,4.0,2.0,Exeter,85.9,94.0258913412563,91.320882852292,8.0,13.9,73.0,8.0,432.0,76.0380305602716
2013,Biosciences,84,54.0,30.0,Glamorgan,51.3,88.8522218671329,88.66828993558,3.0,33.6,,7.0,296.0,57.0410972802358
2013,Biosciences,30,27.0,3.0,Glasgow,70.4,95.8034043000964,95.1449986175924,6.0,19.4,64.0,2.0,424.0,69.7496926011878
2014,Biosciences,29,30.0,-1.0,Glasgow,63.0,95.8083053337163,96.9525437288629,6.0,20.0,66.0,3.0,457.0,67.6839201865346
2015,Biosciences,24,29.0,-5.0,Glasgow,75.5,95.1957779964097,93.8873796154291,8.0,19.8,77.0,2.0,482.0,67.2205436107927
2013,Biosciences,69,84.0,-15.0,Glasgow Caledonian,58.3,88.4764356717362,87.3356096172998,3.0,22.9,51.0,6.0,375.0,62.5321333751396
2014,Biosciences,89,69.0,20.0,Glasgow Caledonian,40.0,84.1794221069045,84.066961752355,3.0,23.0,43.0,5.0,394.0,54.0917041960303
2015,Biosciences,57,89.0,-32.0,Glasgow Caledonian,63.0,88.7929362518074,87.9479800921268,3.0,21.1,67.0,7.0,392.0,59.9257919413912
2013,Biosciences,20,11.0,9.0,Gloucestershire,73.4,98.5,94.0,3.0,18.9,,,285.0,91.3734173417342
2014,Biosciences,30,20.0,10.0,Gloucestershire,62.8,100.0,100.0,3.0,29.3,,,288.0,95.2
2015,Biosciences,11,30.0,-19.0,Gloucestershire,82.1,100.0,100.0,3.0,,,9.0,284.0,95.8333333333333
2013,Biosciences,28,,,Glyndwr,70.7,96.7581047381546,96.0,2.0,13.2,,,264.0,85.6573705179283
2013,Biosciences,50,77.0,-27.0,Greenwich,63.3,91.1123952779893,90.3153846153846,7.0,20.8,48.0,,288.0,69.5185452391393
2014,Biosciences,41,50.0,-9.0,Greenwich,56.9,86.1483344828218,82.1485935634208,7.0,21.6,57.0,10.0,300.0,63.6601950763999
2015,Biosciences,60,41.0,19.0,Greenwich,62.3,84.9681094404636,77.2699789834579,6.0,23.0,52.0,10.0,330.0,62.8954358627417
2013,Biosciences,29,47.0,-18.0,Heriot-Watt,70.5,93.7525109831082,87.3143145580067,5.0,23.4,72.0,6.0,360.0,70.1995092000011
2014,Biosciences,57,29.0,28.0,Heriot-Watt,52.2,86.6308347051318,90.7796610169492,4.0,21.5,56.0,5.0,370.0,69.5794850976014
2015,Biosciences,48,57.0,-9.0,Heriot-Watt,65.5999999999999,88.7791267477435,99.9710229767305,4.0,22.0,64.0,2.0,415.0,76.397602704099
2013,Biosciences,38,79.0,-41.0,Hertfordshire,67.7,87.5006365914787,84.3530873087309,3.0,20.0,71.0,9.0,320.0,58.4611219619554
2014,Biosciences,74,38.0,36.0,Hertfordshire,45.7,90.7323322041367,82.6043956043956,3.0,23.1,51.0,6.0,302.0,65.3537129537129
2015,Biosciences,85,74.0,11.0,Hertfordshire,52.9,86.5511129849394,77.5485605522577,3.0,26.3,73.0,3.0,320.0,58.7557333541154
2013,Biosciences,63,65.0,-2.0,Huddersfield,60.8,90.9937695692646,93.7508388488781,3.0,26.5,62.0,5.0,257.0,82.2621598423579
2014,Biosciences,69,63.0,6.0,Huddersfield,48.3,93.204111715076,96.4768665114318,3.0,22.0,51.0,2.0,291.0,88.1380332563466
2015,Biosciences,61,69.0,-8.0,Huddersfield,61.7,90.7702561390554,89.927620644156,3.0,23.7,71.0,3.0,334.0,79.2039205054158
2013,Biosciences,62,85.0,-23.0,Hull,61.1,94.4180790960452,92.8920247956999,4.0,20.8,61.0,2.0,331.0,70.2079855482139
2014,Biosciences,58,62.0,-4.0,Hull,52.1,90.2668679179245,88.7822109988777,4.0,21.1,64.0,3.0,354.0,65.8045254871782
2015,Biosciences,72,58.0,14.0,Hull,59.0,90.322722615277,88.0306259439503,5.0,20.0,50.0,4.0,344.0,69.5142776029861
2013,Biosciences,11,20.0,-9.0,Imperial College,76.8,83.1043596140837,78.5620129396858,6.0,12.7,79.0,7.0,521.0,48.9212241164139
2014,Biosciences,25,11.0,14.0,Imperial College,64.3,84.5592503564074,82.0324519230769,6.0,14.7,73.0,7.0,522.0,51.5101278572169
2015,Biosciences,15,25.0,-10.0,Imperial College,81.0,85.8173510094,80.8521825396825,8.0,13.5,81.0,7.0,541.0,56.3791431247314
2013,Biosciences,36,43.0,-7.0,Keele,68.2,90.8656607682656,94.5709038034744,3.0,17.2,69.0,6.0,329.0,64.8965715780272
2014,Biosciences,33,36.0,-3.0,Keele,61.0,91.9095574855817,94.4319111630625,3.0,17.6,68.0,7.0,357.0,70.8072353302963
2015,Biosciences,39,33.0,6.0,Keele,68.4,92.827828575017,90.804063969842,3.0,18.5,68.0,6.0,387.0,67.3233379288747
2013,Biosciences,25,26.0,-1.0,Kent,72.0,86.6294238987502,89.5598885793872,6.0,13.3,68.0,8.0,338.0,56.3544499296726
2014,Biosciences,31,25.0,6.0,Kent,62.4,86.5845835945771,92.6629364972361,7.0,14.9,70.0,7.0,383.0,56.8417801450924
2015,Biosciences,55,31.0,24.0,Kent,64.0999999999999,86.0444014447884,88.4738562091503,6.0,15.6,61.0,6.0,390.0,53.3834988418638
2013,Biosciences,41,39.0,2.0,King's College London,66.3,87.8442080057062,84.2346102534782,5.0,17.5,54.0,7.0,440.0,57.0336652533178
2014,Biosciences,14,41.0,-27.0,King's College London,71.2,90.1059688846236,90.0491803278688,8.0,12.0,80.0,6.0,464.0,53.8768888063645
2015,Biosciences,21,14.0,7.0,King's College London,76.7,85.2270845251359,93.8373321994776,7.0,12.2,86.0,3.0,437.0,58.8935320246101
2013,Biosciences,86,88.0,-2.0,Kingston,49.8,82.2063152941719,75.1235796433471,3.0,26.7,54.0,7.0,247.0,56.9331824545538
2014,Biosciences,93,86.0,7.0,Kingston,37.9,83.5312630315929,83.918527096871,4.0,27.9,51.0,,267.0,56.7208407542871
2015,Biosciences,75,93.0,-18.0,Kingston,58.5,87.3483023733367,88.1504762661002,5.0,15.2,57.9999999999999,2.0,282.0,74.7055803585607
2013,Biosciences,15,30.0,-15.0,Lancaster,75.6,93.706219059406,99.0625,6.0,14.9,64.0,4.0,394.0,73.6027307418242
2014,Biosciences,19,15.0,4.0,Lancaster,66.8,92.382780829171,89.7600674918977,5.0,16.4,73.0,5.0,423.0,73.4140631612031
2015,Biosciences,9,19.0,-10.0,Lancaster,82.7,93.7599841787783,98.1448717948717,8.0,12.7,72.0,6.0,430.0,72.8410494044581
2013,Biosciences,52,34.0,18.0,Leeds,63.1,90.1157772155749,88.6154223570166,6.0,21.1,63.0,3.0,390.0,57.8704790019382
2014,Biosciences,51,52.0,-1.0,Leeds,53.4,92.1496855687249,88.2117161861266,6.0,23.6,61.0,3.0,422.0,65.6057652713274
2015,Biosciences,49,51.0,-2.0,Leeds,65.5,87.7121775683144,85.8391018822237,7.0,21.4,65.0,4.0,408.0,66.3511336179322
2013,Biosciences,95,75.0,20.0,Leeds Met,44.4,75.5,74.0,3.0,13.5,36.0,3.0,232.0,60.2275359611433
2014,Biosciences,68,95.0,-27.0,Leeds Met,48.6,94.0,94.0,3.0,14.8,51.0,4.0,263.0,69.4
2015,Biosciences,40,68.0,-28.0,Leeds Met,67.8,93.2,89.3,3.0,15.7,69.0,8.0,265.0,68.6144578313252
2013,Biosciences,4,4.0,0.0,Leicester,86.1,94.171920068113,95.9417180656118,9.0,8.6,63.0,6.0,437.0,72.4430103033082
2014,Biosciences,3,4.0,-1.0,Leicester,81.9,98.0494857374626,97.4989333187462,9.0,9.9,61.0,6.0,450.0,82.0069813263339
2015,Biosciences,8,3.0,5.0,Leicester,84.1,93.0956264268901,95.3625006479705,9.0,10.1999999999999,69.0,6.0,419.0,71.78487010254
2013,Biosciences,56,23.0,33.0,Lincoln,61.9,88.029702970297,90.0,3.0,17.8,,,292.0,72.848532623963
2014,Biosciences,85,56.0,29.0,Lincoln,42.2,76.75,85.0,4.0,18.2,,,323.0,58.0321285140562
2015,Biosciences,49,85.0,-36.0,Lincoln,65.5,86.4523116837319,87.3253992065873,4.0,14.2,,,312.0,76.0260811709913
2013,Biosciences,17,16.0,1.0,Liverpool,74.7,91.7203653683213,94.2091170239548,8.0,13.0,62.0,6.0,400.0,61.9287656329552
2014,Biosciences,23,17.0,6.0,Liverpool,65.6,88.013719299143,91.0328777048321,9.0,13.6,65.0,6.0,427.0,57.3657634665484
2015,Biosciences,23,23.0,0.0,Liverpool,75.9,87.3616076000891,88.9027882821504,9.0,11.9,66.0,7.0,411.0,59.3066787574726
2013,Biosciences,93,83.0,10.0,Liverpool John Moores,45.7,80.1933683198828,76.2325649514104,4.0,22.3,43.0,1.0,294.0,63.2778085348966
2014,Biosciences,84,93.0,-9.0,Liverpool John Moores,42.6,88.3887958005979,87.6257422307621,3.0,30.0,54.0,4.0,332.0,75.6874087056084
2015,Biosciences,65,84.0,-19.0,Liverpool John Moores,60.3,91.033746666649,89.8216204599183,3.0,21.9,49.0,6.0,328.0,81.8584133037774
2013,Biosciences,90,94.0,-4.0,London Met,48.0,77.1886924884349,77.968023255814,3.0,23.2,52.0,7.0,251.0,49.6828321251105
2014,Biosciences,81,90.0,-9.0,London Met,43.0,85.9485165573502,85.199642108733,2.0,23.1,57.0,6.0,269.0,63.564098577638
2015,Biosciences,95,81.0,14.0,London Met,46.8,84.507322465413,81.9028066443007,2.0,29.3,60.0,4.0,269.0,58.530205632067
2013,Biosciences,92,89.0,3.0,London South Bank,46.1,80.7784869684536,86.341164453524,3.0,26.1,42.0,5.0,220.0,60.1980280425781
2014,Biosciences,98,92.0,6.0,London South Bank,27.9,83.6837099324858,80.3895194397488,3.0,25.1,30.0,2.0,218.0,69.023920070526
2015,Biosciences,99,98.0,1.0,London South Bank,33.2,62.0218625183939,70.952307906847,4.0,24.6,,2.0,207.0,46.5471073452668
2013,Biosciences,13,12.0,1.0,Manchester,76.3,91.9148311993062,91.575805544664,8.0,14.0,64.0,5.0,439.0,60.1518664344757
2014,Biosciences,9,13.0,-4.0,Manchester,74.1,93.0940592396447,90.7244498621318,9.0,13.8,68.0,5.0,467.0,68.2699843410153
2015,Biosciences,18,9.0,9.0,Manchester,79.5999999999999,93.5330462587449,93.1045794854625,9.0,13.3,67.0,4.0,456.0,67.4591424786326
2013,Biosciences,78,87.0,-9.0,Manchester Met,54.6,84.2487932009984,83.9160839160839,3.0,16.2,52.0,5.0,300.0,55.369965489512
2014,Biosciences,60,78.0,-18.0,Manchester Met,51.2,84.0394304668072,84.2521461615315,3.0,13.9,59.0,5.0,328.0,64.9915091473789
2015,Biosciences,78,60.0,18.0,Manchester Met,58.2,88.2747331599435,88.3147725157775,3.0,16.0,54.0,5.0,331.0,59.7123350606393
2013,Biosciences,58,44.0,14.0,Middlesex,61.6,87.4371859296482,79.7979797979798,5.0,20.7,,,185.0,79.5180722891566
2014,Biosciences,95,58.0,37.0,Middlesex,36.2,79.3017456359102,78.7878787878788,5.0,23.0,,,183.0,65.2
2015,Biosciences,47,95.0,-48.0,Middlesex,65.7,89.8009950248756,94.0,4.0,18.6,,,261.0,83.8645418326693
2013,Biosciences,32,18.0,14.0,Newcastle,69.9,88.1221131453382,89.570681075056,6.0,17.8,67.0,4.0,414.0,64.0405558565598
2014,Biosciences,32,32.0,0.0,Newcastle,61.6,92.0469024596054,92.1343914156254,7.0,18.8,64.0,4.0,427.0,63.7937105001483
2015,Biosciences,29,32.0,-3.0,Newcastle,73.8,91.5443901893359,90.9406296851574,6.0,17.8999999999999,70.0,5.0,429.0,71.4257798444911
2014,Biosciences,60,,,Northampton,51.2,87.25,92.9292929292929,3.0,16.3,,,288.0,72.4899598393574
2013,Biosciences,75,68.0,7.0,Northumbria,56.1,73.4036701294686,79.4151230023511,4.0,12.0,52.0,5.0,330.0,53.042237433677
2014,Biosciences,36,75.0,-39.0,Northumbria,58.7,87.5812135089278,89.4232118663352,4.0,13.1,62.0,9.0,338.0,61.9499979807901
2015,Biosciences,74,36.0,38.0,Northumbria,58.7,87.0550936812904,86.5622925928956,3.0,17.7,61.0,7.0,348.0,52.0611995061552
2013,Biosciences,34,37.0,-3.0,Nottingham,69.3,90.8576079406136,90.623438904874,7.0,14.8,65.0,3.0,412.0,64.7127123983832
2014,Biosciences,28,34.0,-6.0,Nottingham,63.3,92.2900080944856,93.8523817839419,7.0,15.2,59.0,4.0,415.0,70.0204096067822
2015,Biosciences,22,28.0,-6.0,Nottingham,76.5,92.3817961024987,91.081871312977,7.0,15.6,71.0,5.0,422.0,74.3710865982058
2013,Biosciences,83,38.0,45.0,Nottingham Trent,52.0,82.4368686868687,80.8080808080808,4.0,15.7,,2.0,273.0,53.0141414141414
2014,Biosciences,82,83.0,-1.0,Nottingham Trent,42.7,85.5,90.9090909090909,4.0,18.7,,2.0,310.0,60.878243512974
2015,Biosciences,45,82.0,-37.0,Nottingham Trent,65.8,85.8320284635899,92.4001924001923,4.0,15.1,70.0,5.0,308.0,76.085212277357
2013,Biosciences,2,2.0,0.0,Oxford,92.3,89.9424754759127,86.8387140365703,10.0,10.8,70.0,7.0,564.0,63.965298920871
2014,Biosciences,5,2.0,3.0,Oxford,78.4,90.281911438431,88.4958342480217,,12.3,70.0,8.0,580.0,61.6006962836018
2015,Biosciences,2,5.0,-3.0,Oxford,93.2,95.338668120107,93.1613318798929,,11.5,76.0,8.0,574.0,72.4260324486536
2013,Biosciences,45,69.0,-24.0,Oxford Brookes,64.1,87.8911198746994,87.1762711864407,5.0,21.1,63.0,8.0,334.0,61.4460539613283
2014,Biosciences,75,45.0,30.0,Oxford Brookes,45.6,88.47367467582,89.3782856546524,4.0,27.6,53.0,4.0,339.0,73.8398587107828
2015,Biosciences,54,75.0,-21.0,Oxford Brookes,64.2,88.6273189893028,86.2936892473441,3.0,16.2,60.0,7.0,362.0,70.3145983656483
2013,Biosciences,67,42.0,25.0,Plymouth,58.5,87.2466128191766,87.1578947368421,3.0,20.7,47.0,7.0,330.0,58.9988237794802
2014,Biosciences,47,67.0,-20.0,Plymouth,55.0,93.760953847788,94.0164450350181,3.0,23.5,59.0,7.0,358.0,68.2809283551968
2015,Biosciences,43,47.0,-4.0,Plymouth,66.5999999999999,94.2990522842794,96.2820553067313,5.0,21.7,51.0,7.0,342.0,76.7118990541927
2013,Biosciences,74,35.0,39.0,Portsmouth,56.4,88.793940828742,88.9135387970615,6.0,15.6,49.0,2.0,289.0,63.796378762637
2014,Biosciences,35,74.0,-39.0,Portsmouth,59.1,92.0437397417216,85.8625757435556,6.0,13.8,56.0,8.0,307.0,65.3609863208063
2015,Biosciences,33,35.0,-2.0,Portsmouth,71.4,91.1023920913394,90.1321892189218,6.0,12.9,55.0,9.0,319.0,72.5853930659683
2013,Biosciences,46,35.0,11.0,Queen Margaret,64.0,86.5420792079208,75.2475247524753,2.0,13.5,59.0,10.0,293.0,45.4767676767677
2014,Biosciences,39,46.0,-7.0,Queen Margaret,58.3,93.2835820895522,94.0594059405941,2.0,17.0,56.0,10.0,328.0,62.7490039840638
2015,Biosciences,58,39.0,19.0,Queen Margaret,62.9,88.736660373358,83.9205315268369,2.0,23.7,,10.0,328.0,58.0923930103588
2013,Biosciences,60,45.0,15.0,Queen Mary,61.3,83.917186243131,88.9794302770748,7.0,15.0,59.0,1.0,392.0,53.3555478043367
2014,Biosciences,54,60.0,-6.0,Queen Mary,52.6,82.148387457694,82.4709774625921,6.0,14.0,63.0,3.0,419.0,52.4059549349596
2015,Biosciences,40,54.0,-14.0,Queen Mary,67.8,86.0773922776291,85.3465303411404,7.0,14.6,70.0,3.0,406.0,57.4158455792353
2013,Biosciences,35,53.0,-18.0,"Queen's, Belfast",68.6,91.4509815660465,91.2026523753293,5.0,12.9,70.0,6.0,355.0,49.3923254710792
2014,Biosciences,27,35.0,-8.0,"Queen's, Belfast",63.5,91.5232045887426,93.4201680672269,5.0,12.5,71.0,4.0,386.0,64.6214931481575
2015,Biosciences,34,27.0,7.0,"Queen's, Belfast",69.5999999999999,92.1307678087909,87.9999999999999,4.0,12.8,69.0,4.0,379.0,68.7647272649042
2013,Biosciences,24,33.0,-9.0,Reading,72.7,91.6080138932621,93.1709280468683,8.0,13.3,55.0,8.0,373.0,60.0612606695792
2014,Biosciences,44,24.0,20.0,Reading,56.0,89.7120939307334,94.2921978404737,8.0,17.6,65.0,5.0,370.0,51.504844154549
2015,Biosciences,59,44.0,15.0,Reading,62.5,89.7299041676194,78.6878157203475,8.0,18.3,65.0,2.0,377.0,50.003562398212
2013,Biosciences,32,48.0,-16.0,Robert Gordon,69.9,92.8203332528375,93.8536585365854,3.0,14.9,64.0,6.0,380.0,63.330577658573
2014,Biosciences,40,32.0,8.0,Robert Gordon,57.6,95.843776106934,95.1178451178451,3.0,13.8,47.0,5.0,405.0,68.7682541474633
2015,Biosciences,63,40.0,23.0,Robert Gordon,61.0,92.8367177915209,93.2503908285565,4.0,16.3,,1.0,369.0,73.0335946560904
2013,Biosciences,91,81.0,10.0,Roehampton,47.2,84.3645837436021,86.805911202185,2.0,25.9,54.0,3.0,249.0,59.0461939330092
2014,Biosciences,92,91.0,1.0,Roehampton,39.4,79.736634797303,79.4207491331906,2.0,15.1,65.0,3.0,269.0,50.8753711763035
2015,Biosciences,80,92.0,-12.0,Roehampton,57.6,88.0114449024303,90.1170646866011,3.0,20.1,64.0,7.0,277.0,58.5344569620968
2013,Biosciences,66,55.0,11.0,Royal Holloway,59.0,83.3639859043565,77.7479406919275,5.0,16.5,56.0,4.0,349.0,57.5329672011682
2014,Biosciences,71,66.0,5.0,Royal Holloway,47.4,80.892881234958,79.7403352900735,6.0,17.3,71.0,1.0,376.0,52.5580564424715
2015,Biosciences,68,71.0,-3.0,Royal Holloway,60.0,82.3511511807403,83.1936026936026,5.0,16.2,66.0,2.0,389.0,57.6656219623015
2013,Biosciences,8,31.0,-23.0,Royal Veterinary College,79.2,99.0,100.0,7.0,,88.0,6.0,383.0,55.0401785714286
2014,Biosciences,7,8.0,-1.0,Royal Veterinary College,74.8,94.0,96.0,7.0,,85.0,7.0,377.0,65.9318637274549
2015,Biosciences,27,7.0,20.0,Royal Veterinary College,74.3,96.0,98.0,7.0,,69.0,6.0,373.0,59.0
2013,Biosciences,96,90.0,6.0,Salford,43.3,81.4802996349018,79.749590514607,3.0,23.3,28.0,5.0,239.0,59.1041801339671
2014,Biosciences,86,96.0,-10.0,Salford,41.9,89.7734883313396,86.2868748413303,3.0,20.7,40.0,7.0,276.0,66.2659214006352
2015,Biosciences,93,86.0,7.0,Salford,48.3,83.7143076549007,98.4276693455797,3.0,26.6,47.0,6.0,307.0,60.29717511017
2013,Biosciences,27,,,Scottish Agricultural College,71.0,,,10.0,4.1,,1.0,278.0,
2013,Biosciences,9,6.0,3.0,Sheffield,78.5,96.1338303145623,96.2214277999105,6.0,16.4,64.0,7.0,460.0,63.7517186208417
2014,Biosciences,12,9.0,3.0,Sheffield,72.0,93.5796904653351,92.722280792834,6.0,17.0,67.0,7.0,475.0,71.677631162977
2015,Biosciences,12,12.0,0.0,Sheffield,81.9,94.8648508634756,95.5123158657329,6.0,17.8,80.0,7.0,471.0,67.279221046959
2013,Biosciences,47,49.0,-2.0,Sheffield Hallam,63.6,90.6392055640585,93.0908922709118,3.0,20.4,53.0,10.0,296.0,54.9417226040666
2014,Biosciences,73,47.0,26.0,Sheffield Hallam,46.0,87.5497272803521,85.9862891977504,3.0,21.6,58.0,6.0,328.0,63.1362460717723
2015,Biosciences,79,73.0,6.0,Sheffield Hallam,57.9,83.1083819867252,80.9393721094863,4.0,19.5,55.0,8.0,339.0,58.4164871392427
2015,Biosciences,89,,,South Wales,50.3,85.4995979177271,82.8616069154085,3.0,38.2,63.0,7.0,355.0,52.4798772951524
2013,Biosciences,40,45.0,-5.0,Southampton,67.3,90.9746639612415,90.2688272693249,5.0,17.6,68.0,4.0,412.0,54.0574215129157
2014,Biosciences,42,40.0,2.0,Southampton,56.4,91.0927190962217,91.7524734229409,5.0,17.5,59.0,3.0,418.0,61.6484966957375
2015,Biosciences,37,42.0,-5.0,Southampton,68.5999999999999,92.5318255123795,93.4096763560449,5.0,21.8,66.0,3.0,416.0,71.28919540939
2013,Biosciences,16,5.0,11.0,St Andrews,75.4,95.0008870247485,90.9095666089167,8.0,10.3,49.0,7.0,498.0,47.9114226937989
2014,Biosciences,10,16.0,-6.0,St Andrews,73.5,90.0021492946008,86.204858062628,10.0,9.4,61.0,9.0,502.0,46.9580410258288
2015,Biosciences,3,10.0,-7.0,St Andrews,92.2,96.9999999999999,97.9093604823564,10.0,8.8,76.0,8.0,511.0,59.5708150200115
2014,Biosciences,38,,,"St George's, UoL",58.5,83.0,77.0,9.0,18.7,80.0,3.0,397.0,53.8152610441767
2015,Biosciences,53,38.0,15.0,"St George's, UoL",64.4,84.25,81.0,9.0,10.7,61.0,3.0,398.0,41.2121212121212
2013,Biosciences,79,92.0,-13.0,"St Mary's UC, Twickenham",53.4,86.4076878276063,86.0392156862745,2.0,18.5,,3.0,266.0,66.5841941750368
2014,Biosciences,91,79.0,12.0,"St Mary's UC, Twickenham",39.5,87.0693548897375,86.9767923450443,2.0,21.4,,3.0,292.0,67.5962860416003
2015,Biosciences,94,91.0,3.0,"St Mary's UC, Twickenham",47.8,86.4247987616098,87.5547950089126,3.0,26.1,,3.0,293.0,65.8634495714453
2013,Biosciences,71,41.0,30.0,Staffordshire,57.6,91.5576904703373,89.034007748601,5.0,18.2,,2.0,235.0,68.5763831988696
2014,Biosciences,94,71.0,23.0,Staffordshire,36.4,84.9887346791636,85.5545129855451,3.0,21.5,,1.0,259.0,73.6367057270176
2015,Biosciences,90,94.0,-4.0,Staffordshire,49.0,88.1112313551812,84.9720805413874,3.0,17.5,,1.0,255.0,66.7749163135816
2013,Biosciences,57,63.0,-6.0,Stirling,61.7,88.8171970333565,91.2096744729824,5.0,17.6,51.0,4.0,354.0,63.5761581324184
2014,Biosciences,70,57.0,13.0,Stirling,48.2,90.7199210324957,85.2572406773388,6.0,15.3,44.0,2.0,383.0,58.9570205383625
2015,Biosciences,49,70.0,-21.0,Stirling,65.5,92.1810149649345,81.4175824175823,4.0,10.0,61.0,3.0,400.0,55.9635490761743
2013,Biosciences,64,73.0,-9.0,Strathclyde,59.8,84.2633237417006,88.3311351860575,5.0,19.5,64.0,3.0,399.0,51.9879791309068
2014,Biosciences,78,64.0,14.0,Strathclyde,44.6,85.4477420086148,76.6383638363836,5.0,16.9,69.0,1.0,480.0,44.5511022044088
2015,Biosciences,71,78.0,-7.0,Strathclyde,59.4,89.7238676935375,87.4115368058544,7.0,15.0,53.0,1.0,448.0,58.2675124949786
2013,Biosciences,58,24.0,34.0,Sunderland,61.6,80.9671717171717,77.0,6.0,18.2,,,219.0,66.9535353535353
2014,Biosciences,88,58.0,30.0,Sunderland,40.4,75.438596491228,87.8787878787879,5.0,21.6,64.0,3.0,234.0,73.3870967741936
2015,Biosciences,92,88.0,4.0,Sunderland,48.4,82.0,71.9999999999999,6.0,20.6,53.0,4.0,247.0,55.9999999999999
2013,Biosciences,12,18.0,-6.0,Surrey,76.7,90.8334512022631,91.4690754789765,8.0,14.0,72.0,7.0,393.0,59.2602926959363
2014,Biosciences,16,12.0,4.0,Surrey,69.4,90.5131651986737,92.6985138293595,9.0,10.9,62.0,4.0,421.0,66.2651122878569
2015,Biosciences,13,16.0,-3.0,Surrey,81.7,92.3178707178232,92.635703570357,9.0,12.1,75.0,6.0,435.0,69.6752065638131
2013,Biosciences,23,8.0,15.0,Sussex,73.3,92.4037794064904,91.1956860163025,6.0,14.9,67.0,8.0,389.0,51.6778674672152
2014,Biosciences,62,23.0,39.0,Sussex,51.1,86.0009738039309,86.2242543781005,6.0,18.3,60.0,5.0,405.0,44.2081294999454
2015,Biosciences,44,62.0,-18.0,Sussex,66.3,89.5072921377489,90.9918794045046,8.0,14.5,57.9999999999999,3.0,422.0,48.481830117909
2013,Biosciences,53,58.0,-5.0,Swansea,62.6,92.2622576533893,91.851597051597,4.0,22.8,48.0,7.0,358.0,66.132063476618
2014,Biosciences,43,53.0,-10.0,Swansea,56.2,91.5978021049072,88.4951752802399,3.0,22.6,68.0,8.0,378.0,60.1479765804577
2015,Biosciences,52,43.0,9.0,Swansea,65.2,90.6191353717247,87.8425196850393,3.0,20.3999999999999,73.0,7.0,356.0,61.3996625421822
2013,Biosciences,89,60.0,29.0,Teesside,48.5,80.0,80.0,3.0,23.9,,3.0,260.0,68.0
2014,Biosciences,65,89.0,-24.0,Teesside,49.8,85.5,85.1485148514852,3.0,25.5,,7.0,352.0,75.751503006012
2015,Biosciences,45,65.0,-20.0,Teesside,65.8,86.180904522613,84.0,3.0,27.6,,10.0,336.0,75.0499001996007
2013,Biosciences,7,7.0,0.0,UCL,80.7,89.4858617163206,92.9712724633969,7.0,15.4,76.0,8.0,495.0,57.6237813655772
2014,Biosciences,11,7.0,4.0,UCL,73.3,90.9577162882242,89.6182183370838,9.0,15.9,70.0,8.0,516.0,52.5836427760789
2015,Biosciences,16,11.0,5.0,UCL,80.9,88.8937197237764,87.8180749354695,9.0,13.9,71.0,8.0,508.0,51.4060922980891
2013,Biosciences,14,14.0,0.0,UEA,75.7,95.8820708963067,96.7340189594072,7.0,12.4,59.0,4.0,404.0,72.0004687573678
2014,Biosciences,13,14.0,-1.0,UEA,71.4,95.5681096304939,94.0953640195025,6.0,13.5,67.0,7.0,415.0,69.5370483714109
2015,Biosciences,19,13.0,6.0,UEA,77.8,97.2518936222254,96.0496318862655,6.0,13.4,62.0,6.0,433.0,73.4498447422199
2013,Biosciences,31,9.0,22.0,Ulster,70.3,87.9590570719603,91.2710396039604,8.0,8.3,51.0,8.0,325.0,50.9424804980498
2014,Biosciences,21,31.0,-10.0,Ulster,66.0,92.2884127470934,89.7096451218155,9.0,7.9,61.0,5.0,325.0,67.3340887616781
2015,Biosciences,5,21.0,-16.0,Ulster,90.4,95.3093794674054,96.3513513513513,9.0,7.2,71.0,9.0,310.0,80.4478658638226
2015,Biosciences,87,,,University Campus Suffolk,50.9,80.7245386192754,77.6363636363636,,24.4,,3.0,317.0,67.8556185598439
2013,Biosciences,70,62.0,8.0,UWE Bristol,57.7,96.5443322109989,98.4444444444444,4.0,39.0,50.0,8.0,302.0,76.2389927881677
2014,Biosciences,72,70.0,2.0,UWE Bristol,46.6,95.7703933410778,96.002364415546,3.0,42.5,45.0,8.0,312.0,75.0211380893593
2015,Biosciences,91,72.0,19.0,UWE Bristol,48.7,92.2693266832917,90.9999999999999,4.0,37.7999999999999,32.0,9.0,346.0,65.6686626746507
2013,Biosciences,36,21.0,15.0,Warwick,68.2,88.5552337803755,85.8115542343038,8.0,13.6,67.0,4.0,423.0,39.9560296408493
2014,Biosciences,52,36.0,16.0,Warwick,53.3,85.088541012565,77.9686073563624,9.0,13.8,64.0,2.0,452.0,37.567168075513
2015,Biosciences,20,52.0,-32.0,Warwick,77.7,85.9591491334493,80.4749404876793,10.0,12.6,69.0,6.0,457.0,54.8230885324738
2014,Biosciences,66,,,West of Scotland,49.6,88.0,90.0,3.0,21.6,,,290.0,73.9043824701195
2015,Biosciences,86,66.0,20.0,West of Scotland,51.3,85.5361596009975,85.0,3.0,26.7,55.0,4.0,298.0,64.6706586826347
2013,Biosciences,87,67.0,20.0,Westminster,49.5,82.0301049062252,79.1389635014054,3.0,16.7,42.0,3.0,278.0,60.6701722620919
2014,Biosciences,76,87.0,-11.0,Westminster,45.4,80.0628308176778,84.0748438863563,3.0,20.4,58.0,7.0,287.0,63.175861608831
2015,Biosciences,98,76.0,22.0,Westminster,44.6,78.0980385029618,76.5727348180282,3.0,21.1,51.0,2.0,290.0,58.2511417716658
2013,Biosciences,76,80.0,-4.0,Worcester,55.5,82.6776763502298,73.438202247191,3.0,21.6,,9.0,273.0,69.4403283024932
2014,Biosciences,67,76.0,-9.0,Worcester,48.9,84.7452241057204,79.698291018882,3.0,22.8,,10.0,287.0,65.0193407008279
2015,Biosciences,88,67.0,21.0,Worcester,50.8,83.4451457816377,67.0316831683168,3.0,19.8,,5.0,288.0,63.7147704590818
2013,Biosciences,3,3.0,0.0,York,87.8,96.1565819485174,95.1730656936661,9.0,11.8,65.0,5.0,472.0,75.6597864943796
2014,Biosciences,2,3.0,-1.0,York,86.0,94.3662584962512,95.7112676056338,10.0,12.6,78.0,5.0,473.0,80.0642435256702
2015,Biosciences,4,2.0,2.0,York,91.6,97.4706162166092,96.9649122807017,10.0,11.7,72.0,7.0,457.0,78.3028593429544
2013,Building and town and country planning,19,17.0,2.0,Anglia Ruskin,61.7,86.0580679689591,83.7837837837838,8.0,20.1,55.0,5.0,251.0,64.2271340647578
2014,Building and town and country planning,12,19.0,-7.0,Anglia Ruskin,65.0,88.1909547738693,78.7878787878788,8.0,19.8,71.0,10.0,294.0,55.6224899598394
2015,Building and town and country planning,17,12.0,5.0,Anglia Ruskin,71.7,92.7680798004987,91.9999999999999,7.0,23.2,80.0,7.0,325.0,76.4940239043824
2013,Building and town and country planning,33,31.0,2.0,Aston,48.3,75.75,75.2475247524753,7.0,28.2,61.0,4.0,326.0,46.9679691183404
2014,Building and town and country planning,23,33.0,-10.0,Aston,53.3,83.0,80.0,4.0,20.3,,6.0,383.0,50.8
2015,Building and town and country planning,23,23.0,0.0,Aston,64.4,78.4603174603174,81.2121212121212,6.0,15.3,79.0,2.0,329.0,59.6479041916167
2013,Building and town and country planning,3,2.0,1.0,Birmingham,95.3,97.0,100.0,10.0,19.6,,8.0,410.0,66.6022849343758
2014,Building and town and country planning,3,3.0,0.0,Birmingham,87.0,96.7661691542288,97.029702970297,9.0,17.7,,,390.0,68.7128712871287
2015,Building and town and country planning,24,3.0,21.0,Birmingham,64.0,90.0249376558603,81.0,7.0,21.8,,,396.0,50.8946322067594
2013,Building and town and country planning,33,42.0,-9.0,Birmingham City,48.3,73.3556312500596,69.3941212848776,6.0,22.2,60.0,7.0,236.0,51.8029859449284
2014,Building and town and country planning,39,33.0,6.0,Birmingham City,36.0,70.9082493970776,66.811320754717,4.0,21.2,65.0,6.0,281.0,53.0688044878117
2015,Building and town and country planning,22,39.0,-17.0,Birmingham City,64.9,78.3783711167086,81.8533333333333,4.0,16.6,72.0,8.0,290.0,64.0429342118974
2013,Building and town and country planning,44,36.0,8.0,Bolton,31.6,73.5,71.7171717171717,2.0,23.5,,3.0,166.0,58.0939607118607
2014,Building and town and country planning,34,44.0,-10.0,Bolton,38.8,75.0,82.8282828282828,3.0,15.3,,5.0,227.0,50.6
2015,Building and town and country planning,35,34.0,1.0,Bolton,57.1,74.1252989974044,74.4998989694887,2.0,14.5,73.0,8.0,255.0,55.9545786505457
2013,Building and town and country planning,31,24.0,7.0,Brighton,48.8,84.8267326732673,88.8888888888889,3.0,28.3,61.0,6.0,240.0,60.4702870287029
2014,Building and town and country planning,42,31.0,11.0,Brighton,32.9,87.218045112782,93.9393939393939,4.0,28.9,65.0,3.0,304.0,49.7005988023952
2015,Building and town and country planning,26,42.0,-16.0,Brighton,63.5,84.28927680798,88.0,4.0,19.3999999999999,76.0,5.0,277.0,64.0718562874251
2013,Building and town and country planning,1,1.0,0.0,Cambridge,100.0,93.1944444444444,85.0,,15.3,,8.0,532.0,65.3904610610315
2014,Building and town and country planning,1,1.0,0.0,Cambridge,100.0,88.9724310776942,93.939393939394,,13.6,,8.0,558.0,64.3286573146292
2015,Building and town and country planning,1,1.0,0.0,Cambridge,100.0,88.9724310776942,93.9393939393939,10.0,13.4,,7.0,569.0,64.3286573146292
2013,Building and town and country planning,7,4.0,3.0,Cardiff,79.3,95.2574257425743,95.0,8.0,14.4,68.0,3.0,387.0,65.8653465346535
2014,Building and town and country planning,11,7.0,4.0,Cardiff,68.5,84.5,75.7575757575758,9.0,13.1,78.0,4.0,357.0,55.2894211576846
2015,Building and town and country planning,9,11.0,-2.0,Cardiff,78.5999999999999,79.145728643216,75.0,9.0,12.9,77.0,7.0,377.0,58.9178356713426
2013,Building and town and country planning,32,11.0,21.0,Central Lancashire,48.5,69.5693069306931,75.2475247524753,9.0,18.0,36.0,4.0,273.0,58.163372859025
2014,Building and town and country planning,33,32.0,1.0,Central Lancashire,43.7,72.636815920398,80.8080808080808,7.0,18.2,60.0,3.0,297.0,59.9198396793587
2015,Building and town and country planning,27,33.0,-6.0,Central Lancashire,63.0,82.0448877805486,92.0,7.0,16.8,53.0,2.0,333.0,85.9437751004016
2013,Building and town and country planning,14,19.0,-5.0,Coventry,65.1,86.6792929292929,80.459595959596,6.0,17.2,,7.0,273.0,76.5040352638616
2014,Building and town and country planning,26,14.0,12.0,Coventry,48.4,92.3334520840756,87.3571428571429,7.0,24.4,54.0,6.0,259.0,75.3541032221272
2015,Building and town and country planning,7,26.0,-19.0,Coventry,80.7,95.2380952380952,97.0,4.0,15.5,,6.0,308.0,90.5622489959839
2013,Building and town and country planning,27,,,Derby,54.6,84.2871287128713,77.7777777777778,3.0,21.4,,,198.0,73.2888888888889
2014,Building and town and country planning,38,27.0,11.0,Derby,36.5,75.8104738154614,78.0,2.0,23.0,,,219.0,68.0
2013,Building and town and country planning,22,10.0,12.0,Dundee,57.2,90.0,90.0990099009901,4.0,18.9,,1.0,,64.5346534653465
2013,Building and town and country planning,40,35.0,5.0,Edinburgh Napier,41.5,74.6064356435643,75.2475247524753,3.0,27.8,63.0,5.0,293.0,51.8732673267327
2014,Building and town and country planning,19,40.0,-21.0,Edinburgh Napier,56.3,87.0324189526185,79.7979797979798,3.0,20.5,67.0,7.0,357.0,58.9178356713427
2015,Building and town and country planning,21,19.0,2.0,Edinburgh Napier,65.9,90.9547738693467,94.0,3.0,18.5,61.0,4.0,336.0,76.6599597585512
2013,Building and town and country planning,33,38.0,-5.0,Glamorgan,48.3,81.6485148514852,67.0,4.0,19.2,,6.0,244.0,45.769026156347
2013,Building and town and country planning,26,14.0,12.0,Glasgow Caledonian,55.6,72.9413011231193,76.4717856401025,7.0,20.4,52.0,5.0,322.0,58.7027624442951
2014,Building and town and country planning,24,26.0,-2.0,Glasgow Caledonian,51.0,72.4787658526415,75.3651073845248,6.0,23.2,77.0,8.0,353.0,46.9980582524272
2015,Building and town and country planning,11,24.0,-13.0,Glasgow Caledonian,74.4,81.8142439974955,90.8845429997545,6.0,19.6,73.0,8.0,375.0,72.1000296335319
2013,Building and town and country planning,4,5.0,-1.0,Gloucestershire,88.8,94.9874686716792,84.0,8.0,11.8,,,314.0,67.1370967741936
2014,Building and town and country planning,13,4.0,9.0,Gloucestershire,64.4,84.0506329113924,82.8282828282828,8.0,19.6,,,262.0,73.9478957915832
2013,Building and town and country planning,43,37.0,6.0,Glyndwr,33.6,69.9858235823582,58.0,4.0,23.2,,2.0,192.0,57.7564356435644
2014,Building and town and country planning,40,43.0,-3.0,Glyndwr,35.9,85.929648241206,84.6938775510204,3.0,24.2,,2.0,177.0,76.3052208835342
2015,Building and town and country planning,30,40.0,-10.0,Glyndwr,61.2,91.5,94.0,4.0,19.6,,2.0,,83.567134268537
2013,Building and town and country planning,29,28.0,1.0,Greenwich,50.8,72.7241861883141,69.1700224567912,5.0,19.9,63.0,,241.0,53.8525395310956
2014,Building and town and country planning,29,29.0,0.0,Greenwich,46.7,76.6485153037917,73.0174617461746,7.0,17.5,56.0,6.0,252.0,60.5012069671294
2015,Building and town and country planning,39,29.0,10.0,Greenwich,43.6,71.3368999106334,68.7458745874587,5.0,16.7,51.0,2.0,248.0,59.8154810289923
2013,Building and town and country planning,16,16.0,0.0,Heriot-Watt,64.3,78.7642296487713,81.9941348973607,,17.6,52.0,7.0,376.0,62.1310182631166
2014,Building and town and country planning,4,16.0,-12.0,Heriot-Watt,83.6,86.1806229649198,89.2926829268293,10.0,16.2,78.0,6.0,362.0,71.500362425311
2015,Building and town and country planning,2,4.0,-2.0,Heriot-Watt,90.7,84.4633635972276,85.498199819982,10.0,14.4,86.0,6.0,397.0,77.6721294705861
2013,Building and town and country planning,36,29.0,7.0,Kingston,48.2,72.0967199812765,70.6092681433092,3.0,20.1,64.0,7.0,248.0,49.6584314101513
2014,Building and town and country planning,43,36.0,7.0,Kingston,27.9,67.005518204225,64.7074838324954,3.0,21.4,71.0,2.0,287.0,54.1566208955141
2013,Building and town and country planning,38,34.0,4.0,Leeds Met,46.9,78.5730221958366,73.7588652482269,3.0,19.7,53.0,5.0,260.0,61.7950342006377
2014,Building and town and country planning,20,38.0,-18.0,Leeds Met,55.5,86.8715997224092,86.493368204745,3.0,20.0,65.0,8.0,272.0,75.1741586258462
2015,Building and town and country planning,33,20.0,13.0,Leeds Met,58.0,88.804054054054,86.3969315850503,3.0,21.4,65.0,7.0,264.0,73.5665147360205
2013,Building and town and country planning,10,7.0,3.0,Liverpool,73.6,77.9141414141414,78.7878787878788,6.0,16.5,,8.0,370.0,55.1171717171717
2014,Building and town and country planning,15,10.0,5.0,Liverpool,62.2,76.1194029850746,77.0,4.0,19.0,,10.0,355.0,49.8
2015,Building and town and country planning,8,15.0,-7.0,Liverpool,79.2,87.9396984924622,93.0,7.0,18.8,,10.0,,72.2
2013,Building and town and country planning,42,41.0,1.0,Liverpool John Moores,35.5,68.3140638125009,76.7676767676768,3.0,32.4,56.0,8.0,277.0,48.312007841496
2014,Building and town and country planning,35,42.0,-7.0,Liverpool John Moores,38.7,68.0,68.0,3.0,23.8,66.0,8.0,314.0,63.4538152610442
2015,Building and town and country planning,31,35.0,-4.0,Liverpool John Moores,59.7,75.8793969849246,77.9999999999999,3.0,19.8,66.0,9.0,299.0,68.063872255489
2013,Building and town and country planning,37,40.0,-3.0,London South Bank,47.1,76.2690062610912,77.0815453638387,3.0,24.5,,8.0,249.0,54.7926471716939
2014,Building and town and country planning,36,37.0,-1.0,London South Bank,37.5,76.7931007131393,78.4318181818182,3.0,21.7,65.0,4.0,213.0,68.8031763417306
2015,Building and town and country planning,40,36.0,4.0,London South Bank,41.1,80.2447675373932,85.3891859774212,3.0,23.7,56.0,3.0,204.0,71.7094765067479
2013,Building and town and country planning,2,1.0,1.0,Loughborough,99.1,85.5971239981141,88.6652236652237,10.0,10.2,78.0,8.0,334.0,70.2539034661484
2014,Building and town and country planning,2,2.0,0.0,Loughborough,91.3,86.0458273380283,89.0503632925251,9.0,13.1,87.0,7.0,356.0,66.6857082901244
2015,Building and town and country planning,3,2.0,1.0,Loughborough,87.4,87.9870589859349,88.5734597156398,8.0,12.0,87.0,6.0,366.0,71.8156104851907
2013,Building and town and country planning,17,15.0,2.0,Manchester,62.2,77.1955695569557,73.0,9.0,21.5,56.0,8.0,351.0,50.5089108910891
2014,Building and town and country planning,7,17.0,-10.0,Manchester,76.6,89.0,81.8181818181818,8.0,19.0,62.0,8.0,371.0,83.6327345309381
2015,Building and town and country planning,13,7.0,6.0,Manchester,73.4,83.291770573566,77.2277227722772,7.0,17.1,70.0,7.0,371.0,71.4285714285714
2013,Building and town and country planning,8,12.0,-4.0,Newcastle,76.9,72.6361386138614,85.1485148514852,8.0,14.3,82.0,4.0,345.0,71.6018125177004
2014,Building and town and country planning,5,8.0,-3.0,Newcastle,82.7,81.75,87.8787878787879,8.0,15.7,87.0,5.0,353.0,79.559118236473
2015,Building and town and country planning,11,5.0,6.0,Newcastle,74.4,87.2817955112219,90.9090909090909,6.0,18.1,88.0,3.0,362.0,78.727634194831
2013,Building and town and country planning,15,18.0,-3.0,Northumbria,64.4,83.9375031253126,87.289603960396,4.0,18.2,73.0,4.0,279.0,66.4288366336634
2014,Building and town and country planning,18,15.0,3.0,Northumbria,56.5,81.8496463467666,84.792617402833,4.0,17.7,73.0,3.0,317.0,66.2165039991544
2015,Building and town and country planning,20,18.0,2.0,Northumbria,67.5999999999999,79.846512230514,86.5635313531353,3.0,18.3,81.0,6.0,344.0,65.9766278905753
2013,Building and town and country planning,13,9.0,4.0,Nottingham,69.2,78.0,84.1584158415842,7.0,20.3,,2.0,413.0,69.9060906090609
2014,Building and town and country planning,16,13.0,3.0,Nottingham,60.5,77.363184079602,84.0,8.0,18.0,,2.0,453.0,66.2027833001988
2015,Building and town and country planning,10,16.0,-6.0,Nottingham,74.5999999999999,83.5820895522388,86.0,8.0,20.5,,9.0,,63.5270541082164
2013,Building and town and country planning,28,32.0,-4.0,Nottingham Trent,50.9,66.7232364629906,72.7213114754098,5.0,24.4,75.0,5.0,279.0,54.8912723703735
2014,Building and town and country planning,17,28.0,-11.0,Nottingham Trent,57.3,81.489828400371,81.5762711864407,4.0,21.7,77.0,8.0,297.0,61.9007827921857
2015,Building and town and country planning,16,17.0,-1.0,Nottingham Trent,72.2,85.0708556149732,86.8094830873461,4.0,17.5,85.0,7.0,288.0,74.1135930781655
2013,Building and town and country planning,9,13.0,-4.0,Oxford Brookes,75.6,82.7556033591974,83.8709677419355,4.0,14.1,75.0,10.0,322.0,55.1433536522533
2014,Building and town and country planning,14,9.0,5.0,Oxford Brookes,62.8,86.7903051945095,88.7162646876932,4.0,16.5,70.0,7.0,336.0,68.8253392403783
2015,Building and town and country planning,15,14.0,1.0,Oxford Brookes,72.9,87.8549763428617,88.7225806451612,5.0,16.0,84.0,5.0,362.0,62.2484064129804
2013,Building and town and country planning,23,20.0,3.0,Plymouth,57.0,90.0321782178218,91.0,5.0,25.4,58.0,5.0,265.0,67.3445544554456
2014,Building and town and country planning,30,23.0,7.0,Plymouth,45.3,92.462311557789,86.0,5.0,21.6,59.0,3.0,281.0,65.4
2015,Building and town and country planning,14,30.0,-16.0,Plymouth,73.3,87.0646766169154,82.0,5.0,12.3,89.0,3.0,324.0,57.1713147410358
2013,Building and town and country planning,30,32.0,-2.0,Portsmouth,49.3,79.1316712179693,81.4406779661017,4.0,22.4,63.0,5.0,242.0,54.7193153213626
2014,Building and town and country planning,21,30.0,-9.0,Portsmouth,55.2,85.9921665383194,90.6290040768783,6.0,21.1,68.0,6.0,282.0,66.6820534154256
2015,Building and town and country planning,24,21.0,3.0,Portsmouth,64.0,82.2235165635238,82.4264670369475,4.0,18.8999999999999,78.0,7.0,285.0,66.1281119424739
2013,Building and town and country planning,20,30.0,-10.0,"Queen's, Belfast",59.9,69.3484848484848,58.4158415841584,3.0,17.4,85.0,7.0,339.0,54.5333333333333
2014,Building and town and country planning,10,20.0,-10.0,"Queen's, Belfast",68.6,81.5,76.0,3.0,16.9,82.0,5.0,344.0,76.4
2015,Building and town and country planning,18,10.0,8.0,"Queen's, Belfast",67.9,80.5970149253731,82.0,4.0,14.3,74.0,4.0,337.0,74.2
2013,Building and town and country planning,11,8.0,3.0,Reading,73.3,71.9708819756574,80.1980198019802,9.0,19.0,80.0,7.0,357.0,51.9373737373737
2014,Building and town and country planning,8,11.0,-3.0,Reading,75.5,76.5586034912718,75.2475247524752,10.0,15.2,83.0,7.0,358.0,57.6
2015,Building and town and country planning,5,8.0,-3.0,Reading,83.6,77.9156327543424,76.0,9.0,13.7,93.0,7.0,359.0,57.3412698412698
2013,Building and town and country planning,12,39.0,-27.0,Robert Gordon,71.2,79.0,80.0,5.0,14.9,90.0,2.0,312.0,70.4
2014,Building and town and country planning,22,12.0,10.0,Robert Gordon,54.5,81.7733990147783,79.2079207920792,3.0,24.4,,6.0,346.0,68.4418145956608
2015,Building and town and country planning,32,22.0,10.0,Robert Gordon,59.2,82.8358208955223,89.1089108910891,3.0,21.4,85.0,3.0,330.0,64.6825396825396
2013,Building and town and country planning,39,23.0,16.0,Royal Agricultural College,44.6,82.1205882964534,80.1980198019802,3.0,19.6,60.0,1.0,308.0,62.6814855398583
2014,Building and town and country planning,37,,,Royal Agricultural University,37.2,80.0498753117207,92.0792079207921,3.0,22.5,74.0,1.0,331.0,59.7222222222222
2015,Building and town and country planning,36,37.0,-1.0,Royal Agricultural University,53.1,77.3067331670822,82.0,4.0,18.6,66.0,1.0,324.0,68.1274900398406
2013,Building and town and country planning,24,26.0,-2.0,Salford,55.9,73.0456295629563,76.0,4.0,17.3,64.0,7.0,286.0,47.0415841584158
2014,Building and town and country planning,27,24.0,3.0,Salford,47.9,79.75,81.8181818181818,4.0,17.5,66.0,3.0,324.0,58.8
2015,Building and town and country planning,37,27.0,10.0,Salford,49.9,68.57855361596,64.0,4.0,18.5,68.0,3.0,313.0,58.9641434262948
2013,Building and town and country planning,6,6.0,0.0,Sheffield,80.7,93.919183431744,90.9813914246983,5.0,16.3,78.0,4.0,393.0,72.9095070022317
2014,Building and town and country planning,9,6.0,3.0,Sheffield,75.1,90.7954780785564,90.0446323240267,5.0,16.3,84.0,3.0,370.0,76.2059707302927
2015,Building and town and country planning,6,9.0,-3.0,Sheffield,82.6,96.25,100.0,5.0,16.3999999999999,74.0,7.0,364.0,79.4608471855249
2013,Building and town and country planning,21,22.0,-1.0,Sheffield Hallam,59.2,78.0937003980467,77.740332109633,4.0,19.9,59.0,8.0,300.0,62.1716377933929
2014,Building and town and country planning,32,21.0,11.0,Sheffield Hallam,44.4,78.3744650622377,75.9870759289176,4.0,22.0,66.0,8.0,310.0,53.4598848949519
2015,Building and town and country planning,29,32.0,-3.0,Sheffield Hallam,61.5,84.0998172681589,86.4671508473161,4.0,19.1,60.0,8.0,298.0,73.0462743669156
2015,Building and town and country planning,38,,,South Wales,44.0,64.2471241251709,78.258064516129,2.0,21.8,79.0,4.0,,49.253526407654
2013,Building and town and country planning,45,43.0,2.0,Southampton Solent,29.8,70.0792079207921,56.4356435643564,4.0,27.0,,2.0,181.0,60.9326732673267
2014,Building and town and country planning,41,45.0,-4.0,Southampton Solent,34.3,82.25,82.0,5.0,25.0,,3.0,204.0,64.4578313253012
2015,Building and town and country planning,41,41.0,0.0,Southampton Solent,33.5,66.1691542288557,59.0,4.0,21.1,,2.0,176.0,47.7045908183632
2013,Building and town and country planning,5,3.0,2.0,UCL,82.2,59.0435243374637,70.0457920792079,10.0,11.6,81.0,8.0,423.0,44.5651215121512
2014,Building and town and country planning,6,5.0,1.0,UCL,78.4,68.2176616915423,66.8181818181818,10.0,11.2,70.0,8.0,429.0,58.2551763941996
2015,Building and town and country planning,4,6.0,-2.0,UCL,86.9,79.1056194101213,81.4,10.0,10.5,,6.0,425.0,60.2788844621513
2013,Building and town and country planning,41,44.0,-3.0,Ulster,36.6,71.6657176159876,70.4299754299754,4.0,19.2,49.0,4.0,222.0,44.0267035346034
2014,Building and town and country planning,31,41.0,-10.0,Ulster,44.5,81.4518631408408,85.9844345090247,5.0,16.8,53.0,5.0,222.0,64.1124828892758
2015,Building and town and country planning,28,31.0,-3.0,Ulster,62.5,83.6577313335237,86.5683654254996,3.0,16.1,62.0,8.0,299.0,61.3080779896262
2013,Building and town and country planning,25,25.0,0.0,UWE Bristol,55.8,81.5158725612821,82.0987012987013,3.0,23.0,66.0,4.0,278.0,66.0935797475851
2014,Building and town and country planning,25,25.0,0.0,UWE Bristol,48.6,82.6255205144715,81.3359706506365,3.0,21.9,70.0,7.0,305.0,54.7759538321316
2015,Building and town and country planning,18,25.0,-7.0,UWE Bristol,67.9,87.8178957319546,86.795261669024,3.0,19.6,79.0,6.0,321.0,70.3482927314911
2013,Building and town and country planning,17,21.0,-4.0,Westminster,62.2,76.9133663366337,73.0,3.0,18.9,63.0,9.0,273.0,70.1188118811881
2014,Building and town and country planning,28,17.0,11.0,Westminster,47.3,77.6740354627216,77.28,3.0,20.8,,5.0,317.0,60.3345056914364
2015,Building and town and country planning,33,28.0,5.0,Westminster,58.0,79.7589802676869,87.3700092024898,6.0,20.3,59.0,8.0,317.0,57.8570802945662
2013,"Business, Management & Marketing",52,45.0,7.0,Aberdeen,53.0,80.3248059783691,87.00352297359,4.0,30.5,69.0,5.0,389.0,58.5093880048928
2014,"Business, Management & Marketing",54,52.0,2.0,Aberdeen,59.3,77.6535915134615,87.4848955287884,4.0,22.9,59.0,5.0,441.0,60.3512807013879
2015,"Business, Management & Marketing",27,54.0,-27.0,Aberdeen,78.2,84.5,87.0,4.0,20.3,,8.0,423.0,75.5020080321285
2013,"Business, Management & Marketing",109,95.0,14.0,Abertay Dundee,33.5,,,3.0,28.3,41.0,,277.0,
2014,"Business, Management & Marketing",111,109.0,2.0,Abertay Dundee,38.3,72.8771988704023,81.2190476190476,2.0,27.0,46.0,6.0,281.0,51.4276629449375
2015,"Business, Management & Marketing",85,111.0,-26.0,Abertay Dundee,55.9,77.2117164771224,83.080808080808,3.0,25.0,64.0,7.0,291.0,51.643432816276
2013,"Business, Management & Marketing",76,79.0,-3.0,Aberystwyth,46.4,76.5224193665624,78.4071146146954,3.0,26.4,56.0,7.0,257.0,61.279387556255
2014,"Business, Management & Marketing",88,76.0,12.0,Aberystwyth,49.0,77.0530255149204,87.160215178606,4.0,23.1,44.0,5.0,299.0,65.2982522934901
2015,"Business, Management & Marketing",70,88.0,-18.0,Aberystwyth,61.4,86.9729215188376,88.186429103551,3.0,26.7,57.9999999999999,6.0,298.0,64.4596633292693
2013,"Business, Management & Marketing",102,104.0,-2.0,Anglia Ruskin,39.2,71.7622536760002,69.4505469833386,7.0,26.6,47.0,4.0,214.0,58.8900922533132
2014,"Business, Management & Marketing",97,102.0,-5.0,Anglia Ruskin,43.7,73.9192848173292,76.9805339815419,7.0,27.7,59.0,3.0,232.0,56.493466174991
2015,"Business, Management & Marketing",111,97.0,14.0,Anglia Ruskin,42.6,71.9127110232926,73.6726862302483,7.0,28.8,49.0,1.0,244.0,55.5680703052882
2013,"Business, Management & Marketing",22,27.0,-5.0,Aston,66.4,80.5315781578158,85.0,9.0,27.4,77.0,7.0,403.0,59.6347003511087
2014,"Business, Management & Marketing",26,22.0,4.0,Aston,69.5,80.0995024875622,82.8282828282828,9.0,23.7,78.0,7.0,404.0,57.0
2015,"Business, Management & Marketing",28,26.0,2.0,Aston,77.0,85.2867830423939,90.9999999999999,7.0,24.3,73.0,7.0,386.0,70.3406813627254
2013,"Business, Management & Marketing",61,82.0,-21.0,Bangor,50.6,79.9714178393346,88.4499630761817,5.0,31.0,33.0,8.0,303.0,70.8977164432543
2014,"Business, Management & Marketing",76,61.0,15.0,Bangor,52.0,80.182153231015,86.1570510870227,6.0,31.4,45.0,6.0,314.0,69.4866277933137
2015,"Business, Management & Marketing",101,76.0,25.0,Bangor,50.0,75.5313457352373,85.427209936316,4.0,32.9,51.0,4.0,313.0,63.6661511223629
2013,"Business, Management & Marketing",6,8.0,-2.0,Bath,82.4,87.5917845713844,93.3288880950964,8.0,21.8,86.0,9.0,471.0,66.2826400714307
2014,"Business, Management & Marketing",3,6.0,-3.0,Bath,88.6,89.8221489552759,93.5026737967914,8.0,19.4,87.0,7.0,487.0,71.2124762980165
2015,"Business, Management & Marketing",3,3.0,0.0,Bath,95.8,92.3076923076922,98.0,8.0,20.7,89.0,9.0,466.0,76.0479041916167
2013,"Business, Management & Marketing",24,52.0,-28.0,Bath Spa,65.1,93.25,95.0,4.0,28.2,58.0,9.0,294.0,82.8282828282828
2014,"Business, Management & Marketing",26,24.0,2.0,Bath Spa,69.5,89.7243107769424,94.949494949495,3.0,25.1,62.0,7.0,327.0,83.9034205231388
2015,"Business, Management & Marketing",33,26.0,7.0,Bath Spa,72.0,93.2668329177057,94.059405940594,3.0,26.3,74.0,6.0,292.0,84.3687374749498
2013,"Business, Management & Marketing",113,111.0,2.0,Bedfordshire,30.8,73.762248763892,71.880033484398,4.0,24.5,26.0,3.0,171.0,65.4719975276712
2014,"Business, Management & Marketing",112,113.0,-1.0,Bedfordshire,38.2,78.2984644703875,78.273430655949,5.0,27.9,33.0,3.0,195.0,70.9587664772911
2015,"Business, Management & Marketing",113,112.0,1.0,Bedfordshire,33.0,72.2909531691338,75.2814859322343,3.0,31.7,37.0,1.0,195.0,61.4352684806219
2013,"Business, Management & Marketing",30,18.0,12.0,Birmingham,62.7,75.1312973283465,71.5715536705235,9.0,19.6,70.0,8.0,418.0,42.5665780663195
2014,"Business, Management & Marketing",14,30.0,-16.0,Birmingham,78.5,83.7959131570639,86.219294517637,10.0,20.8,82.0,8.0,421.0,57.8845301773971
2015,"Business, Management & Marketing",22,14.0,8.0,Birmingham,79.3,83.2312142325973,81.6951298619975,8.0,20.3999999999999,89.0,8.0,415.0,53.9559272595085
2013,"Business, Management & Marketing",60,91.0,-31.0,Birmingham City,51.0,80.9404916290322,82.1443539318527,6.0,32.8,51.0,7.0,270.0,71.7361536726591
2014,"Business, Management & Marketing",59,60.0,-1.0,Birmingham City,57.3,84.9970478477115,88.8260496195757,6.0,33.0,58.0,7.0,296.0,73.6499394172069
2015,"Business, Management & Marketing",53,59.0,-6.0,Birmingham City,64.5999999999999,85.3892872471991,88.3641618497109,4.0,30.7,56.0,9.0,297.0,71.4739286823389
2013,"Business, Management & Marketing",112,115.0,-3.0,Bolton,30.9,83.4875287747115,77.9411128885814,4.0,34.1,37.0,2.0,217.0,76.0445538363238
2014,"Business, Management & Marketing",107,112.0,-5.0,Bolton,39.5,77.2579772912378,82.5366161616162,4.0,29.9,46.0,1.0,266.0,65.9926634200897
2015,"Business, Management & Marketing",108,107.0,1.0,Bolton,46.8,76.1698181309485,65.1785714285714,4.0,21.3,23.0,2.0,244.0,66.9831143584011
2013,"Business, Management & Marketing",55,59.0,-4.0,Bournemouth,52.5,73.9287712932784,73.6694899303595,6.0,25.7,62.0,8.0,323.0,57.4336426379429
2014,"Business, Management & Marketing",34,55.0,-21.0,Bournemouth,66.4,81.0045327442846,85.0864852808305,6.0,24.3,66.0,9.0,346.0,69.9787110878166
2015,"Business, Management & Marketing",52,34.0,18.0,Bournemouth,64.8,80.0727797942382,82.1559212242413,5.0,25.7,71.0,6.0,335.0,65.9604730284845
2013,"Business, Management & Marketing",63,43.0,20.0,Bradford,50.5,77.6843964493068,86.0401115350803,8.0,23.6,53.0,3.0,265.0,67.1717551498578
2014,"Business, Management & Marketing",99,63.0,36.0,Bradford,43.2,73.3304270370068,77.0215864692374,8.0,24.5,53.0,1.0,310.0,53.9549409724534
2015,"Business, Management & Marketing",34,99.0,-65.0,Bradford,70.5999999999999,80.1166945862871,85.1383632464723,8.0,21.2,66.0,5.0,317.0,63.8719231862317
2013,"Business, Management & Marketing",58,75.0,-17.0,Brighton,51.6,82.6830987639456,82.7517582539328,3.0,24.5,46.0,6.0,267.0,72.0380054414408
2014,"Business, Management & Marketing",75,58.0,17.0,Brighton,52.1,76.9384296785244,74.4189111735098,3.0,24.0,60.0,8.0,290.0,57.9643691833278
2015,"Business, Management & Marketing",55,75.0,-20.0,Brighton,64.2,73.9348370927318,77.0,4.0,21.1,60.0,9.0,312.0,61.87624750499
2013,"Business, Management & Marketing",4,6.0,-2.0,Bristol,90.4,87.1264888703454,94.2351764638776,10.0,7.4,65.0,7.0,440.0,80.2539881651305
2014,"Business, Management & Marketing",8,4.0,4.0,Bristol,83.1,81.2251777440031,81.605206516075,9.0,,88.0,7.0,458.0,64.2223389874534
2013,"Business, Management & Marketing",45,97.0,-52.0,Brunel,54.3,77.6408401883785,84.7416936921458,5.0,30.0,59.0,5.0,362.0,73.1940019607167
2014,"Business, Management & Marketing",44,45.0,-1.0,Brunel,63.5,78.706385404789,86.7913792519503,6.0,25.1,49.0,8.0,356.0,76.9027509405363
2015,"Business, Management & Marketing",60,44.0,16.0,Brunel,63.3,78.9838480131133,85.125466189003,5.0,25.0,60.0,3.0,329.0,76.6846802670326
2013,"Business, Management & Marketing",28,15.0,13.0,Buckingham,63.9,88.668389925278,90.2156092916984,4.0,8.9,,1.0,278.0,72.8666385759125
2014,"Business, Management & Marketing",31,28.0,3.0,Buckingham,67.8,81.9167884182168,88.074942244303,4.0,11.9,,3.0,288.0,72.1111465559223
2015,"Business, Management & Marketing",18,31.0,-13.0,Buckingham,81.0999999999999,95.6272594080503,94.9250816457625,4.0,10.8,,2.0,320.0,82.5018950346846
2013,"Business, Management & Marketing",104,114.0,-10.0,Bucks New University,38.6,81.4506208286885,76.4295734435207,4.0,24.2,45.0,2.0,194.0,70.0945464851644
2014,"Business, Management & Marketing",108,104.0,4.0,Bucks New University,39.3,82.8740640412498,82.787034016898,4.0,25.6,42.0,1.0,212.0,69.9589535692194
2015,"Business, Management & Marketing",110,108.0,2.0,Bucks New University,43.1,76.5009915197803,71.3034751577273,3.0,30.3,43.0,3.0,235.0,63.8417103183902
2013,"Business, Management & Marketing",99,83.0,16.0,Canterbury Christ Church,39.4,75.8722580536322,81.2110798628501,3.0,23.5,49.0,4.0,219.0,59.9955124399772
2014,"Business, Management & Marketing",80,99.0,-19.0,Canterbury Christ Church,50.4,83.7765506729501,85.9437219256368,3.0,23.4,44.0,5.0,249.0,71.2377462336452
2015,"Business, Management & Marketing",76,80.0,-4.0,Canterbury Christ Church,59.3,82.9718606070958,85.1469419469419,3.0,22.5,62.0,5.0,256.0,70.0926038304183
2013,"Business, Management & Marketing",25,32.0,-7.0,Cardiff,64.9,79.5534644935082,86.1923005241701,7.0,18.5,76.0,4.0,415.0,57.7342378279398
2014,"Business, Management & Marketing",18,25.0,-7.0,Cardiff,76.5,85.1929678848284,91.2444936630983,8.0,16.7,71.0,6.0,424.0,69.9599778808651
2015,"Business, Management & Marketing",21,18.0,3.0,Cardiff,79.9,83.790523690773,89.9999999999999,7.0,16.6,75.0,7.0,397.0,70.8835341365461
2013,"Business, Management & Marketing",83,,,Cardiff Met,44.6,79.3576198795121,84.821887801025,3.0,21.7,42.0,1.0,263.0,75.779397430761
2014,"Business, Management & Marketing",113,83.0,30.0,Cardiff Met,34.7,64.4737108391992,67.7666268829526,3.0,27.2,37.0,4.0,297.0,68.833321725991
2015,"Business, Management & Marketing",105,113.0,-8.0,Cardiff Met,47.6,87.1053220774964,86.3549354935493,3.0,28.3,37.0,1.0,295.0,79.8563402953841
2013,"Business, Management & Marketing",72,73.0,-1.0,Central Lancashire,48.0,78.0032998395917,83.1801678966936,5.0,22.9,54.0,3.0,299.0,67.0822792583611
2014,"Business, Management & Marketing",67,72.0,-5.0,Central Lancashire,54.9,78.5533551586215,85.5757458400647,5.0,22.0,54.0,4.0,300.0,73.6772005214017
2015,"Business, Management & Marketing",50,67.0,-17.0,Central Lancashire,65.5,80.4578558925112,88.2180881986546,4.0,21.2,49.0,5.0,334.0,76.5276571580167
2013,"Business, Management & Marketing",37,52.0,-15.0,Chester,58.6,82.8383818227484,85.3721100129059,4.0,21.1,70.0,8.0,264.0,70.6127816294772
2014,"Business, Management & Marketing",38,37.0,1.0,Chester,65.2,85.0121691457411,88.1793252358944,3.0,17.2,62.0,8.0,292.0,67.7879149802108
2015,"Business, Management & Marketing",65,38.0,27.0,Chester,61.7,76.6100019830045,80.2893820675147,4.0,20.3,66.0,4.0,295.0,62.458887867334
2013,"Business, Management & Marketing",54,57.0,-3.0,Chichester,52.8,85.1618184714053,90.8554323464931,3.0,23.0,,,233.0,62.949583455013
2014,"Business, Management & Marketing",70,54.0,16.0,Chichester,53.1,81.6169829248426,85.3061968408262,3.0,19.6,66.0,2.0,275.0,64.8438286318243
2015,"Business, Management & Marketing",72,70.0,2.0,Chichester,60.6,84.9517904677252,86.0108766203807,2.0,21.1,,5.0,257.0,70.6048632344339
2013,"Business, Management & Marketing",2,3.0,-1.0,City,93.4,88.371367278294,92.4323717706557,10.0,18.9,72.0,10.0,429.0,71.2232381499553
2014,"Business, Management & Marketing",4,2.0,2.0,City,86.8,81.3478505155501,88.9320903350949,10.0,22.6,77.0,8.0,450.0,66.4275974820821
2015,"Business, Management & Marketing",7,4.0,3.0,City,88.4,87.663557887234,94.0831411908314,10.0,22.5,61.0,9.0,462.0,66.2463131433052
2013,"Business, Management & Marketing",33,48.0,-15.0,Coventry,61.7,82.8801207865653,82.7202980330136,4.0,17.3,54.0,9.0,274.0,70.3751815854362
2014,"Business, Management & Marketing",12,33.0,-21.0,Coventry,79.9,88.69829611333,90.9902962962963,5.0,14.3,69.0,9.0,278.0,78.8264456119029
2015,"Business, Management & Marketing",23,12.0,11.0,Coventry,79.2,89.6870416169436,91.5555478104549,4.0,16.6,71.0,8.0,290.0,78.0812450689172
2013,"Business, Management & Marketing",90,31.0,59.0,Cumbria,42.6,65.9804468066718,53.5119029144294,9.0,12.2,34.0,5.0,211.0,52.4823344107224
2014,"Business, Management & Marketing",114,90.0,24.0,Cumbria,29.6,65.0,56.0,6.0,21.4,34.0,4.0,225.0,46.0
2015,"Business, Management & Marketing",109,114.0,-5.0,Cumbria,46.6,60.6060606060606,48.4848484848484,6.0,17.1,34.0,5.0,256.0,48.9959839357429
2013,"Business, Management & Marketing",39,51.0,-12.0,De Montfort,57.0,85.8210224192538,91.1210082087933,3.0,26.2,45.0,8.0,281.0,76.8021983343484
2014,"Business, Management & Marketing",55,39.0,16.0,De Montfort,58.9,86.4640694165817,90.0466850937293,3.0,30.7,53.0,8.0,297.0,76.0388581899256
2015,"Business, Management & Marketing",54,55.0,-1.0,De Montfort,64.4,84.5508068856521,89.7409308172196,3.0,29.4,50.0,9.0,298.0,72.8438023115843
2013,"Business, Management & Marketing",91,101.0,-10.0,Derby,42.0,75.4407470214692,77.3822199738724,4.0,21.4,45.0,3.0,254.0,64.618795278238
2014,"Business, Management & Marketing",83,91.0,-8.0,Derby,50.0,81.4122191641355,82.2187729402222,4.0,21.7,45.0,3.0,270.0,69.3664785965307
2015,"Business, Management & Marketing",37,83.0,-46.0,Derby,70.0,84.3718660602576,88.4597050142494,5.0,17.5,51.0,6.0,284.0,78.2513913278446
2013,"Business, Management & Marketing",69,55.0,14.0,Dundee,49.3,84.3422751963246,78.1381992317962,4.0,25.3,50.0,5.0,347.0,59.7117675732871
2014,"Business, Management & Marketing",44,69.0,-25.0,Dundee,63.5,88.3226593127526,91.1754509265564,3.0,22.1,63.0,3.0,372.0,69.6932344285219
2015,"Business, Management & Marketing",91,44.0,47.0,Dundee,54.7,68.9911542406684,60.5315435052277,6.0,28.1,,7.0,373.0,61.293401112006
2013,"Business, Management & Marketing",20,26.0,-6.0,Durham,70.3,83.5544113235457,88.9011704193565,8.0,25.2,69.0,6.0,410.0,73.6567875974807
2014,"Business, Management & Marketing",19,20.0,-1.0,Durham,74.0,83.5285487573481,84.5481108817284,8.0,25.6,81.0,4.0,410.0,77.1069025043312
2015,"Business, Management & Marketing",16,19.0,-3.0,Durham,81.4,80.3363291539835,83.4043690083294,7.0,28.7,96.0,6.0,439.0,76.0393803479975
2013,"Business, Management & Marketing",105,93.0,12.0,East London,38.1,74.6430922246148,81.3410234522419,3.0,29.2,51.0,4.0,180.0,63.7320161238973
2014,"Business, Management & Marketing",110,105.0,5.0,East London,38.4,75.3241482687393,75.5975119486026,3.0,31.3,30.0,8.0,216.0,64.7758598294294
2015,"Business, Management & Marketing",104,110.0,-6.0,East London,48.6,72.263437457674,77.0985014165258,4.0,34.1,33.0,8.0,257.0,64.6168638444248
2013,"Business, Management & Marketing",75,77.0,-2.0,Edge Hill,46.8,80.7243496930338,84.2726853330494,3.0,16.0,33.0,6.0,241.0,62.4716807587007
2014,"Business, Management & Marketing",91,75.0,16.0,Edge Hill,46.5,76.2566801948731,75.107319880253,3.0,19.8,64.0,2.0,289.0,59.4251400749739
2015,"Business, Management & Marketing",84,91.0,-7.0,Edge Hill,56.8,80.6384632854761,81.5407136898109,3.0,21.1,41.0,4.0,286.0,70.0993132627451
2013,"Business, Management & Marketing",18,25.0,-7.0,Edinburgh,71.6,77.8447545588184,82.7295236008823,10.0,22.0,66.0,9.0,446.0,53.4873736244468
2014,"Business, Management & Marketing",22,18.0,4.0,Edinburgh,72.8,78.1629200840924,83.4019919267346,10.0,22.5,73.0,9.0,457.0,46.9140573087534
2015,"Business, Management & Marketing",20,22.0,-2.0,Edinburgh,80.4,76.2655892824406,84.5522811760729,10.0,20.0,72.0,8.0,458.0,56.0186326720298
2013,"Business, Management & Marketing",38,37.0,1.0,Edinburgh Napier,58.1,82.7130628303979,87.5160005695305,4.0,23.1,59.0,8.0,298.0,65.6409863834982
2014,"Business, Management & Marketing",57,38.0,19.0,Edinburgh Napier,58.1,85.4339986182276,92.4856655791022,4.0,29.9,58.0,8.0,323.0,71.3744733365949
2015,"Business, Management & Marketing",35,57.0,-22.0,Edinburgh Napier,70.5,86.9257187210259,88.351665871996,4.0,28.0,67.0,8.0,353.0,72.4409261923436
2013,"Business, Management & Marketing",86,87.0,-1.0,Essex,43.5,78.5788912210585,83.8895018025258,4.0,21.6,50.0,1.0,323.0,61.3920545724309
2014,"Business, Management & Marketing",90,86.0,4.0,Essex,47.7,78.185494038948,84.7208615781015,4.0,21.9,60.0,1.0,318.0,62.8762272658045
2015,"Business, Management & Marketing",73,90.0,-17.0,Essex,60.4,85.628227454579,86.7997596376074,4.0,21.8,52.0,2.0,315.0,72.0874991300619
2013,"Business, Management & Marketing",14,14.0,0.0,Exeter,74.4,89.8797704315706,91.6465346959808,6.0,26.1,80.0,7.0,456.0,69.0456424143469
2014,"Business, Management & Marketing",24,14.0,10.0,Exeter,71.6,87.7406184365462,90.4047548441183,6.0,27.9,79.0,5.0,456.0,71.4082652697958
2015,"Business, Management & Marketing",17,24.0,-7.0,Exeter,81.2,84.8844714013174,85.6927635206197,6.0,23.4,84.0,7.0,448.0,70.3793324213626
2015,"Business, Management & Marketing",112,,,Falmouth,39.2999999999999,59.2039800995024,34.0,9.0,26.9,,,273.0,34.8605577689243
2013,"Business, Management & Marketing",78,50.0,28.0,Glamorgan,45.9,83.7987170272546,85.6624211581439,4.0,32.7,38.0,6.0,270.0,72.4797455243397
2013,"Business, Management & Marketing",9,12.0,-3.0,Glasgow,78.4,89.7888799386212,95.3648567201797,8.0,25.8,77.0,8.0,460.0,69.6048392302931
2014,"Business, Management & Marketing",16,9.0,7.0,Glasgow,77.7,87.0190545363247,90.3815026684785,6.0,30.2,86.0,8.0,484.0,71.1701967883396
2015,"Business, Management & Marketing",48,16.0,32.0,Glasgow,66.0999999999999,86.4908156359576,86.4933130368598,7.0,27.1,75.0,4.0,449.0,51.1696875901345
2013,"Business, Management & Marketing",103,69.0,34.0,Glasgow Caledonian,39.0,79.1619995091137,82.4923832923833,3.0,32.2,39.0,7.0,342.0,52.9075423836624
2014,"Business, Management & Marketing",94,103.0,-9.0,Glasgow Caledonian,46.1,79.6141670762654,86.0496796197726,4.0,33.8,50.0,8.0,349.0,51.8909836596902
2015,"Business, Management & Marketing",102,94.0,8.0,Glasgow Caledonian,49.6,76.9729653187882,80.4064743823779,4.0,36.5,45.0,7.0,366.0,59.4245465695115
2013,"Business, Management & Marketing",67,65.0,2.0,Gloucestershire,50.0,71.9883460043514,69.1371257125712,3.0,27.0,49.0,10.0,273.0,61.537955432308
2014,"Business, Management & Marketing",68,67.0,1.0,Gloucestershire,54.6,74.957593073132,79.5131777463461,4.0,25.2,63.0,10.0,274.0,65.247689707048
2015,"Business, Management & Marketing",59,68.0,-9.0,Gloucestershire,63.7,77.2999879907982,81.3133497133497,4.0,23.7,79.0,9.0,264.0,58.4083821135537
2013,"Business, Management & Marketing",116,113.0,3.0,Glyndwr,27.1,64.7887729949465,58.5175282234106,4.0,36.7,,8.0,219.0,60.742642107348
2014,"Business, Management & Marketing",105,116.0,-11.0,Glyndwr,40.4,73.7042998120301,65.7462121212121,3.0,27.3,,,202.0,61.5040419161677
2013,"Business, Management & Marketing",64,67.0,-3.0,Greenwich,50.1,87.251930057746,90.0331036105111,4.0,25.8,42.0,,243.0,76.7300533040844
2014,"Business, Management & Marketing",41,64.0,-23.0,Greenwich,64.3,87.2686580375072,89.6291374488689,4.0,22.2,42.0,8.0,268.0,78.1516867428581
2015,"Business, Management & Marketing",50,41.0,9.0,Greenwich,65.5,83.3018465630761,86.8114218439387,3.0,21.9,39.0,9.0,304.0,72.4953104894016
2015,"Business, Management & Marketing",88,,,Harper Adams,55.1,86.7167919799498,75.4901960784314,6.0,21.4,,1.0,312.0,64.7999999999999
2013,"Business, Management & Marketing",23,16.0,7.0,Heriot-Watt,66.3,87.3152576883173,89.8611312915578,10.0,35.6,72.0,9.0,360.0,58.337870310513
2014,"Business, Management & Marketing",21,23.0,-2.0,Heriot-Watt,73.0,86.7325824326327,91.7107535669392,,29.9,72.0,7.0,384.0,77.9695562649589
2015,"Business, Management & Marketing",4,21.0,-17.0,Heriot-Watt,90.0,89.1413579561614,96.949218170202,10.0,21.5,71.0,7.0,407.0,75.1732552476839
2013,"Business, Management & Marketing",84,76.0,8.0,Hertfordshire,44.5,74.3689052670541,83.002842532272,4.0,24.1,44.0,7.0,284.0,59.0146399067803
2014,"Business, Management & Marketing",87,84.0,3.0,Hertfordshire,49.3,73.1183452942087,79.4217266274191,4.0,22.0,42.0,7.0,304.0,56.6771286457543
2015,"Business, Management & Marketing",56,87.0,-31.0,Hertfordshire,64.0,78.1231385929386,80.9961818719582,4.0,21.4,53.0,6.0,353.0,69.1690118058747
2013,"Business, Management & Marketing",48,72.0,-24.0,Huddersfield,53.4,79.4446357382433,80.4398458623406,4.0,20.5,61.0,4.0,289.0,68.2972394492458
2014,"Business, Management & Marketing",33,48.0,-15.0,Huddersfield,67.0,86.3291502589183,90.7873550823249,4.0,22.1,63.0,7.0,322.0,77.9959840470909
2015,"Business, Management & Marketing",45,33.0,12.0,Huddersfield,67.3,83.9279901226667,87.3449237264508,4.0,22.0,67.0,4.0,332.0,71.5846448551922
2013,"Business, Management & Marketing",64,80.0,-16.0,Hull,50.1,80.569013584876,88.0685549862299,6.0,32.6,65.0,3.0,299.0,67.2217090789257
2014,"Business, Management & Marketing",65,64.0,1.0,Hull,55.0,82.7200091544403,87.3126628366661,6.0,29.9,71.0,3.0,313.0,68.258084133199
2015,"Business, Management & Marketing",79,65.0,14.0,Hull,59.2,79.5021496769847,86.5239183589891,6.0,24.6,42.0,6.0,299.0,66.4189868438305
2013,"Business, Management & Marketing",57,48.0,9.0,Keele,51.8,81.6258542252502,84.8830811866794,4.0,26.6,72.0,5.0,296.0,62.2572857156736
2014,"Business, Management & Marketing",79,57.0,22.0,Keele,50.5,78.7413922640327,79.0571975150891,4.0,25.6,72.0,4.0,325.0,55.1120577762674
2015,"Business, Management & Marketing",61,79.0,-18.0,Keele,63.2,83.6981741379702,89.6183201677917,3.0,23.8,69.0,3.0,363.0,67.1229182991237
2013,"Business, Management & Marketing",31,23.0,8.0,Kent,61.9,78.8261572667249,85.344823080511,7.0,19.4,70.0,4.0,343.0,62.5815207726424
2014,"Business, Management & Marketing",28,31.0,-3.0,Kent,69.4,80.2673089822773,90.3816511957218,6.0,18.9,70.0,6.0,377.0,68.2707282613988
2015,"Business, Management & Marketing",25,28.0,-3.0,Kent,78.7,82.5374300114486,88.2819090952177,5.0,18.5,77.0,8.0,370.0,66.0555574683552
2013,"Business, Management & Marketing",15,20.0,-5.0,King's College London,73.8,86.9870237023702,85.8585858585858,4.0,23.4,73.0,7.0,457.0,75.5826437435612
2014,"Business, Management & Marketing",50,15.0,35.0,King's College London,61.0,72.1804511278196,70.0,5.0,22.8,71.0,7.0,471.0,50.2994011976048
2015,"Business, Management & Marketing",30,50.0,-20.0,King's College London,73.8,76.25,68.0,5.0,18.2,73.0,7.0,490.0,56.0240963855421
2013,"Business, Management & Marketing",74,81.0,-7.0,Kingston,47.0,74.3219821447863,78.6357793331097,7.0,23.2,47.0,5.0,276.0,59.150058400944
2014,"Business, Management & Marketing",81,74.0,7.0,Kingston,50.3,80.2839081187508,85.0333133023467,7.0,22.7,44.0,2.0,289.0,66.839324044943
2015,"Business, Management & Marketing",83,81.0,2.0,Kingston,57.1,75.1218466594717,84.2964307870525,5.0,23.6,44.0,5.0,288.0,65.4311594247161
2013,"Business, Management & Marketing",13,10.0,3.0,Lancaster,76.0,85.6290646307402,90.2355553597679,8.0,18.9,83.0,7.0,393.0,68.3456782990526
2014,"Business, Management & Marketing",15,13.0,2.0,Lancaster,77.9,87.6149918875265,92.2392661902294,7.0,20.3,80.0,5.0,419.0,70.5165924653616
2015,"Business, Management & Marketing",11,15.0,-4.0,Lancaster,84.8,86.745756549054,90.1078003754132,8.0,20.1,83.0,7.0,444.0,63.0987702547011
2013,"Business, Management & Marketing",17,20.0,-3.0,Leeds,72.4,84.2160723990706,86.9509971048551,8.0,21.5,73.0,7.0,430.0,66.4827464650352
2014,"Business, Management & Marketing",13,17.0,-4.0,Leeds,79.3,86.8882448250167,91.0622296077701,10.0,23.5,72.0,8.0,446.0,70.4515984277529
2015,"Business, Management & Marketing",9,13.0,-4.0,Leeds,86.6,88.0370161954869,87.3794560446322,9.0,18.3999999999999,77.0,8.0,438.0,67.52787066385
2013,"Business, Management & Marketing",111,110.0,1.0,Leeds Met,32.0,72.9553837888347,77.0241020754795,3.0,28.0,48.0,2.0,253.0,58.6073608208246
2014,"Business, Management & Marketing",103,111.0,-8.0,Leeds Met,41.0,78.7476679162869,80.7160536502528,3.0,30.7,60.0,3.0,267.0,60.8674658373402
2015,"Business, Management & Marketing",105,103.0,2.0,Leeds Met,47.6,76.5406407295599,77.9120255775577,3.0,30.2,61.0,4.0,256.0,54.0903340613694
2014,"Business, Management & Marketing",95,,,Leeds Trinity,45.6,83.50202578019,81.1427650765076,2.0,21.7,,1.0,239.0,74.7363995321688
2015,"Business, Management & Marketing",63,95.0,-32.0,Leeds Trinity,62.7,87.6950073151072,88.0770491803278,2.0,22.9,66.0,6.0,221.0,72.9525150231748
2013,"Business, Management & Marketing",94,103.0,-9.0,Leeds Trinity University College,41.2,81.3562848595181,90.9856459330144,3.0,23.0,,1.0,219.0,75.0565533997009
2013,"Business, Management & Marketing",16,29.0,-13.0,Leicester,72.8,80.0,80.1980198019802,10.0,15.1,50.0,8.0,375.0,70.0642575997019
2014,"Business, Management & Marketing",10,16.0,-6.0,Leicester,81.8,82.9145728643216,85.0,10.0,13.8,71.0,6.0,376.0,67.0
2015,"Business, Management & Marketing",12,10.0,2.0,Leicester,84.6,86.5336658354114,91.0,9.0,14.0,72.0,5.0,368.0,67.4
2013,"Business, Management & Marketing",35,32.0,3.0,Lincoln,59.6,87.2240417813408,87.698927678235,3.0,26.1,66.0,6.0,301.0,75.2403604985643
2014,"Business, Management & Marketing",51,35.0,16.0,Lincoln,60.6,85.0684164633632,91.6615120274914,3.0,26.2,68.0,4.0,307.0,74.5434445150951
2015,"Business, Management & Marketing",91,51.0,40.0,Lincoln,54.7,71.9153567568913,77.4419889502762,3.0,31.4,72.0,4.0,320.0,65.5856909757666
2013,"Business, Management & Marketing",42,39.0,3.0,Liverpool,56.0,78.2059924881888,80.2967931984726,6.0,26.0,53.0,7.0,379.0,64.8384769865817
2014,"Business, Management & Marketing",51,42.0,9.0,Liverpool,60.6,79.4451571111626,82.96137071478,6.0,24.0,63.0,4.0,391.0,70.8411162057807
2015,"Business, Management & Marketing",47,51.0,-4.0,Liverpool,66.9,81.8980071237994,90.8447032564528,5.0,23.7,62.0,4.0,392.0,68.4873547644247
2013,"Business, Management & Marketing",80,107.0,-27.0,Liverpool John Moores,45.7,75.7891379775428,85.3093010496269,4.0,25.5,46.0,5.0,312.0,64.6041756903081
2014,"Business, Management & Marketing",64,80.0,-16.0,Liverpool John Moores,55.3,78.6099868361839,85.2596634521889,3.0,25.5,50.0,7.0,319.0,74.229093938051
2015,"Business, Management & Marketing",43,64.0,-21.0,Liverpool John Moores,67.8,81.014050917185,83.2664746324628,3.0,22.8,50.0,8.0,316.0,79.4483213620601
2013,"Business, Management & Marketing",108,116.0,-8.0,London Met,34.2,72.2680414862447,70.676286977029,3.0,25.1,37.0,7.0,218.0,54.1133590802079
2014,"Business, Management & Marketing",109,108.0,1.0,London Met,38.9,76.0485197411568,75.7590512782622,2.0,24.4,45.0,5.0,216.0,55.424641796441
2015,"Business, Management & Marketing",107,109.0,-2.0,London Met,47.0,71.6241062135817,68.218059978437,2.0,23.0,43.0,6.0,230.0,57.1180055956775
2013,"Business, Management & Marketing",9,12.0,-3.0,London School of Economics,78.4,75.9410774410774,84.5450170017002,8.0,14.1,82.0,4.0,509.0,68.3955108800754
2014,"Business, Management & Marketing",6,9.0,-3.0,London School of Economics,85.4,78.5376637975457,83.2877082489631,9.0,13.2,82.0,5.0,515.0,73.1478950693061
2015,"Business, Management & Marketing",5,6.0,-1.0,London School of Economics,89.6,81.9447121324437,89.4084507042253,10.0,12.7,68.0,5.0,500.0,67.9392953444883
2013,"Business, Management & Marketing",99,92.0,7.0,London South Bank,39.4,85.1612065663507,89.4646853001451,4.0,33.2,37.0,5.0,192.0,67.9991631369271
2014,"Business, Management & Marketing",95,99.0,-4.0,London South Bank,45.6,82.3651782431071,87.0180820551191,4.0,27.6,40.0,4.0,232.0,68.9531126790982
2015,"Business, Management & Marketing",88,95.0,-7.0,London South Bank,55.1,81.8158200378996,83.9046563192904,4.0,26.7,45.0,6.0,204.0,70.1949661031134
2013,"Business, Management & Marketing",7,9.0,-2.0,Loughborough,80.9,92.4978325449874,93.918147049362,7.0,25.5,89.0,7.0,446.0,78.6075778352749
2014,"Business, Management & Marketing",11,7.0,4.0,Loughborough,80.0,87.7106392680393,94.2431724653947,7.0,24.1,82.0,7.0,438.0,71.6892711061081
2015,"Business, Management & Marketing",10,11.0,-1.0,Loughborough,85.3,85.2633054984265,93.2273321584901,7.0,20.5,87.0,8.0,414.0,71.3053002629837
2013,"Business, Management & Marketing",19,28.0,-9.0,Manchester,70.5,75.4198996459782,78.2348479423668,10.0,17.0,64.0,5.0,410.0,55.7949150853148
2014,"Business, Management & Marketing",25,19.0,6.0,Manchester,70.6,78.5075530291466,83.771980930951,,16.9,66.0,4.0,430.0,61.9178546694767
2015,"Business, Management & Marketing",19,25.0,-6.0,Manchester,80.7,76.948234314403,80.5351659665821,10.0,17.0,68.0,5.0,422.0,60.1671114774098
2013,"Business, Management & Marketing",95,85.0,10.0,Manchester Met,41.1,70.2253223893676,73.3305790639124,3.0,25.5,57.0,4.0,277.0,63.2407470098752
2014,"Business, Management & Marketing",73,95.0,-22.0,Manchester Met,52.7,76.4476652979081,80.6320858708533,3.0,24.9,57.0,6.0,319.0,67.9405378964154
2015,"Business, Management & Marketing",67,73.0,-6.0,Manchester Met,61.5,78.0975928369138,81.6225476753282,3.0,27.4,60.0,8.0,332.0,69.0481819755404
2013,"Business, Management & Marketing",82,74.0,8.0,Middlesex,45.4,78.3507259706286,83.9380566521236,6.0,27.9,31.0,8.0,199.0,71.2655981090128
2014,"Business, Management & Marketing",84,82.0,2.0,Middlesex,49.7,78.0876355062743,86.7242440560696,6.0,29.5,39.0,8.0,231.0,70.4190738035542
2015,"Business, Management & Marketing",75,84.0,-9.0,Middlesex,59.4,83.051053713555,87.6568956383542,5.0,25.4,37.0,5.0,274.0,77.0516645365731
2013,"Business, Management & Marketing",29,34.0,-5.0,Newcastle,63.3,77.8173614728798,83.9083884699024,6.0,23.8,75.0,7.0,410.0,60.8908511936982
2014,"Business, Management & Marketing",36,29.0,7.0,Newcastle,65.4,73.7492942838062,79.5684157852316,6.0,23.1,82.0,8.0,432.0,61.1092668019071
2015,"Business, Management & Marketing",45,36.0,9.0,Newcastle,67.3,72.8160189000143,78.4931140640026,4.0,32.2,85.0,8.0,418.0,69.1678828674928
2013,"Business, Management & Marketing",96,88.0,8.0,Newport,40.1,87.8415965312309,91.7251908396947,3.0,31.3,,1.0,222.0,85.1386935640129
2013,"Business, Management & Marketing",88,70.0,18.0,Northampton,43.1,83.6451069675232,84.2152983824386,4.0,26.4,36.0,5.0,217.0,71.7399419352101
2014,"Business, Management & Marketing",46,88.0,-42.0,Northampton,63.3,86.4766959077823,87.8585704724318,6.0,26.0,56.0,8.0,274.0,72.893337118866
2015,"Business, Management & Marketing",42,46.0,-4.0,Northampton,68.0,86.894051702905,89.3611255862428,6.0,24.6,56.9999999999999,8.0,264.0,74.4769201852145
2013,"Business, Management & Marketing",68,40.0,28.0,Northumbria,49.8,73.2483263599365,77.1115685451706,5.0,24.5,62.0,5.0,333.0,59.1496112218589
2014,"Business, Management & Marketing",42,68.0,-26.0,Northumbria,64.0,82.5567222906268,87.0684135016765,5.0,22.8,66.0,7.0,347.0,72.0230890790713
2015,"Business, Management & Marketing",62,42.0,20.0,Northumbria,62.8,76.9423558897243,84.0,4.0,23.2,66.0,4.0,362.0,66.4
2013,"Business, Management & Marketing",26,17.0,9.0,Nottingham,64.2,75.0210498128293,80.7061037178704,8.0,18.6,72.0,5.0,405.0,59.6939436130056
2014,"Business, Management & Marketing",37,26.0,11.0,Nottingham,65.3,74.3330618857497,81.1325993577345,8.0,18.7,62.0,6.0,401.0,61.9739425297136
2015,"Business, Management & Marketing",24,37.0,-13.0,Nottingham,79.0999999999999,77.535773428043,89.374742692466,7.0,17.1,75.0,8.0,418.0,61.4901274277119
2013,"Business, Management & Marketing",70,63.0,7.0,Nottingham Trent,48.5,72.6989667829768,73.6920369508588,4.0,20.5,62.0,5.0,297.0,56.3812589909589
2014,"Business, Management & Marketing",65,70.0,-5.0,Nottingham Trent,55.0,71.5096665177871,75.0511205448563,4.0,21.6,67.0,6.0,330.0,63.6811860801889
2015,"Business, Management & Marketing",38,65.0,-27.0,Nottingham Trent,68.8,78.049750088887,79.9520667593195,4.0,19.8,74.0,6.0,332.0,68.4368075275135
2013,"Business, Management & Marketing",1,1.0,0.0,Oxford,100.0,90.0,91.0,,9.1,,9.0,582.0,69.5739750445633
2014,"Business, Management & Marketing",1,1.0,0.0,Oxford,100.0,90.4761904761905,88.0,,9.4,,7.0,596.0,67.8
2015,"Business, Management & Marketing",1,1.0,0.0,Oxford,100.0,90.4761904761904,87.9999999999999,,8.69999999999999,79.0,8.0,581.0,67.8
2013,"Business, Management & Marketing",36,34.0,2.0,Oxford Brookes,58.7,78.6533936818465,83.351884470215,7.0,17.7,53.0,7.0,313.0,63.0255679251409
2014,"Business, Management & Marketing",35,36.0,-1.0,Oxford Brookes,65.8,81.1027359904478,84.6384039900249,7.0,19.5,64.0,7.0,341.0,62.8929307974683
2015,"Business, Management & Marketing",67,35.0,32.0,Oxford Brookes,61.5,79.5889812172851,82.6228985738188,5.0,25.0,57.9999999999999,5.0,372.0,62.3777816906775
2013,"Business, Management & Marketing",59,47.0,12.0,Plymouth,51.5,76.0272874560183,77.3442258953168,8.0,17.9,56.0,3.0,282.0,57.7550399294475
2014,"Business, Management & Marketing",58,59.0,-1.0,Plymouth,57.6,82.8327810085442,85.9369703363779,6.0,20.6,58.0,4.0,289.0,64.2454199595062
2015,"Business, Management & Marketing",97,58.0,39.0,Plymouth,52.7,71.788173826936,74.1433866209044,6.0,21.5,54.0,4.0,286.0,54.724749872846
2013,"Business, Management & Marketing",47,63.0,-16.0,Portsmouth,53.5,79.2879128419006,86.5984897416249,6.0,21.6,67.0,4.0,291.0,60.1821411190046
2014,"Business, Management & Marketing",49,47.0,2.0,Portsmouth,62.0,77.7924010598689,83.5598883434586,5.0,22.7,73.0,8.0,315.0,60.1325718247468
2015,"Business, Management & Marketing",39,49.0,-10.0,Portsmouth,68.7,79.9332135244341,86.7076078392271,5.0,20.9,73.0,8.0,319.0,62.3956938375417
2013,"Business, Management & Marketing",48,62.0,-14.0,Queen Margaret,53.4,84.4125125690864,81.5701981050818,3.0,21.5,44.0,10.0,277.0,59.743907258943
2014,"Business, Management & Marketing",91,48.0,43.0,Queen Margaret,46.5,77.3312986767995,85.1261540132508,3.0,25.1,50.0,7.0,293.0,56.6693359220852
2015,"Business, Management & Marketing",76,91.0,-15.0,Queen Margaret,59.3,79.4730168203496,72.1747961560862,3.0,30.3,61.0,8.0,324.0,66.759293929606
2013,"Business, Management & Marketing",53,70.0,-17.0,Queen Mary,52.9,75.3555542189327,77.4816249920407,7.0,20.0,49.0,3.0,377.0,59.9398139130268
2014,"Business, Management & Marketing",63,53.0,10.0,Queen Mary,55.4,78.6877124412467,80.6041645709687,5.0,17.8,54.0,2.0,392.0,58.6881985679436
2015,"Business, Management & Marketing",86,63.0,23.0,Queen Mary,55.5,70.3915119543447,71.3695141792202,6.0,18.2,44.0,3.0,398.0,54.2657937651115
2013,"Business, Management & Marketing",51,29.0,22.0,"Queen's, Belfast",53.3,72.3260366229421,74.4390986023395,4.0,15.9,59.0,7.0,403.0,48.7707425753064
2014,"Business, Management & Marketing",47,51.0,-4.0,"Queen's, Belfast",63.0,78.2807676588042,80.5178500778418,4.0,17.0,67.0,6.0,395.0,62.7629524172577
2015,"Business, Management & Marketing",71,47.0,24.0,"Queen's, Belfast",61.3,78.6311009428729,76.853181990412,4.0,23.4,57.9999999999999,4.0,379.0,68.8049480983281
2013,"Business, Management & Marketing",11,11.0,0.0,Reading,76.7,87.0314781478148,88.5617638838983,,16.3,81.0,8.0,386.0,57.5819121651127
2014,"Business, Management & Marketing",17,11.0,6.0,Reading,77.4,85.1969828441088,86.7846182722538,,16.6,80.0,8.0,399.0,56.8657259805983
2015,"Business, Management & Marketing",8,17.0,-9.0,Reading,88.3,83.4788000157473,89.2979444815647,10.0,16.6,86.0,7.0,393.0,58.8788242127615
2013,"Business, Management & Marketing",21,19.0,2.0,Robert Gordon,68.4,83.701177491416,87.3621768982383,5.0,14.9,77.0,6.0,340.0,66.4724818012528
2014,"Business, Management & Marketing",29,21.0,8.0,Robert Gordon,69.1,84.8502874929144,89.5940060808908,4.0,20.3,80.0,6.0,382.0,67.8391862200414
2015,"Business, Management & Marketing",29,29.0,0.0,Robert Gordon,75.0999999999999,87.2022852363613,93.2118024080105,4.0,25.7,85.0,8.0,385.0,65.4443942449935
2013,"Business, Management & Marketing",115,95.0,20.0,Roehampton,29.2,73.573765335011,76.5905420991926,3.0,34.0,51.0,2.0,213.0,62.1346921543366
2014,"Business, Management & Marketing",103,115.0,-12.0,Roehampton,41.0,77.5659045630229,85.6331738437002,3.0,28.5,54.0,2.0,225.0,71.0889029803424
2015,"Business, Management & Marketing",82,103.0,-21.0,Roehampton,57.2,80.5258589511754,86.727559844592,3.0,25.5,44.0,6.0,258.0,72.5444194448883
2013,"Business, Management & Marketing",105,44.0,61.0,Royal Agricultural College,38.1,67.9173417341734,75.7575757575758,5.0,22.3,65.0,1.0,274.0,50.2
2014,"Business, Management & Marketing",69,,,Royal Agricultural University,53.8,85.9649122807017,89.8989898989899,5.0,25.3,,1.0,286.0,69.1382765531062
2015,"Business, Management & Marketing",64,69.0,-5.0,Royal Agricultural University,62.3,80.5,87.0,6.0,17.1,63.0,3.0,287.0,57.0281124497991
2013,"Business, Management & Marketing",41,60.0,-19.0,Royal Holloway,56.8,77.7810369261141,81.4786442303423,4.0,19.5,56.0,7.0,374.0,57.2399259208066
2014,"Business, Management & Marketing",43,41.0,2.0,Royal Holloway,63.8,79.2930259280069,84.2599506172839,4.0,22.0,63.0,7.0,380.0,67.6323353771595
2015,"Business, Management & Marketing",32,43.0,-11.0,Royal Holloway,72.5,83.5034331441901,87.8343164724966,4.0,18.6,64.0,5.0,390.0,67.65224884306
2013,"Business, Management & Marketing",64,67.0,-3.0,Salford,50.1,81.7858522145194,84.5595995847753,3.0,25.0,52.0,5.0,267.0,69.8729876626009
2014,"Business, Management & Marketing",72,64.0,8.0,Salford,52.9,76.550317615696,80.3191066716614,3.0,23.4,56.0,5.0,300.0,68.8462166241122
2015,"Business, Management & Marketing",91,72.0,19.0,Salford,54.7,70.7308800490568,64.9939527393852,4.0,16.8999999999999,59.0,4.0,323.0,57.7399290057287
2013,"Business, Management & Marketing",48,58.0,-10.0,Sheffield,53.4,77.9577313104855,81.4770983137223,4.0,27.7,63.0,5.0,398.0,60.8832094361351
2014,"Business, Management & Marketing",53,48.0,5.0,Sheffield,60.5,80.6384887862056,87.1250566325018,5.0,25.4,72.0,6.0,389.0,58.1895624098419
2015,"Business, Management & Marketing",39,53.0,-14.0,Sheffield,68.7,77.835909970887,79.1980428078418,6.0,20.8,74.0,7.0,389.0,58.2932848395959
2013,"Business, Management & Marketing",85,56.0,29.0,Sheffield Hallam,43.9,72.4722654422474,78.0017828546396,4.0,25.5,53.0,6.0,299.0,59.8772177760947
2014,"Business, Management & Marketing",59,85.0,-26.0,Sheffield Hallam,57.3,82.1872245316246,81.223391347679,4.0,25.8,54.0,8.0,317.0,68.9099734609194
2015,"Business, Management & Marketing",49,59.0,-10.0,Sheffield Hallam,65.7,80.6206344130784,82.1549507391603,5.0,21.9,63.0,7.0,325.0,66.2879725157327
2014,"Business, Management & Marketing",20,,,SOAS,73.3,85.0746268656716,85.1485148514852,7.0,13.9,,,427.0,67.5944333996024
2015,"Business, Management & Marketing",80,,,South Wales,57.8,89.0217999269657,89.1418806682251,3.0,35.2999999999999,48.0,3.0,325.0,80.3436780004031
2013,"Business, Management & Marketing",27,36.0,-9.0,Southampton,64.1,78.6964798673964,85.7926245020052,5.0,19.7,76.0,7.0,419.0,53.6712910828315
2014,"Business, Management & Marketing",32,27.0,5.0,Southampton,67.7,80.1058093573132,86.5000211543474,6.0,18.3,68.0,5.0,435.0,59.8717323354373
2015,"Business, Management & Marketing",36,32.0,4.0,Southampton,70.0999999999999,78.8970469687217,85.4455444478539,6.0,17.5,82.0,7.0,411.0,40.317925031089
2013,"Business, Management & Marketing",110,105.0,5.0,Southampton Solent,32.5,71.0699419799468,70.5262554304844,3.0,28.1,47.0,2.0,246.0,62.5606743018076
2014,"Business, Management & Marketing",106,110.0,-4.0,Southampton Solent,40.1,75.2468619104634,77.7533485652298,3.0,27.9,48.0,4.0,258.0,61.4481597513783
2015,"Business, Management & Marketing",95,106.0,-11.0,Southampton Solent,53.3,73.6929551053273,77.1329055543959,3.0,26.5,55.0,6.0,279.0,64.3572914335926
2013,"Business, Management & Marketing",5,4.0,1.0,St Andrews,86.8,93.9947494749475,97.0,6.0,21.0,,10.0,521.0,74.9668766876688
2014,"Business, Management & Marketing",7,5.0,2.0,St Andrews,85.0,89.75,89.1089108910891,6.0,18.9,,8.0,582.0,64.5161290322581
2015,"Business, Management & Marketing",2,7.0,-5.0,St Andrews,97.0,93.7185929648241,92.079207920792,6.0,16.6,,9.0,539.0,73.440643863179
2013,"Business, Management & Marketing",91,90.0,1.0,"St Mary's UC, Twickenham",42.0,86.789603960396,97.0,3.0,33.7,,4.0,230.0,73.6889694317025
2014,"Business, Management & Marketing",100,91.0,9.0,"St Mary's UC, Twickenham",42.9,85.75,83.0,3.0,32.1,,2.0,266.0,66.5995975855131
2015,"Business, Management & Marketing",100,100.0,0.0,"St Mary's UC, Twickenham",50.1,80.1488833746898,81.0,3.0,29.5,,3.0,252.0,68.3366733466933
2013,"Business, Management & Marketing",97,88.0,9.0,Staffordshire,39.9,68.2117693757803,75.2366851364035,7.0,26.3,52.0,3.0,223.0,61.3458520438904
2014,"Business, Management & Marketing",86,97.0,-11.0,Staffordshire,49.4,80.2264094044694,78.7343223196224,6.0,19.3,43.0,2.0,211.0,70.5253407426063
2015,"Business, Management & Marketing",103,86.0,17.0,Staffordshire,49.5,72.6705513251623,75.9821143404662,6.0,19.3,43.0,3.0,219.0,60.5236663966393
2013,"Business, Management & Marketing",40,22.0,18.0,Stirling,56.9,86.4883328885482,92.4805909764975,4.0,22.0,47.0,4.0,353.0,73.3081747064044
2014,"Business, Management & Marketing",40,40.0,0.0,Stirling,64.7,85.884488461026,91.0593552345889,4.0,21.1,64.0,5.0,392.0,71.4590044210644
2015,"Business, Management & Marketing",57,40.0,17.0,Stirling,63.9,81.4187876777299,85.691644953969,4.0,20.1,59.0,4.0,395.0,59.3315516335749
2013,"Business, Management & Marketing",8,7.0,1.0,Strathclyde,80.7,89.7628301363852,92.700284615229,9.0,20.3,60.0,9.0,460.0,71.5957575840256
2014,"Business, Management & Marketing",9,8.0,1.0,Strathclyde,82.8,89.7943951394097,93.2575859486688,9.0,24.8,70.0,8.0,471.0,72.3511538649158
2015,"Business, Management & Marketing",13,9.0,4.0,Strathclyde,84.5,89.0250868803703,90.9164685844765,9.0,23.7,62.0,8.0,508.0,65.2779906497046
2013,"Business, Management & Marketing",31,24.0,7.0,Sunderland,61.9,80.682786806369,89.9565819955768,10.0,22.1,46.0,5.0,268.0,72.973017995318
2014,"Business, Management & Marketing",23,31.0,-8.0,Sunderland,71.8,84.9181270397031,85.7875174597011,10.0,19.8,47.0,7.0,264.0,76.8167514702113
2015,"Business, Management & Marketing",88,23.0,65.0,Sunderland,55.1,87.7255594747371,88.0083274347337,8.0,28.2,39.0,1.0,279.0,78.8916051661281
2013,"Business, Management & Marketing",34,46.0,-12.0,Surrey,60.3,80.3730715923604,82.1527342389412,6.0,28.4,67.0,7.0,389.0,65.421347536831
2014,"Business, Management & Marketing",30,34.0,-4.0,Surrey,68.7,82.5960061478205,88.4898366588767,7.0,26.3,70.0,7.0,377.0,70.6549602115854
2015,"Business, Management & Marketing",15,30.0,-15.0,Surrey,82.9,81.4807556789283,91.0146699266503,7.0,21.1,72.0,9.0,403.0,73.1336604010731
2013,"Business, Management & Marketing",79,78.0,1.0,Sussex,45.8,69.2305727922406,76.5822453410985,3.0,24.2,64.0,7.0,363.0,49.0765507839127
2014,"Business, Management & Marketing",77,79.0,-2.0,Sussex,51.7,75.2595635899954,75.6385362210605,4.0,24.2,62.0,4.0,388.0,54.9970331874525
2015,"Business, Management & Marketing",41,77.0,-36.0,Sussex,68.0999999999999,80.623475366072,81.9787128712871,7.0,16.7,73.0,2.0,392.0,59.6420582797624
2013,"Business, Management & Marketing",114,106.0,8.0,Swansea,30.6,65.4697666619666,73.1903701195907,3.0,30.9,48.0,3.0,327.0,52.9590611129253
2014,"Business, Management & Marketing",88,114.0,-26.0,Swansea,49.0,77.9084480415032,84.2560084939352,4.0,32.0,71.0,4.0,341.0,62.535257088894
2015,"Business, Management & Marketing",96,88.0,8.0,Swansea,53.1,73.1092526796146,78.9999999999999,4.0,30.9,74.0,3.0,324.0,56.9274181013439
2013,"Business, Management & Marketing",71,54.0,17.0,Teesside,48.1,75.5,73.2673267326733,7.0,22.4,38.0,8.0,264.0,64.3586908309152
2014,"Business, Management & Marketing",74,71.0,3.0,Teesside,52.2,79.4486215538847,83.1683168316832,7.0,22.1,46.0,2.0,287.0,74.1035856573705
2015,"Business, Management & Marketing",74,74.0,0.0,Teesside,59.7,82.5,86.0,5.0,19.8,39.0,2.0,295.0,78.8
2013,"Business, Management & Marketing",56,42.0,14.0,Trinity Saint David,51.9,74.5371179039301,81.0939310221906,6.0,14.6,,,281.0,52.788763562789
2014,"Business, Management & Marketing",102,56.0,46.0,Trinity Saint David,41.6,74.6815068493151,81.1506849315069,9.0,19.8,,1.0,210.0,52.7395145300097
2013,"Business, Management & Marketing",93,99.0,-6.0,UC Suffolk,41.5,80.549373609874,79.3209478672986,,22.5,46.0,2.0,250.0,60.4070969882736
2014,"Business, Management & Marketing",85,93.0,-8.0,UC Suffolk,49.5,85.631188627306,88.6137729756582,,25.1,35.0,6.0,253.0,70.722651109052
2013,"Business, Management & Marketing",12,5.0,7.0,UCL,76.3,80.1386138613861,85.0,10.0,14.3,,7.0,423.0,57.4349119641028
2014,"Business, Management & Marketing",5,12.0,-7.0,UCL,85.7,82.0176211938218,89.0889170583044,10.0,14.2,,7.0,474.0,60.639870890946
2015,"Business, Management & Marketing",14,5.0,9.0,UCL,83.7,84.2891156723575,87.0584615384615,8.0,20.7,,7.0,492.0,64.8543528327959
2013,"Business, Management & Marketing",46,38.0,8.0,UEA,53.9,82.2742203199157,88.993585032347,8.0,22.5,42.0,3.0,355.0,65.3938050316384
2014,"Business, Management & Marketing",39,46.0,-7.0,UEA,64.9,82.3609287934108,88.298102846187,7.0,21.0,66.0,5.0,364.0,66.8082686986914
2015,"Business, Management & Marketing",25,39.0,-14.0,UEA,78.7,84.0545876463511,87.1865819237932,7.0,18.6,72.0,6.0,383.0,69.7763965929184
2013,"Business, Management & Marketing",73,86.0,-13.0,Ulster,47.6,80.7489846197154,88.658636046574,3.0,29.0,44.0,8.0,274.0,64.9851858189996
2014,"Business, Management & Marketing",101,73.0,28.0,Ulster,42.8,81.2060073298162,88.5145749077942,3.0,36.4,48.0,5.0,283.0,72.1103021267989
2015,"Business, Management & Marketing",98,101.0,-3.0,Ulster,52.5,82.8751815201871,91.0903276629538,3.0,37.1,41.0,7.0,297.0,72.2069212961255
2015,"Business, Management & Marketing",44,,,University Campus Suffolk,67.5999999999999,85.0385184489206,85.430729950913,,19.1,47.0,7.0,317.0,69.5441088358849
2013,"Business, Management & Marketing",107,111.0,-4.0,University College Birmingham,37.4,78.8667076167076,83.1449631449631,,,59.0,3.0,229.0,62.6482350937797
2013,"Business, Management & Marketing",98,,,University of the Arts London,39.7,60.7699256817067,54.6329588014981,7.0,28.0,50.0,6.0,310.0,56.8854191079674
2014,"Business, Management & Marketing",93,98.0,-5.0,University of the Arts London,46.3,63.4548346701865,60.2370849329831,9.0,30.0,50.0,6.0,342.0,54.3112610939092
2015,"Business, Management & Marketing",81,93.0,-12.0,University of the Arts London,57.5,74.3261090694316,74.078947368421,8.0,,51.0,3.0,361.0,71.5723283945767
2013,"Business, Management & Marketing",43,61.0,-18.0,UWE Bristol,55.1,80.4854274849149,86.1940473749446,3.0,22.2,65.0,5.0,291.0,65.6227650589281
2014,"Business, Management & Marketing",71,43.0,28.0,UWE Bristol,53.0,80.2588411413789,83.1976096766103,3.0,24.3,64.0,7.0,308.0,59.3354284680132
2015,"Business, Management & Marketing",65,71.0,-6.0,UWE Bristol,61.7,80.7377673324977,83.8887536949199,3.0,23.2,69.0,5.0,324.0,63.3476626464113
2013,"Business, Management & Marketing",3,2.0,1.0,Warwick,91.1,87.9859513694542,93.7439936998012,10.0,15.8,79.0,9.0,483.0,55.6842531568853
2014,"Business, Management & Marketing",2,3.0,-1.0,Warwick,93.6,86.815385158487,90.3147560176455,10.0,17.4,80.0,8.0,509.0,61.1022374740079
2015,"Business, Management & Marketing",6,2.0,4.0,Warwick,89.3,75.992373798327,79.6679169435941,10.0,16.6,85.0,9.0,519.0,47.4710225144616
2013,"Business, Management & Marketing",44,,,West London,54.4,86.7372470942746,90.8033898018958,5.0,,38.0,2.0,190.0,82.5756453771729
2014,"Business, Management & Marketing",56,44.0,12.0,West London,58.6,89.8905109489051,92.2189781021898,4.0,26.0,41.0,3.0,199.0,88.1205213346401
2015,"Business, Management & Marketing",99,56.0,43.0,West London,50.8,85.25,89.0,4.0,25.1,,1.0,228.0,80.8383233532934
2013,"Business, Management & Marketing",89,100.0,-11.0,West of Scotland,42.9,77.7888666227907,86.1939768976898,3.0,25.5,34.0,7.0,275.0,63.1089771029903
2014,"Business, Management & Marketing",78,89.0,-11.0,West of Scotland,51.2,81.1391049917296,86.4157174582707,3.0,26.4,38.0,9.0,285.0,65.3817240092447
2015,"Business, Management & Marketing",87,78.0,9.0,West of Scotland,55.4,77.7593457943925,80.4758489867678,3.0,,43.0,8.0,282.0,61.7905156106605
2013,"Business, Management & Marketing",76,84.0,-8.0,Westminster,46.4,68.740931434887,73.9319137206394,4.0,21.6,53.0,7.0,288.0,56.9820017234081
2014,"Business, Management & Marketing",97,76.0,21.0,Westminster,43.7,64.3916754241268,65.5830044565336,4.0,24.1,52.0,7.0,324.0,54.517608290287
2015,"Business, Management & Marketing",67,97.0,-30.0,Westminster,61.5,72.6806153223362,78.7118514819572,4.0,22.4,50.0,8.0,328.0,63.1597886081562
2013,"Business, Management & Marketing",81,65.0,16.0,Winchester,45.6,81.9625691900459,80.7904793479171,3.0,26.4,44.0,7.0,260.0,71.0249650390232
2014,"Business, Management & Marketing",62,81.0,-19.0,Winchester,56.1,80.2794117647059,89.1176470588235,3.0,25.7,54.0,9.0,295.0,70.6470588235294
2015,"Business, Management & Marketing",57,62.0,-5.0,Winchester,63.9,84.25,87.8787878787878,3.0,22.1,54.0,8.0,313.0,73.3466933867735
2013,"Business, Management & Marketing",101,98.0,3.0,Worcester,39.3,74.0622566412513,81.3779034655087,3.0,26.1,40.0,5.0,284.0,64.7329471537286
2014,"Business, Management & Marketing",61,101.0,-40.0,Worcester,56.7,84.8266413647853,83.5654513607427,3.0,31.2,57.0,9.0,287.0,74.9031768639109
2015,"Business, Management & Marketing",76,61.0,15.0,Worcester,59.3,80.1560128834792,86.4966130395997,2.0,25.3,59.0,6.0,295.0,68.0821687089019
2013,"Business, Management & Marketing",61,41.0,20.0,York,50.6,67.1584158415842,74.0,5.0,20.2,67.0,3.0,388.0,58.6865204845092
2014,"Business, Management & Marketing",48,61.0,-13.0,York,62.5,81.7955112219452,85.0,6.0,20.6,71.0,2.0,405.0,66.9338677354709
2015,"Business, Management & Marketing",31,48.0,-17.0,York,73.5999999999999,82.75,85.0,5.0,19.2,77.0,3.0,409.0,66.8
2013,"Business, Management & Marketing",87,102.0,-15.0,York St John,43.3,86.75,83.8383838383838,3.0,26.2,36.0,4.0,247.0,77.2707070707071
2014,"Business, Management & Marketing",82,87.0,-5.0,York St John,50.2,86.5336658354115,89.8989898989899,4.0,22.4,40.0,4.0,273.0,67.8
2015,"Business, Management & Marketing",94,82.0,12.0,York St John,54.6,85.2130325814536,87.1287128712871,3.0,25.5,54.0,2.0,261.0,74.8995983935742
2013,Chemistry,34,33.0,1.0,Aberdeen,62.6,86.25,81.0,5.0,14.6,,,392.0,56.4167416741674
2014,Chemistry,35,34.0,1.0,Aberdeen,65.4,91.2060301507538,87.0,4.0,16.6,,3.0,437.0,65.4761904761905
2015,Chemistry,34,35.0,-1.0,Aberdeen,68.0,89.2230576441102,84.8484848484848,4.0,16.3999999999999,,3.0,459.0,63.2734530938123
2013,Chemistry,44,37.0,7.0,Abertay Dundee,50.8,,,2.0,21.4,,8.0,294.0,
2014,Chemistry,40,44.0,-4.0,Abertay Dundee,60.4,,,2.0,18.3,,7.0,352.0,
2013,Chemistry,31,25.0,6.0,Aston,65.0,82.3989898989899,80.8080808080808,7.0,12.7,,,327.0,61.6949494949495
2014,Chemistry,17,31.0,-14.0,Aston,78.5,91.2549874421171,91.6632124352332,6.0,12.0,,,408.0,72.2642112991824
2015,Chemistry,15,17.0,-2.0,Aston,84.6,91.9744922360743,95.8786173976047,8.0,11.4,,,358.0,80.6217918085845
2013,Chemistry,36,30.0,6.0,Bangor,60.0,87.5,91.0,5.0,12.4,88.0,1.0,273.0,62.7560396592655
2014,Chemistry,33,36.0,-3.0,Bangor,66.9,87.9396984924623,92.0,4.0,16.4,,5.0,303.0,58.8822355289421
2015,Chemistry,40,33.0,7.0,Bangor,61.4,83.4170854271356,88.0,4.0,13.3,76.0,1.0,309.0,62.0
2013,Chemistry,21,17.0,4.0,Bath,76.4,95.760524623891,95.959595959596,4.0,14.0,76.0,7.0,440.0,60.8802062024384
2014,Chemistry,25,21.0,4.0,Bath,73.9,91.2718204488778,93.0,7.0,15.1,78.0,6.0,449.0,50.398406374502
2015,Chemistry,17,25.0,-8.0,Bath,83.4,95.75,97.0,7.0,14.0,84.0,4.0,452.0,67.4
2013,Chemistry,12,13.0,-1.0,Birmingham,78.9,85.1922082964599,94.0,9.0,15.4,75.0,6.0,401.0,75.6570657065706
2014,Chemistry,19,12.0,7.0,Birmingham,76.4,87.3134328358209,90.0,8.0,18.7,81.0,8.0,411.0,71.5705765407555
2015,Chemistry,22,19.0,3.0,Birmingham,78.9,88.5572139303482,96.039603960396,8.0,18.3,81.0,5.0,424.0,72.6907630522088
2013,Chemistry,46,47.0,-1.0,Bradford,49.4,94.9118156562257,96.7519072055537,2.0,26.8,,7.0,260.0,71.516759308811
2014,Chemistry,38,46.0,-8.0,Bradford,61.8,93.9888019977809,95.7698139970634,2.0,29.2,,8.0,293.0,87.2627628403143
2015,Chemistry,33,38.0,-5.0,Bradford,68.9,94.9355181359847,92.5913054968287,2.0,30.2,72.0,7.0,295.0,88.0145137526639
2013,Chemistry,49,46.0,3.0,Brighton,44.4,72.8811881188119,89.0,4.0,20.2,33.0,10.0,267.0,57.5861386138614
2014,Chemistry,34,49.0,-15.0,Brighton,65.6,90.5,92.0,4.0,19.9,,8.0,327.0,73.2
2015,Chemistry,50,34.0,16.0,Brighton,51.8,75.4999999999999,71.7171717171716,3.0,21.1,61.0,7.0,321.0,55.3106212424849
2013,Chemistry,18,21.0,-3.0,Bristol,77.1,93.4919741974198,95.0495049504951,6.0,14.8,72.0,3.0,495.0,68.080775783314
2014,Chemistry,7,18.0,-11.0,Bristol,83.2,92.2305764411028,94.0,6.0,15.0,80.0,7.0,497.0,69.5390781563126
2015,Chemistry,19,7.0,12.0,Bristol,81.5999999999999,92.3007518796992,95.0526732673267,6.0,16.5,78.0,7.0,477.0,67.9264769539077
2013,Chemistry,7,20.0,-13.0,Cardiff,82.5,85.1767676767677,88.8888888888889,10.0,8.6,85.0,4.0,404.0,52.6383838383838
2014,Chemistry,16,7.0,9.0,Cardiff,78.9,86.284289276808,85.8585858585858,10.0,8.9,75.0,5.0,396.0,56.3745019920319
2015,Chemistry,12,16.0,-4.0,Cardiff,86.3,94.4862155388471,92.0,10.0,10.3,83.0,6.0,388.0,67.7354709418837
2013,Chemistry,43,,,Central Lancashire,51.7,84.5519801980198,86.1386138613862,3.0,19.9,,,274.0,71.6425249511851
2014,Chemistry,47,43.0,4.0,Central Lancashire,51.4,86.75,83.1683168316832,3.0,21.3,,,319.0,73.8
2015,Chemistry,32,47.0,-15.0,Central Lancashire,69.0,92.2885572139303,93.069306930693,3.0,19.5,,,324.0,84.2315369261477
2013,Chemistry,3,4.0,-1.0,Durham,88.2,93.4621212121212,90.9090909090909,6.0,12.2,80.0,6.0,565.0,71.8254125057896
2014,Chemistry,8,3.0,5.0,Durham,82.6,86.284289276808,88.1188118811881,6.0,14.2,80.0,6.0,564.0,73.9478957915832
2015,Chemistry,4,8.0,-4.0,Durham,90.7,92.25,93.069306930693,6.0,14.2,86.0,7.0,572.0,78.2
2013,Chemistry,17,23.0,-6.0,Edinburgh,77.5,91.5420792079208,93.0,8.0,16.4,66.0,5.0,482.0,73.9191919191919
2014,Chemistry,13,17.0,-4.0,Edinburgh,80.3,88.7218045112782,100.0,8.0,16.3,74.0,8.0,536.0,54.308617234469
2015,Chemistry,13,13.0,0.0,Edinburgh,85.9,93.2330827067669,93.069306930693,9.0,16.7,87.0,8.0,508.0,56.6866267465069
2013,Chemistry,45,40.0,5.0,Glamorgan,50.3,81.279702970297,85.8585858585858,2.0,15.6,,,276.0,57.8729249763212
2013,Chemistry,37,42.0,-5.0,Glasgow,59.8,84.7272727272727,86.0,5.0,19.6,75.0,3.0,457.0,54.9375020558534
2014,Chemistry,39,37.0,2.0,Glasgow,61.3,85.5361596009975,80.0,6.0,18.8,78.0,1.0,473.0,65.7314629258517
2015,Chemistry,36,39.0,-3.0,Glasgow,67.3,86.0696517412935,87.1287128712871,5.0,17.8999999999999,78.0,3.0,490.0,53.1746031746031
2013,Chemistry,40,35.0,5.0,Greenwich,52.8,91.1972140762463,91.6530090797098,4.0,20.0,42.0,,239.0,76.2038284012733
2014,Chemistry,37,40.0,-3.0,Greenwich,62.6,90.06669894959,90.1856795097792,3.0,19.8,72.0,8.0,280.0,70.850977336578
2015,Chemistry,38,37.0,1.0,Greenwich,61.8,89.6533587489851,90.9295774647887,3.0,15.9,41.0,6.0,301.0,67.7135950724629
2013,Chemistry,2,2.0,0.0,Heriot-Watt,98.0,93.5925702195308,93.8346626155209,9.0,11.8,70.0,10.0,382.0,85.3367329461537
2014,Chemistry,2,2.0,0.0,Heriot-Watt,91.2,96.7064846985204,96.4711529976527,8.0,12.7,82.0,3.0,408.0,93.2631907200089
2015,Chemistry,1,2.0,-1.0,Heriot-Watt,100.0,96.4912280701754,100.0,10.0,12.2,77.0,9.0,434.0,92.1686746987951
2013,Chemistry,33,34.0,-1.0,Huddersfield,63.8,83.0,80.8080808080808,3.0,16.5,70.0,9.0,261.0,72.2732673267327
2014,Chemistry,28,33.0,-5.0,Huddersfield,71.5,88.5856079404467,92.0,3.0,16.0,84.0,6.0,297.0,82.9025844930417
2015,Chemistry,41,28.0,13.0,Huddersfield,59.4,80.4511278195488,79.0,3.0,15.4,63.0,6.0,280.0,68.8128772635814
2013,Chemistry,6,6.0,0.0,Hull,85.7,95.0363627832378,97.3065793065793,9.0,13.3,81.0,8.0,312.0,68.0170949881157
2014,Chemistry,31,6.0,25.0,Hull,68.6,87.7583310041433,86.2495726495726,6.0,14.7,59.0,8.0,343.0,66.920026087255
2015,Chemistry,30,31.0,-1.0,Hull,71.7,91.31091344003,96.8465032971627,4.0,20.3,64.0,10.0,332.0,65.1312554654746
2013,Chemistry,26,26.0,0.0,Imperial College,73.4,81.1039603960396,78.2178217821782,9.0,14.7,76.0,7.0,534.0,41.5895589558956
2014,Chemistry,12,26.0,-14.0,Imperial College,80.6,84.2105263157895,81.1881188118812,9.0,13.8,75.0,9.0,539.0,55.688622754491
2015,Chemistry,5,12.0,-7.0,Imperial College,90.6,89.5,86.0,9.0,14.6,86.0,9.0,549.0,66.3326653306613
2013,Chemistry,32,28.0,4.0,Keele,64.8,96.989898989899,92.0,3.0,17.1,,4.0,351.0,76.7272727272727
2014,Chemistry,18,32.0,-14.0,Keele,78.4,92.9824561403509,93.9393939393939,3.0,15.4,,8.0,353.0,80.6
2015,Chemistry,21,18.0,3.0,Keele,80.0,97.25,100.0,4.0,13.0,,6.0,355.0,86.1723446893787
2013,Chemistry,35,,,Kent,60.8,83.2471747174717,92.0792079207921,3.0,13.4,,5.0,330.0,62.1870102068122
2014,Chemistry,32,35.0,-3.0,Kent,67.4,83.2917705735661,93.9393939393939,4.0,12.1,,7.0,351.0,63.5270541082164
2013,Chemistry,41,45.0,-4.0,Kingston,52.6,94.969696969697,91.9191919191919,2.0,24.5,,,260.0,71.8242424242424
2014,Chemistry,46,41.0,5.0,Kingston,53.9,89.4736842105263,85.0,2.0,25.1,,8.0,281.0,65.5310621242485
2015,Chemistry,47,46.0,1.0,Kingston,56.2,80.6321136938777,74.9112911960988,4.0,17.6,69.0,4.0,278.0,56.0182183523107
2013,Chemistry,28,22.0,6.0,Leeds,69.3,83.166019219569,87.1094255307884,6.0,13.7,74.0,5.0,419.0,63.781508056688
2014,Chemistry,26,28.0,-2.0,Leeds,73.5,84.5054973215468,84.914020517831,7.0,15.2,77.0,5.0,437.0,75.3452769730962
2015,Chemistry,26,26.0,0.0,Leeds,73.0999999999999,81.453634085213,87.0,5.0,14.3,73.0,7.0,436.0,68.0722891566265
2013,Chemistry,11,19.0,-8.0,Leicester,81.3,95.25,96.969696969697,8.0,13.3,65.0,4.0,337.0,89.1292929292929
2014,Chemistry,3,11.0,-8.0,Leicester,90.5,96.4912280701754,98.0,6.0,11.6,81.0,8.0,381.0,82.9659318637274
2015,Chemistry,18,3.0,15.0,Leicester,82.3,92.7680798004987,94.059405940594,6.0,11.7,72.0,7.0,375.0,83.3999999999999
2013,Chemistry,9,9.0,0.0,Liverpool,81.6,90.0321782178218,100.0,,10.7,70.0,8.0,392.0,60.5743574357436
2014,Chemistry,6,9.0,-3.0,Liverpool,83.6,89.5,94.0,10.0,10.6,82.0,3.0,415.0,61.4
2015,Chemistry,8,6.0,2.0,Liverpool,89.2,89.4206549118387,91.9999999999999,10.0,9.4,77.0,8.0,401.0,71.6566866267465
2015,Chemistry,39,43.0,-4.0,Liverpool John Moores,61.6,90.75,96.0,2.0,,,1.0,317.0,82.1643286573146
2015,Chemistry,51,,,London Met,37.1,80.2992518703241,67.0,2.0,34.2,,,204.0,56.9999999999999
2013,Chemistry,22,8.0,14.0,Loughborough,75.0,92.0,97.979797979798,5.0,15.4,72.0,2.0,353.0,83.4
2014,Chemistry,28,22.0,6.0,Loughborough,71.5,93.7655860349127,96.0,5.0,15.9,71.0,3.0,360.0,75.4980079681275
2015,Chemistry,20,28.0,-8.0,Loughborough,80.7,91.0447761194029,94.059405940594,4.0,15.1,84.0,8.0,364.0,73.4
2013,Chemistry,8,24.0,-16.0,Manchester,82.4,91.529702970297,95.9595959595959,8.0,14.9,79.0,5.0,414.0,78.5648795648796
2014,Chemistry,10,8.0,2.0,Manchester,81.2,92.2885572139303,91.0891089108911,8.0,14.5,73.0,6.0,458.0,80.6387225548902
2015,Chemistry,7,10.0,-3.0,Manchester,89.4,94.5,96.039603960396,9.0,13.7,77.0,6.0,430.0,87.2255489021955
2013,Chemistry,50,48.0,2.0,Manchester Met,34.6,76.5451256664128,82.7888151452508,2.0,20.4,47.0,3.0,260.0,64.1442360428014
2014,Chemistry,48,50.0,-2.0,Manchester Met,42.8,81.713642394757,83.7268405984984,3.0,18.9,49.0,4.0,321.0,67.9035331823307
2015,Chemistry,46,48.0,-2.0,Manchester Met,56.4,81.0372084056294,84.5978243978243,2.0,13.6,56.9999999999999,3.0,320.0,66.5893046519359
2013,Chemistry,38,41.0,-3.0,Newcastle,55.7,84.308782421308,92.7442851607904,4.0,18.3,79.0,3.0,395.0,45.1617805562036
2014,Chemistry,43,38.0,5.0,Newcastle,56.7,82.819095477387,85.3570824419125,5.0,17.1,73.0,2.0,398.0,50.0542713567839
2015,Chemistry,27,43.0,-16.0,Newcastle,72.8,84.3971457996009,91.9197352014492,5.0,17.0,85.0,4.0,405.0,67.4646931817484
2013,Chemistry,39,39.0,0.0,Northumbria,54.8,88.4372440622441,85.0,3.0,13.8,59.0,7.0,298.0,56.4318996415771
2014,Chemistry,50,39.0,11.0,Northumbria,35.6,77.9448621553885,71.0,3.0,20.2,61.0,1.0,324.0,58.1673306772908
2015,Chemistry,44,50.0,-6.0,Northumbria,57.8,92.0,90.0,2.0,15.9,55.0,3.0,332.0,65.4618473895582
2013,Chemistry,15,14.0,1.0,Nottingham,77.8,94.2323232323232,95.0,8.0,14.0,68.0,5.0,423.0,66.2
2014,Chemistry,14,15.0,-1.0,Nottingham,80.2,90.7960199004975,91.0891089108911,8.0,14.9,72.0,8.0,453.0,69.6606786427146
2015,Chemistry,14,14.0,0.0,Nottingham,85.7,92.2693266832917,93.069306930693,7.0,14.7,74.0,8.0,454.0,72.6546906187624
2013,Chemistry,48,44.0,4.0,Nottingham Trent,48.1,82.8465346534654,94.0,3.0,11.7,52.0,2.0,288.0,64.419801980198
2014,Chemistry,49,48.0,1.0,Nottingham Trent,39.1,82.3383084577114,83.0,3.0,15.5,,1.0,274.0,52.5896414342629
2015,Chemistry,37,49.0,-12.0,Nottingham Trent,65.2,94.7368421052631,97.9999999999999,3.0,13.2,72.0,1.0,301.0,83.8
2013,Chemistry,1,1.0,0.0,Oxford,100.0,92.4520202020202,95.0,10.0,17.0,84.0,8.0,578.0,74.9188688591674
2014,Chemistry,1,1.0,0.0,Oxford,100.0,87.2817955112219,91.0,10.0,16.1,89.0,9.0,604.0,73.4653465346535
2015,Chemistry,2,1.0,1.0,Oxford,96.8,89.5522388059701,90.9999999999999,10.0,15.7,79.0,9.0,618.0,70.2970297029702
2013,Chemistry,29,32.0,-3.0,Plymouth,66.8,94.0,92.0792079207921,4.0,18.6,,7.0,298.0,71.3182118211821
2014,Chemistry,36,29.0,7.0,Plymouth,64.9,94.7630922693267,93.9393939393939,4.0,16.9,69.0,3.0,326.0,72.4899598393574
2015,Chemistry,48,36.0,12.0,Plymouth,55.7,79.8507462686567,70.0,3.0,21.3,,5.0,311.0,58.6481113320079
2013,Chemistry,29,36.0,-7.0,Queen Mary,66.8,89.2222222222222,95.0,4.0,19.4,66.0,8.0,354.0,71.7733373337334
2014,Chemistry,44,29.0,15.0,Queen Mary,55.5,83.9598997493734,93.9393939393939,3.0,20.3,64.0,5.0,392.0,61.5230460921844
2015,Chemistry,45,44.0,1.0,Queen Mary,57.5,89.75,88.1188118811881,4.0,19.8,45.0,2.0,381.0,70.6
2013,Chemistry,10,3.0,7.0,"Queen's, Belfast",81.5,88.5643564356436,92.0,5.0,13.6,,8.0,384.0,76.2767676767677
2014,Chemistry,21,10.0,11.0,"Queen's, Belfast",75.6,97.0074812967581,100.0,4.0,13.1,75.0,6.0,362.0,75.5020080321285
2015,Chemistry,25,21.0,4.0,"Queen's, Belfast",74.4,94.2643391521197,92.9999999999999,4.0,13.3,75.0,3.0,411.0,72.6546906187624
2013,Chemistry,27,29.0,-2.0,Reading,70.5,88.6993949394939,97.0,5.0,12.8,79.0,3.0,343.0,68.6433843384338
2014,Chemistry,30,27.0,3.0,Reading,69.2,81.3432835820896,89.0,5.0,14.6,91.0,3.0,345.0,71.6269841269841
2015,Chemistry,31,30.0,1.0,Reading,70.5999999999999,88.4392145040344,91.0119262739429,6.0,14.9,70.0,3.0,352.0,75.705781991119
2013,Chemistry,20,18.0,2.0,Sheffield,76.5,94.25,95.0,5.0,16.3,77.0,5.0,447.0,67.8634020618557
2014,Chemistry,20,20.0,0.0,Sheffield,75.8,89.5522388059702,90.1960784313725,5.0,17.0,77.0,6.0,455.0,75.7455268389662
2015,Chemistry,23,20.0,3.0,Sheffield,78.5,91.9597989949748,93.0,6.0,17.1,78.0,5.0,431.0,72.3999999999999
2013,Chemistry,47,38.0,9.0,Sheffield Hallam,48.3,88.2146464646465,87.0,2.0,20.4,,,229.0,59.2606060606061
2014,Chemistry,45,47.0,-2.0,Sheffield Hallam,54.5,89.5261845386534,91.0,2.0,21.6,,,323.0,71.5139442231076
2015,Chemistry,35,45.0,-10.0,Sheffield Hallam,67.9,86.5671641791044,88.0,3.0,19.3999999999999,,10.0,305.0,69.7211155378486
2015,Chemistry,42,,,South Wales,59.0,87.1859296482412,91.9191919191919,2.0,23.8,,6.0,321.0,61.8473895582329
2013,Chemistry,19,15.0,4.0,Southampton,76.7,93.4848484848485,89.8989898989899,5.0,13.6,85.0,3.0,443.0,63.8460399758984
2014,Chemistry,11,19.0,-8.0,Southampton,81.0,92.0199501246883,91.0891089108911,6.0,12.3,80.0,6.0,447.0,69.9801192842942
2015,Chemistry,11,11.0,0.0,Southampton,86.4,92.3267326732673,94.059405940594,6.0,11.1,83.0,7.0,440.0,70.7171314741035
2013,Chemistry,4,5.0,-1.0,St Andrews,86.2,91.7257107678532,94.0066494224977,9.0,11.7,84.0,3.0,524.0,67.4009101145634
2014,Chemistry,4,4.0,0.0,St Andrews,87.1,90.2172114191146,89.1861812163839,9.0,10.2,76.0,6.0,520.0,62.8670258972385
2015,Chemistry,3,4.0,-1.0,St Andrews,92.0,95.0124688279301,94.0,8.0,10.5,83.0,5.0,505.0,81.1244979919678
2013,Chemistry,25,12.0,13.0,Strathclyde,73.6,96.5271963905251,96.0,6.0,13.6,64.0,3.0,438.0,64.2702907567055
2014,Chemistry,23,25.0,-2.0,Strathclyde,75.3,93.755665582816,95.0196078431372,6.0,13.3,75.0,4.0,465.0,62.7596566847406
2015,Chemistry,24,23.0,1.0,Strathclyde,75.3,92.079207920792,97.0,5.0,15.3,80.0,5.0,450.0,56.0240963855421
2013,Chemistry,14,31.0,-17.0,Surrey,77.9,89.7519251925192,94.0,5.0,13.0,94.0,5.0,376.0,71.4437443744374
2014,Chemistry,9,14.0,-5.0,Surrey,82.1,93.21608040201,95.0,6.0,10.3,71.0,8.0,428.0,72.4899598393574
2015,Chemistry,16,9.0,7.0,Surrey,83.8,90.2743142144638,92.0,6.0,9.19999999999999,76.0,3.0,425.0,76.5999999999999
2013,Chemistry,13,11.0,2.0,Sussex,78.8,93.269801980198,94.0,6.0,11.8,,7.0,407.0,58.8316831683168
2014,Chemistry,24,13.0,11.0,Sussex,74.6,92.2305764411027,90.9090909090909,5.0,12.8,,7.0,392.0,60.2409638554217
2015,Chemistry,6,24.0,-18.0,Sussex,90.1,96.2686567164179,97.029702970297,8.0,14.1,85.0,9.0,403.0,70.6827309236947
2014,Chemistry,42,,,Teesside,58.2,90.75,88.0,3.0,21.8,,,351.0,71.4570858283433
2015,Chemistry,49,42.0,7.0,Teesside,52.1,85.3233830845771,82.0,2.0,26.3,,,350.0,64.1851106639839
2013,Chemistry,16,16.0,0.0,UCL,77.7,91.9972747274727,92.0792079207921,8.0,13.3,68.0,8.0,483.0,51.4
2014,Chemistry,15,16.0,-1.0,UCL,79.9,86.7167919799499,90.9090909090909,8.0,14.5,84.0,6.0,498.0,58.8353413654619
2015,Chemistry,28,15.0,13.0,UCL,72.4,82.5436408977556,82.0,8.0,15.1,62.0,8.0,508.0,50.6958250497017
2013,Chemistry,23,27.0,-4.0,UEA,74.7,91.3335304553519,90.1123595505618,7.0,13.6,67.0,5.0,403.0,62.2273983719777
2014,Chemistry,27,23.0,4.0,UEA,72.1,86.0825477873789,89.2131318394998,6.0,13.3,74.0,,425.0,68.5222951418121
2015,Chemistry,29,27.0,2.0,UEA,72.0,92.7043152269282,97.1904761904761,6.0,14.5,61.0,3.0,421.0,72.5158709737437
2013,Chemistry,24,10.0,14.0,Warwick,74.4,80.3143564356436,73.2673267326733,10.0,15.1,79.0,5.0,464.0,59.8223495702006
2014,Chemistry,22,24.0,-2.0,Warwick,75.4,85.0746268656716,84.0,9.0,14.6,79.0,3.0,466.0,59.0
2015,Chemistry,10,22.0,-12.0,Warwick,86.9,90.7268170426064,90.9999999999999,9.0,13.8,85.0,2.0,456.0,81.9277108433734
2013,Chemistry,42,,,West of Scotland,52.0,87.209595959596,87.0,2.0,19.5,,,249.0,71.3353535353535
2014,Chemistry,40,42.0,-2.0,West of Scotland,60.4,85.286783042394,93.0693069306931,2.0,24.0,,,358.0,79.9599198396794
2015,Chemistry,43,40.0,3.0,West of Scotland,58.9,86.0696517412935,92.0,3.0,23.1,,,324.0,70.3777335984095
2013,Chemistry,5,7.0,-2.0,York,86.1,94.7547504750475,99.0,8.0,13.4,72.0,4.0,474.0,82.6133813381338
2014,Chemistry,5,5.0,0.0,York,84.0,90.2255639097744,94.0,7.0,15.3,77.0,6.0,494.0,81.5261044176707
2015,Chemistry,9,5.0,4.0,York,87.6,92.2693266832917,96.0,6.0,13.7,87.0,7.0,479.0,75.1984126984126
2013,Classics,19,15.0,4.0,Birmingham,54.9,92.2245474547455,85.1485148514852,7.0,20.6,45.0,4.0,386.0,74.3346534653465
2014,Classics,10,19.0,-9.0,Birmingham,79.3,93.75,90.0,7.0,19.8,68.0,8.0,412.0,87.4251497005988
2013,Classics,12,9.0,3.0,Bristol,70.5,91.949494949495,83.0,6.0,19.4,47.0,7.0,452.0,84.7636363636364
2014,Classics,17,12.0,5.0,Bristol,70.5,91.0,84.0,4.0,18.1,,4.0,490.0,77.2
2013,Classics,1,1.0,0.0,Cambridge,100.0,99.5,100.0,,14.6,74.0,9.0,541.0,85.7431543154315
2014,Classics,1,1.0,0.0,Cambridge,100.0,96.2406015037594,96.0,,14.5,79.0,8.0,568.0,84.6613545816733
2013,Classics,7,7.0,0.0,Durham,76.5,93.4948494849485,94.059405940594,5.0,15.6,69.0,6.0,488.0,71.649504950495
2014,Classics,6,7.0,-1.0,Durham,86.7,94.25,87.0,4.0,15.8,76.0,7.0,519.0,83.6327345309381
2013,Classics,10,12.0,-2.0,Edinburgh,72.1,86.608153614978,82.2503536067892,9.0,16.9,70.0,6.0,481.0,61.804404966652
2014,Classics,5,10.0,-5.0,Edinburgh,88.8,96.1641176502023,90.3928571428572,10.0,16.9,,8.0,482.0,65.1812660393499
2013,Classics,13,9.0,4.0,Exeter,66.8,91.989898989899,88.0,3.0,17.5,68.0,6.0,475.0,73.7359735973597
2014,Classics,11,13.0,-2.0,Exeter,78.7,97.2568578553616,92.9292929292929,4.0,16.4,66.0,6.0,480.0,79.6407185628742
2013,Classics,6,5.0,1.0,Glasgow,77.5,93.3168316831683,90.0990099009901,7.0,18.6,,5.0,458.0,84.3069306930693
2014,Classics,7,6.0,1.0,Glasgow,86.0,96.2686567164179,100.0,5.0,18.9,,4.0,491.0,91.4342629482072
2013,Classics,14,11.0,3.0,Kent,63.2,93.989898989899,93.0,4.0,12.7,,7.0,344.0,66.5425742574257
2014,Classics,8,14.0,-6.0,Kent,84.7,97.9949874686717,95.959595959596,5.0,11.8,,9.0,384.0,78.4431137724551
2013,Classics,5,7.0,-2.0,King's College London,81.7,94.7371237123712,97.0,6.0,12.7,59.0,8.0,470.0,79.8492849284928
2014,Classics,13,5.0,8.0,King's College London,75.7,90.4522613065327,82.0,7.0,13.6,62.0,6.0,453.0,70.8
2013,Classics,18,21.0,-3.0,Leeds,55.4,95.4949494949495,89.8989898989899,3.0,20.3,38.0,4.0,400.0,76.8
2014,Classics,19,18.0,1.0,Leeds,66.6,96.2686567164179,96.0,5.0,22.6,65.0,4.0,405.0,67.8068410462777
2013,Classics,9,14.0,-5.0,Liverpool,75.4,97.4873737373738,98.989898989899,7.0,17.8,,6.0,379.0,84.369696969697
2014,Classics,12,9.0,3.0,Liverpool,76.9,96.5,98.989898989899,7.0,20.5,,7.0,414.0,85.4
2013,Classics,17,17.0,0.0,Manchester,58.6,96.0,92.0,8.0,20.1,,2.0,405.0,74.0356435643564
2014,Classics,14,17.0,-3.0,Manchester,74.1,92.964824120603,87.0,9.0,17.9,66.0,2.0,418.0,77.8
2013,Classics,20,18.0,2.0,Newcastle,51.9,90.949494949495,79.0,3.0,21.0,,5.0,405.0,72.2278110163958
2014,Classics,20,20.0,0.0,Newcastle,65.5,94.0149625935162,88.0,3.0,19.7,58.0,3.0,395.0,80.8383233532934
2013,Classics,11,16.0,-5.0,Nottingham,70.7,96.769801980198,96.0,3.0,18.8,71.0,9.0,415.0,73.5529886321966
2014,Classics,18,11.0,7.0,Nottingham,68.6,92.5,83.1683168316832,4.0,18.6,64.0,7.0,433.0,68.3366733466934
2013,Classics,3,3.0,0.0,Oxford,90.0,93.039603960396,92.0792079207921,,13.9,70.0,7.0,565.0,72.5125814356584
2014,Classics,4,3.0,1.0,Oxford,90.0,96.2311557788945,97.0,,13.5,67.0,6.0,585.0,77.8884462151394
2013,Classics,16,21.0,-5.0,Reading,59.2,97.0,100.0,4.0,15.9,43.0,1.0,381.0,81.8606060606061
2014,Classics,16,16.0,0.0,Reading,70.8,94.0,96.0,5.0,14.9,,3.0,378.0,80.4
2013,Classics,22,19.0,3.0,Roehampton,49.0,87.279702970297,86.1386138613861,1.0,18.4,,7.0,287.0,72.1333333333333
2014,Classics,22,22.0,0.0,Roehampton,60.5,92.7680798004988,81.1881188118812,2.0,18.6,,7.0,288.0,74.4510978043912
2013,Classics,15,13.0,2.0,Royal Holloway,60.3,88.9545454545454,90.0,4.0,15.8,53.0,6.0,381.0,69.7445544554455
2014,Classics,9,15.0,-6.0,Royal Holloway,80.3,97.5062344139651,96.0,3.0,15.9,67.0,7.0,387.0,86.9047619047619
2013,Classics,4,4.0,0.0,St Andrews,85.2,96.2747524752475,95.0,7.0,12.9,,7.0,504.0,70.9782178217822
2014,Classics,3,4.0,-1.0,St Andrews,92.3,97.980323915486,98.2857142857143,8.0,12.7,69.0,8.0,490.0,80.8584737971192
2013,Classics,23,20.0,3.0,Swansea,34.4,88.5,78.0,4.0,18.4,,1.0,313.0,56.7474747474748
2014,Classics,21,23.0,-2.0,Swansea,65.2,93.5,93.0,5.0,17.1,,1.0,356.0,73.9043824701195
2013,Classics,21,,,Trinity Saint David,50.8,94.0149625935162,91.0,3.0,20.9,,,242.0,82.2
2014,Classics,23,21.0,2.0,Trinity Saint David,38.6,80.25,65.0,2.0,22.5,,1.0,249.0,65.6
2013,Classics,2,2.0,0.0,UCL,96.6,90.6228774463535,87.316119343637,10.0,6.6,74.0,8.0,465.0,74.2055721073669
2014,Classics,2,2.0,0.0,UCL,96.6,97.130135405447,86.7216494845361,9.0,6.3,73.0,8.0,479.0,74.9690837832032
2013,Classics,8,6.0,2.0,Warwick,75.8,96.979797979798,98.0,7.0,14.3,59.0,6.0,460.0,81.3353535353535
2014,Classics,15,8.0,7.0,Warwick,71.0,83.0808080808081,73.2673267326733,7.0,14.3,61.0,6.0,477.0,65.0698602794411
2015,Classics & Ancient History,10,,,Birmingham,47.1,94.1247742088451,91.3175101293913,8.0,8.9,57.9999999999999,7.0,403.0,70.1911687967464
2015,Classics & Ancient History,13,,,Bristol,42.6,94.4285714285714,82.5293493635077,4.0,16.3,71.0,4.0,454.0,74.9616855610279
2015,Classics & Ancient History,1,,,Cambridge,100.0,97.2431077694235,96.9999999999999,10.0,10.4,84.0,9.0,588.0,84.4
2015,Classics & Ancient History,18,,,Cardiff,32.5,96.5087281795511,93.9393939393939,4.0,15.1,47.0,4.0,389.0,79.0836653386454
2015,Classics & Ancient History,4,,,Durham,64.4,96.9849246231155,98.0,3.0,15.7,71.0,8.0,535.0,83.5999999999999
2015,Classics & Ancient History,16,,,Edinburgh,33.9,93.61494979013,90.2472085172682,10.0,20.3,54.0,3.0,471.0,58.3348686466675
2015,Classics & Ancient History,5,,,Exeter,61.0,96.2311557788944,94.0,3.0,14.4,80.0,7.0,464.0,84.9397590361445
2015,Classics & Ancient History,9,,,Glasgow,51.2,99.0,98.019801980198,4.0,15.6,,2.0,430.0,85.6
2015,Classics & Ancient History,8,,,Kent,52.1,89.120800566607,87.8735451399811,6.0,9.5,69.0,9.0,353.0,76.1748774193698
2015,Classics & Ancient History,7,,,King's College London,54.9,94.0,91.9191919191919,5.0,11.0,62.0,7.0,453.0,77.4451097804391
2015,Classics & Ancient History,22,,,Leeds,23.8,90.0497512437811,83.8383838383838,4.0,24.2,63.0,4.0,410.0,78.4860557768924
2015,Classics & Ancient History,17,,,Liverpool,32.9,92.25,87.7551020408163,5.0,17.5,,,400.0,77.1543086172344
2015,Classics & Ancient History,19,,,Manchester,32.0,93.8448121661707,93.4492070581272,4.0,15.6,57.9999999999999,3.0,406.0,74.8561771350868
2015,Classics & Ancient History,15,,,Newcastle,36.7999999999999,96.0,94.0,3.0,23.2,57.9999999999999,5.0,402.0,86.7735470941883
2015,Classics & Ancient History,14,,,Nottingham,38.9,93.6244800587227,91.7704918032786,5.0,18.0,67.0,7.0,419.0,71.559678457293
2015,Classics & Ancient History,2,,,Oxford,79.8,95.2513792033555,94.890483060282,9.0,11.4,75.0,8.0,571.0,76.9563196463018
2015,Classics & Ancient History,20,,,Reading,24.8,94.7630922693266,89.8989898989898,3.0,17.3,46.0,3.0,355.0,80.0
2015,Classics & Ancient History,11,,,Royal Holloway,45.7,96.0860172042741,93.9393939393939,3.0,17.5,60.0,9.0,410.0,78.4110350727117
2015,Classics & Ancient History,6,,,St Andrews,55.5,96.7614496654919,87.7849996899481,5.0,10.8,,3.0,492.0,82.6916114404911
2015,Classics & Ancient History,21,,,Swansea,24.3,95.7393483709273,96.9696969696969,7.0,23.0,56.0,2.0,328.0,80.2395209580838
2015,Classics & Ancient History,3,,,UCL,67.8,94.4589428115743,86.6549954995499,8.0,12.0,76.0,8.0,527.0,76.5905299487994
2015,Classics & Ancient History,12,,,Warwick,44.5,93.0533359562912,88.6964358869315,4.0,17.7,72.0,4.0,445.0,82.1095212279251
2015,Computer Science & Information Systems,94,,,Bangor,36.7,71.072319201995,66.3366336633663,4.0,18.1,67.0,4.0,267.0,47.7137176938369
2015,Computer Science & Information Systems,16,,,Bath,70.2,86.5,88.0,8.0,14.5,95.0,7.0,480.0,65.8682634730538
2015,Computer Science & Information Systems,82,,,Bedfordshire,43.4,70.3942612604291,76.1111111111111,4.0,18.8999999999999,50.0,8.0,218.0,71.4176585101402
2015,Computer Science & Information Systems,5,,,Birmingham,78.8,92.5,94.059405940594,9.0,9.9,88.0,6.0,434.0,80.0399201596806
2015,Computer Science & Information Systems,64,,,Birmingham City,49.9,76.0598503740648,80.8080808080808,3.0,22.7,63.0,9.0,316.0,74.251497005988
2015,Computer Science & Information Systems,101,,,Bolton,29.3,81.6175927934412,72.3119266055045,3.0,26.3,45.0,1.0,296.0,61.3335346718639
2015,Computer Science & Information Systems,42,,,Bournemouth,55.8,79.1979949874686,80.8080808080808,6.0,16.7,84.0,8.0,339.0,57.9158316633266
2015,Computer Science & Information Systems,68,,,Bradford,49.6,74.9379652605458,77.0,4.0,15.7,56.9999999999999,8.0,285.0,69.4610778443113
2015,Computer Science & Information Systems,88,,,Brighton,41.3,72.139303482587,77.2277227722772,3.0,22.0,75.0,3.0,283.0,67.7290836653386
2015,Computer Science & Information Systems,10,,,Bristol,71.5,89.25,89.8989898989898,6.0,11.4,97.0,7.0,493.0,53.8
2015,Computer Science & Information Systems,59,,,Brunel,51.2,76.0,81.0,5.0,18.0,74.0,3.0,347.0,77.0
2015,Computer Science & Information Systems,98,,,Bucks New University,34.7999999999999,72.6817042606516,68.0,3.0,19.7,38.0,6.0,222.0,71.2574850299401
2015,Computer Science & Information Systems,4,,,Cambridge,84.8,82.0448877805486,88.0,10.0,9.6,94.0,3.0,632.0,79.2415169660678
2015,Computer Science & Information Systems,93,,,Canterbury Christ Church,38.6,81.1083123425692,78.0,3.0,22.4,,6.0,244.0,61.4770459081836
2015,Computer Science & Information Systems,27,,,Cardiff,60.5,77.9448621553884,89.0,6.0,11.9,83.0,5.0,390.0,64.9298597194388
2015,Computer Science & Information Systems,92,,,Cardiff Met,39.2999999999999,,,2.0,28.3,,3.0,288.0,
2015,Computer Science & Information Systems,29,,,Central Lancashire,58.9,91.8114143920595,92.9292929292929,6.0,,71.0,4.0,349.0,81.5261044176706
2015,Computer Science & Information Systems,57,,,Chester,51.5,86.5,89.8989898989898,4.0,14.2,68.0,4.0,299.0,61.8473895582329
2015,Computer Science & Information Systems,63,,,City,50.1,75.3148614609571,77.0,6.0,19.0,78.0,4.0,392.0,67.0682730923694
2015,Computer Science & Information Systems,42,,,Coventry,55.8,86.75,86.1386138613861,4.0,21.8,72.0,8.0,288.0,82.4351297405189
2015,Computer Science & Information Systems,55,,,De Montfort,51.7,77.9448621553884,82.0,5.0,17.0,65.0,7.0,301.0,70.3406813627254
2015,Computer Science & Information Systems,74,,,Derby,45.6,74.8129675810473,66.6666666666666,3.0,17.2,77.0,5.0,326.0,55.9999999999999
2015,Computer Science & Information Systems,48,,,Dundee,54.5,87.25,85.1485148514851,4.0,15.6,59.0,7.0,351.0,63.8
2015,Computer Science & Information Systems,15,,,Durham,70.3,86.0,87.9999999999999,6.0,13.7,,3.0,530.0,72.0
2015,Computer Science & Information Systems,100,,,East London,33.6,76.8079800498753,77.2277227722772,3.0,21.4,41.0,2.0,233.0,68.2
2015,Computer Science & Information Systems,31,,,Edge Hill,58.3,91.9799498746867,88.8888888888889,3.0,13.6,67.0,7.0,290.0,82.8
2015,Computer Science & Information Systems,6,,,Edinburgh,75.8,81.75,89.8989898989899,10.0,8.9,90.0,9.0,491.0,46.2925851703406
2015,Computer Science & Information Systems,56,,,Edinburgh Napier,51.6,84.7499999999999,85.1485148514851,3.0,22.3,69.0,8.0,333.0,68.7374749498998
2015,Computer Science & Information Systems,49,,,Essex,53.6,85.5721393034826,88.0,4.0,17.0,74.0,3.0,332.0,79.7619047619047
2015,Computer Science & Information Systems,13,,,Glasgow,70.5999999999999,88.8059701492537,94.9999999999999,7.0,12.5,81.0,7.0,434.0,68.8
2015,Computer Science & Information Systems,40,,,Glasgow Caledonian,56.0,80.0,77.2277227722772,5.0,14.5,63.0,9.0,318.0,72.1442885771542
2015,Computer Science & Information Systems,83,,,Gloucestershire,42.3,67.9197994987468,63.0,3.0,23.1,71.0,8.0,262.0,72.3446893787575
2015,Computer Science & Information Systems,84,,,Glyndwr,42.2,77.6381909547738,74.2574257425742,3.0,21.1,56.9999999999999,4.0,328.0,69.8602794411177
2015,Computer Science & Information Systems,62,,,Goldsmiths,50.2,80.25,82.0,3.0,13.3,78.0,3.0,302.0,61.1553784860557
2015,Computer Science & Information Systems,52,,,Greenwich,52.9,88.1841322269611,86.3812243596248,5.0,29.4,52.0,10.0,307.0,80.033566400737
2015,Computer Science & Information Systems,21,,,Heriot-Watt,66.2,85.2499999999999,93.0,6.0,10.1,84.0,6.0,421.0,75.4527162977867
2015,Computer Science & Information Systems,61,,,Hertfordshire,50.6,80.0,86.0,4.0,16.8999999999999,56.9999999999999,9.0,315.0,59.4433399602385
2015,Computer Science & Information Systems,77,,,Huddersfield,45.1,68.57855361596,62.3762376237623,3.0,19.3999999999999,67.0,8.0,320.0,66.1999999999999
2015,Computer Science & Information Systems,37,,,Hull,56.7,87.6574307304786,91.0,3.0,20.9,75.0,7.0,326.0,74.0518962075848
2015,Computer Science & Information Systems,2,,,Imperial College,87.5,89.4999999999999,93.0,10.0,15.2,90.0,8.0,574.0,81.2375249500998
2015,Computer Science & Information Systems,45,,,Keele,55.2,86.8159203980099,90.0,7.0,15.8,64.0,3.0,381.0,69.0618762475049
2015,Computer Science & Information Systems,25,,,Kent,60.9,85.5,90.0990099009901,5.0,13.5,88.0,5.0,378.0,62.4750499001996
2015,Computer Science & Information Systems,24,,,King's College London,61.9,78.6967418546365,75.0,8.0,12.8,76.0,7.0,422.0,63.5270541082164
2015,Computer Science & Information Systems,87,,,Kingston,41.5,75.7458261947091,69.2215334756552,5.0,16.0,60.0,3.0,260.0,64.0672838256053
2015,Computer Science & Information Systems,11,,,Lancaster,71.2,83.908847897587,84.8864903821404,9.0,10.5,76.0,4.0,436.0,73.9290811373848
2015,Computer Science & Information Systems,32,,,Leeds,57.5,84.5,87.0,5.0,12.4,,2.0,422.0,76.0479041916167
2015,Computer Science & Information Systems,91,,,Leeds Met,39.5,76.5743073047859,80.8080808080808,3.0,28.9,61.0,7.0,254.0,70.5999999999999
2015,Computer Science & Information Systems,33,,,Leicester,57.4,74.75,79.0,7.0,12.2,,4.0,373.0,75.6487025948103
2015,Computer Science & Information Systems,51,,,Lincoln,53.1,79.3017456359102,81.0,4.0,15.1,74.0,3.0,343.0,74.5490981963927
2015,Computer Science & Information Systems,18,,,Liverpool,68.3,87.25,93.069306930693,6.0,10.7,85.0,8.0,403.0,66.2650602409638
2015,Computer Science & Information Systems,81,,,Liverpool John Moores,43.7,77.1144278606965,82.0,3.0,29.5,56.0,8.0,325.0,75.2495009980039
2015,Computer Science & Information Systems,97,,,London Met,35.4,74.3718592964824,75.0,2.0,17.8999999999999,45.0,2.0,204.0,73.3067729083665
2015,Computer Science & Information Systems,90,,,London South Bank,39.7,77.1929824561403,79.7979797979798,3.0,20.8,49.0,8.0,201.0,68.3999999999999
2015,Computer Science & Information Systems,20,,,Loughborough,67.5999999999999,84.0,86.8686868686868,6.0,14.6,90.0,8.0,373.0,73.9043824701195
2015,Computer Science & Information Systems,17,,,Manchester,70.0,82.0,88.8888888888889,9.0,12.6,86.0,5.0,444.0,73.0
2015,Computer Science & Information Systems,72,,,Manchester Met,47.5,79.4044665012406,78.2178217821782,3.0,15.2,69.0,3.0,329.0,70.0598802395209
2015,Computer Science & Information Systems,50,,,Middlesex,53.3,85.7142857142857,90.09900990099,5.0,21.0,62.0,6.0,253.0,81.9639278557114
2015,Computer Science & Information Systems,13,,,Newcastle,70.5999999999999,85.0,90.0,9.0,14.4,88.0,6.0,408.0,74.7494989979959
2015,Computer Science & Information Systems,79,,,Northampton,43.8,83.0,86.0,3.0,31.5,60.0,6.0,286.0,70.6586826347305
2015,Computer Science & Information Systems,35,,,Northumbria,57.1,86.720532674971,86.215636489022,3.0,18.1,66.0,8.0,337.0,74.1297074754392
2015,Computer Science & Information Systems,22,,,Nottingham,63.5,77.0,81.8181818181818,8.0,14.3,89.0,8.0,401.0,59.8
2015,Computer Science & Information Systems,69,,,Nottingham Trent,49.4,74.4360902255639,75.0,4.0,12.9,79.0,4.0,300.0,63.7274549098196
2015,Computer Science & Information Systems,3,,,Oxford,86.8,88.7218045112781,90.09900990099,,6.9,,8.0,647.0,71.0
2015,Computer Science & Information Systems,58,,,Oxford Brookes,51.4,73.75,63.3663366336633,5.0,11.7,66.0,6.0,427.0,60.0401606425702
2015,Computer Science & Information Systems,76,,,Plymouth,45.5,80.6451612903225,76.7676767676767,4.0,20.1,70.0,5.0,318.0,60.4790419161676
2015,Computer Science & Information Systems,66,,,Portsmouth,49.8,82.2055137844611,82.0,4.0,19.1,59.0,8.0,309.0,68.4630738522954
2015,Computer Science & Information Systems,53,,,Queen Mary,52.3,80.5486284289276,93.0,8.0,19.3,74.0,3.0,379.0,61.6
2015,Computer Science & Information Systems,44,,,"Queen's, Belfast",55.7,87.5,91.0,4.0,24.1,86.0,7.0,382.0,72.4899598393574
2015,Computer Science & Information Systems,47,,,Reading,55.1,77.1144278606965,79.0,7.0,16.3,94.0,5.0,349.0,53.6144578313253
2015,Computer Science & Information Systems,78,,,Robert Gordon,45.0,76.2499999999999,76.7676767676767,3.0,19.6,72.0,1.0,347.0,70.2594810379241
2015,Computer Science & Information Systems,28,,,Royal Holloway,59.5,83.7092731829574,89.8989898989899,6.0,11.7,71.0,4.0,367.0,69.3999999999999
2015,Computer Science & Information Systems,66,,,Salford,49.8,76.8844221105527,72.2772277227722,4.0,15.3,62.0,4.0,367.0,66.6666666666666
2015,Computer Science & Information Systems,12,,,Sheffield,70.7,86.5741213168546,90.8828867594569,9.0,15.5,87.0,8.0,397.0,79.9096980900338
2015,Computer Science & Information Systems,64,,,Sheffield Hallam,49.9,78.25,76.2376237623762,4.0,19.5,65.0,9.0,295.0,63.5458167330677
2015,Computer Science & Information Systems,89,,,South Wales,41.2,79.5511221945136,82.0,3.0,22.0,64.0,2.0,321.0,70.8582834331337
2015,Computer Science & Information Systems,8,,,Southampton,72.5,84.7117794486215,92.9292929292929,8.0,14.3,95.0,9.0,462.0,55.5110220440881
2015,Computer Science & Information Systems,95,,,Southampton Solent,36.0,66.9172932330827,66.0,4.0,27.1,64.0,7.0,239.0,62.4
2015,Computer Science & Information Systems,1,,,St Andrews,100.0,97.4937343358396,98.0,10.0,7.1,,8.0,513.0,89.0
2015,Computer Science & Information Systems,71,,,Staffordshire,48.9,86.43216080402,81.0,4.0,21.0,67.0,6.0,297.0,66.6666666666666
2015,Computer Science & Information Systems,39,,,Stirling,56.6,81.75,82.8282828282828,4.0,13.9,,,391.0,60.6425702811244
2015,Computer Science & Information Systems,30,,,Strathclyde,58.5,90.7730673316708,90.9090909090909,3.0,21.9,86.0,6.0,434.0,65.9999999999999
2015,Computer Science & Information Systems,37,,,Sunderland,56.7,84.5,90.9090909090909,8.0,16.7,66.0,4.0,330.0,77.1084337349397
2015,Computer Science & Information Systems,9,,,Surrey,71.9,85.1758793969849,87.8787878787878,5.0,15.0,84.0,10.0,397.0,78.1563126252504
2015,Computer Science & Information Systems,25,,,Sussex,60.9,84.4221105527638,88.1188118811881,8.0,13.5,82.0,4.0,381.0,61.2449799196787
2015,Computer Science & Information Systems,54,,,Swansea,52.2,70.0,67.0,7.0,11.4,95.0,5.0,303.0,53.8
2015,Computer Science & Information Systems,73,,,Teesside,46.5,79.0,78.0,4.0,18.3999999999999,52.0,4.0,362.0,69.1848906560636
2015,Computer Science & Information Systems,7,,,UCL,73.0,78.1094527363184,85.8585858585858,10.0,12.1,,8.0,518.0,57.1713147410358
2015,Computer Science & Information Systems,60,,,UEA,50.8,76.25,82.8282828282828,8.0,15.4,74.0,1.0,405.0,64.6706586826347
2015,Computer Science & Information Systems,86,,,Ulster,41.9,74.5635910224439,77.9999999999999,3.0,19.3,61.0,4.0,312.0,63.0
2015,Computer Science & Information Systems,85,,,University Campus Suffolk,42.0,77.2499999999999,76.0,,15.8,54.0,2.0,286.0,72.9458917835671
2015,Computer Science & Information Systems,33,,,UWE Bristol,57.4,83.0423940149625,81.8181818181818,3.0,20.6,81.0,10.0,325.0,66.7334669338677
2015,Computer Science & Information Systems,23,,,Warwick,62.9,70.0,75.0,8.0,13.8,97.0,3.0,507.0,63.6726546906187
2015,Computer Science & Information Systems,102,,,West London,27.2,62.0947630922693,62.3762376237623,4.0,14.0,,1.0,225.0,64.3426294820717
2015,Computer Science & Information Systems,96,,,West of Scotland,35.9,76.3092269326683,77.2277227722772,3.0,20.9,47.0,3.0,292.0,61.8473895582329
2015,Computer Science & Information Systems,99,,,Westminster,34.1,67.25,75.2475247524752,4.0,22.9,55.0,4.0,266.0,57.9158316633266
2015,Computer Science & Information Systems,79,,,Worcester,43.8,83.0423940149625,82.1782178217821,2.0,27.7,67.0,9.0,266.0,68.5999999999999
2015,Computer Science & Information Systems,18,,,York,68.3,85.25,92.0,9.0,10.7,85.0,2.0,454.0,71.8562874251497
2015,Computer sciences and IT,36,,,Aberdeen,56.8,80.9523809523809,86.8686868686868,5.0,13.3,,4.0,397.0,70.6586826347305
2013,Computer sciences and IT,41,53.0,-12.0,Aberdeen,63.1,75.6262626262626,84.0,6.0,12.1,,4.0,349.0,53.640404040404
2014,Computer sciences and IT,47,41.0,6.0,Aberdeen,61.9,73.6842105263158,81.8181818181818,6.0,13.7,,3.0,415.0,59.9198396793587
2015,Computer sciences and IT,45,,,Abertay Dundee,55.2,85.5361596009975,85.0,3.0,17.3999999999999,85.0,6.0,371.0,63.6726546906187
2013,Computer sciences and IT,85,76.0,9.0,Abertay Dundee,47.0,,,2.0,25.7,63.0,4.0,338.0,
2014,Computer sciences and IT,86,85.0,1.0,Abertay Dundee,46.2,77.5,78.7878787878788,2.0,24.1,59.0,4.0,362.0,60.4373757455268
2015,Computer sciences and IT,74,,,Aberystwyth,45.6,66.9172932330827,67.0,6.0,15.7,69.0,7.0,299.0,52.9058116232464
2013,Computer sciences and IT,68,44.0,24.0,Aberystwyth,52.8,75.3613861386139,78.0,5.0,15.8,73.0,1.0,291.0,51.70967951496
2014,Computer sciences and IT,57,68.0,-11.0,Aberystwyth,58.7,80.2992518703242,84.1584158415842,6.0,15.0,80.0,2.0,302.0,56.7134268537074
2015,Computer sciences and IT,70,,,Anglia Ruskin,49.1,82.7067669172932,75.0,6.0,21.8,66.0,7.0,243.0,75.4491017964071
2013,Computer sciences and IT,74,66.0,8.0,Anglia Ruskin,50.4,74.3069306930693,69.0,7.0,15.2,39.0,5.0,185.0,64.8704862244466
2014,Computer sciences and IT,39,74.0,-35.0,Anglia Ruskin,65.5,85.286783042394,81.1881188118812,7.0,18.3,59.0,9.0,215.0,75.9519038076152
2015,Computer sciences and IT,41,,,Aston,55.9,79.6019900497512,92.9999999999999,4.0,14.9,70.0,4.0,366.0,75.2988047808764
2013,Computer sciences and IT,39,57.0,-18.0,Aston,64.1,80.7821782178218,90.0,4.0,17.8,64.0,6.0,341.0,66.4571428571428
2014,Computer sciences and IT,53,39.0,14.0,Aston,59.3,77.3869346733668,80.0,5.0,18.8,74.0,3.0,352.0,74.6
2013,Computer sciences and IT,33,38.0,-5.0,Bangor,68.7,86.2945544554456,85.1485148514852,6.0,14.8,,7.0,254.0,68.482108210821
2014,Computer sciences and IT,73,33.0,40.0,Bangor,51.8,76.5586034912718,83.0,7.0,14.8,71.0,2.0,229.0,55.8
2013,Computer sciences and IT,11,12.0,-1.0,Bath,82.7,88.7247474747475,91.0891089108911,8.0,14.6,83.0,8.0,409.0,63.9972597259726
2014,Computer sciences and IT,7,11.0,-4.0,Bath,84.9,92.0,98.0,10.0,16.5,78.0,6.0,470.0,66.9980119284294
2013,Computer sciences and IT,78,100.0,-22.0,Bedfordshire,49.2,72.25,74.7474747474748,4.0,17.6,42.0,7.0,154.0,67.4707070707071
2014,Computer sciences and IT,73,78.0,-5.0,Bedfordshire,51.8,70.7481128689828,72.8263729734318,5.0,15.5,47.0,8.0,188.0,68.8353919881206
2013,Computer sciences and IT,7,5.0,2.0,Birmingham,87.8,82.25,77.0,10.0,9.6,88.0,7.0,401.0,67.1386138613861
2014,Computer sciences and IT,1,7.0,-6.0,Birmingham,100.0,92.2693266832918,90.0990099009901,10.0,9.1,91.0,4.0,422.0,80.4
2013,Computer sciences and IT,92,102.0,-10.0,Birmingham City,43.8,61.0631313131313,68.0,5.0,25.0,,9.0,243.0,50.6746756136288
2014,Computer sciences and IT,51,92.0,-41.0,Birmingham City,60.9,76.3149197188204,90.4175536881419,5.0,20.4,41.0,10.0,305.0,67.9976056243164
2013,Computer sciences and IT,98,91.0,7.0,Bolton,38.6,77.513901390139,78.0,2.0,25.4,,,268.0,56.4990099009901
2014,Computer sciences and IT,97,98.0,-1.0,Bolton,34.9,74.7062980551786,71.9090909090909,3.0,,21.0,,307.0,55.3085888828404
2013,Computer sciences and IT,43,22.0,21.0,Bournemouth,62.4,65.9292929292929,59.4059405940594,7.0,12.8,65.0,10.0,296.0,51.0217821782178
2014,Computer sciences and IT,30,43.0,-13.0,Bournemouth,69.6,80.7980049875312,81.1881188118812,7.0,17.4,80.0,8.0,337.0,68.6746987951807
2013,Computer sciences and IT,73,90.0,-17.0,Bradford,50.8,66.8354587458746,71.2871287128713,5.0,15.2,40.0,5.0,247.0,68.9247524752475
2014,Computer sciences and IT,45,73.0,-28.0,Bradford,62.3,77.4436090225564,81.1881188118812,6.0,15.9,65.0,7.0,270.0,69.2614770459082
2013,Computer sciences and IT,86,92.0,-6.0,Brighton,46.8,76.0633950061673,80.5333333333334,3.0,20.7,50.0,6.0,262.0,50.4285905923926
2014,Computer sciences and IT,90,86.0,4.0,Brighton,43.1,79.1400451363072,76.2617888907535,2.0,30.9,60.0,7.0,266.0,61.8491521798873
2013,Computer sciences and IT,5,7.0,-2.0,Bristol,89.2,95.7449494949495,96.0,6.0,15.7,,8.0,489.0,70.0040648416306
2014,Computer sciences and IT,4,5.0,-1.0,Bristol,91.6,91.5,96.0,7.0,13.4,91.0,8.0,506.0,63.2530120481928
2013,Computer sciences and IT,56,86.0,-30.0,Brunel,57.8,74.1792929292929,72.0,6.0,18.1,58.0,3.0,323.0,68.530693069307
2014,Computer sciences and IT,60,56.0,4.0,Brunel,57.8,79.3017456359102,85.0,6.0,19.9,66.0,2.0,334.0,75.3507014028056
2013,Computer sciences and IT,81,81.0,0.0,Bucks New University,48.5,65.4224422442244,61.3861386138614,4.0,19.4,35.0,9.0,206.0,73.1762176217622
2014,Computer sciences and IT,101,81.0,20.0,Bucks New University,30.8,61.7721518987342,53.5353535353535,4.0,20.4,48.0,2.0,228.0,66.7330677290837
2013,Computer sciences and IT,1,1.0,0.0,Cambridge,100.0,95.5,96.0,,9.0,97.0,2.0,633.0,81.2792079207921
2014,Computer sciences and IT,8,1.0,7.0,Cambridge,84.6,86.4661654135338,78.7878787878788,,8.5,86.0,1.0,624.0,76.056338028169
2013,Computer sciences and IT,103,104.0,-1.0,Canterbury Christ Church,30.8,60.8539603960396,81.0,2.0,23.9,,2.0,182.0,60.3782178217822
2014,Computer sciences and IT,100,103.0,-3.0,Canterbury Christ Church,31.7,66.5835411471322,76.0,2.0,26.8,,3.0,237.0,58.8
2013,Computer sciences and IT,29,46.0,-17.0,Cardiff,70.2,83.983798379838,79.0,6.0,12.8,75.0,4.0,345.0,73.1005917159763
2014,Computer sciences and IT,28,29.0,-1.0,Cardiff,71.0,81.25,86.1386138613861,6.0,12.2,74.0,6.0,404.0,66.0678642714571
2013,Computer sciences and IT,64,,,Cardiff Met,54.6,84.5263776377638,93.0,3.0,21.7,,3.0,251.0,78.8678272082527
2014,Computer sciences and IT,87,64.0,23.0,Cardiff Met,45.8,81.3432835820895,93.0,3.0,27.2,53.0,3.0,293.0,76.0
2013,Computer sciences and IT,57,46.0,11.0,Central Lancashire,57.4,77.0891089108911,74.0,6.0,17.5,62.0,3.0,305.0,69.6594059405941
2014,Computer sciences and IT,54,57.0,-3.0,Central Lancashire,59.2,83.5820895522388,84.1584158415842,7.0,15.0,55.0,3.0,312.0,72.4550898203593
2013,Computer sciences and IT,41,45.0,-4.0,Chester,63.1,76.0732323232324,86.0,6.0,13.8,67.0,7.0,255.0,64.5636363636364
2014,Computer sciences and IT,75,41.0,34.0,Chester,51.7,65.9090909090909,75.0,7.0,17.0,64.0,5.0,275.0,61.0778443113773
2013,Computer sciences and IT,72,42.0,30.0,City,51.2,63.0555555555556,65.0,7.0,19.2,56.0,5.0,336.0,55.7630231108217
2014,Computer sciences and IT,68,72.0,-4.0,City,53.6,67.5,66.6666666666667,7.0,21.9,66.0,6.0,362.0,58.8
2013,Computer sciences and IT,66,93.0,-27.0,Coventry,53.4,68.0915841584158,68.0,3.0,18.4,62.0,6.0,247.0,71.7892092972738
2014,Computer sciences and IT,62,66.0,-4.0,Coventry,56.6,75.0,71.0,3.0,20.4,70.0,8.0,254.0,72.7454909819639
2013,Computer sciences and IT,78,84.0,-6.0,De Montfort,49.2,79.7808780878088,80.0,4.0,19.1,45.0,2.0,283.0,66.163896389639
2014,Computer sciences and IT,63,78.0,-15.0,De Montfort,55.5,81.453634085213,80.8080808080808,4.0,21.0,61.0,5.0,302.0,64.3426294820717
2013,Computer sciences and IT,60,72.0,-12.0,Derby,56.2,78.4765726572657,73.2673267326733,3.0,18.8,59.0,7.0,312.0,61.470434926501
2014,Computer sciences and IT,68,60.0,8.0,Derby,53.6,71.8204488778055,70.0,3.0,16.1,67.0,6.0,298.0,59.8
2013,Computer sciences and IT,23,37.0,-14.0,Dundee,76.6,85.0,96.0,5.0,15.0,75.0,9.0,364.0,67.2
2014,Computer sciences and IT,37,23.0,14.0,Dundee,66.3,78.5,83.1683168316832,5.0,12.3,82.0,6.0,409.0,53.9840637450199
2013,Computer sciences and IT,15,27.0,-12.0,Durham,80.8,70.1944444444444,80.8080808080808,7.0,12.6,85.0,7.0,446.0,74.7168316831683
2014,Computer sciences and IT,20,15.0,5.0,Durham,75.8,81.75,87.0,8.0,11.8,84.0,2.0,472.0,71.4
2013,Computer sciences and IT,100,87.0,13.0,East London,37.4,70.6915282859555,73.2673267326732,3.0,13.3,34.0,1.0,140.0,60.4107306382812
2014,Computer sciences and IT,94,100.0,-6.0,East London,37.4,80.25,79.0,2.0,24.3,36.0,3.0,237.0,72.9458917835671
2013,Computer sciences and IT,40,96.0,-56.0,Edge Hill,64.0,88.75,94.0594059405941,2.0,12.3,49.0,7.0,235.0,78.6871287128713
2014,Computer sciences and IT,31,40.0,-9.0,Edge Hill,69.2,89.0547263681592,85.2941176470588,3.0,10.6,50.0,9.0,274.0,78.0439121756487
2013,Computer sciences and IT,16,17.0,-1.0,Edinburgh,80.5,80.5420792079208,90.0,,9.3,88.0,8.0,470.0,43.1333333333333
2014,Computer sciences and IT,22,16.0,6.0,Edinburgh,75.5,83.0423940149626,85.1485148514852,,9.7,74.0,7.0,490.0,48.2
2013,Computer sciences and IT,62,35.0,27.0,Edinburgh Napier,55.6,84.469696969697,83.0,3.0,22.2,53.0,7.0,281.0,66.7958115183246
2014,Computer sciences and IT,66,62.0,4.0,Edinburgh Napier,54.5,77.3067331670823,75.0,3.0,22.0,63.0,9.0,295.0,59.9198396793587
2013,Computer sciences and IT,46,49.0,-3.0,Essex,61.6,72.5,84.0,7.0,14.2,62.0,3.0,318.0,61.4
2014,Computer sciences and IT,44,46.0,-2.0,Essex,63.0,80.5,87.0,5.0,17.3,83.0,3.0,299.0,70.0803212851406
2013,Computer sciences and IT,89,78.0,11.0,Glamorgan,45.7,68.9800230023002,68.3168316831683,4.0,19.6,52.0,3.0,299.0,57.5332333233323
2013,Computer sciences and IT,8,13.0,-5.0,Glasgow,85.5,91.2121212121212,98.0,8.0,12.8,88.0,3.0,456.0,73.4012601260126
2014,Computer sciences and IT,2,8.0,-6.0,Glasgow,99.8,89.5,90.0,10.0,11.0,97.0,8.0,477.0,72.4
2013,Computer sciences and IT,80,74.0,6.0,Glasgow Caledonian,49.1,74.9621212121212,80.0,3.0,22.8,42.0,7.0,297.0,64.5942874552795
2014,Computer sciences and IT,46,80.0,-34.0,Glasgow Caledonian,62.0,84.9624060150376,91.0,5.0,15.5,49.0,5.0,331.0,69.1848906560636
2013,Computer sciences and IT,54,89.0,-35.0,Gloucestershire,58.5,81.9772727272727,73.0,3.0,18.4,65.0,,243.0,73.6007800780078
2014,Computer sciences and IT,81,54.0,27.0,Gloucestershire,49.4,74.8129675810474,80.8080808080808,3.0,23.2,63.0,7.0,263.0,67.7354709418838
2013,Computer sciences and IT,101,49.0,52.0,Glyndwr,36.7,77.4210259014728,75.0,3.0,24.3,,1.0,225.0,68.6116211621162
2014,Computer sciences and IT,99,101.0,-2.0,Glyndwr,31.9,68.5785536159601,60.3960396039604,4.0,23.8,52.0,4.0,209.0,46.8
2013,Computer sciences and IT,55,105.0,-50.0,Goldsmiths,57.9,82.3044554455446,82.8282828282828,3.0,14.9,68.0,,282.0,66.9940594059406
2014,Computer sciences and IT,26,55.0,-29.0,Goldsmiths,73.7,90.7730673316708,91.0,3.0,12.8,60.0,6.0,307.0,78.8423153692615
2013,Computer sciences and IT,61,77.0,-16.0,Greenwich,55.7,88.2372316562702,89.2924614931476,6.0,27.1,42.0,,236.0,78.2285835497616
2014,Computer sciences and IT,61,61.0,0.0,Greenwich,57.5,84.5167541189817,81.7223327223327,6.0,29.5,51.0,8.0,280.0,76.7886086279807
2013,Computer sciences and IT,30,48.0,-18.0,Heriot-Watt,69.9,75.5310281028103,76.7676767676768,7.0,12.5,87.0,4.0,363.0,61.9485148514852
2014,Computer sciences and IT,48,30.0,18.0,Heriot-Watt,61.4,66.7493796526055,61.6161616161616,7.0,10.6,82.0,8.0,358.0,42.8
2013,Computer sciences and IT,43,61.0,-18.0,Hertfordshire,62.4,75.6313131313131,81.0,5.0,16.7,53.0,10.0,261.0,63.4
2014,Computer sciences and IT,67,43.0,24.0,Hertfordshire,53.8,71.3216957605985,75.2475247524752,7.0,17.4,52.0,8.0,277.0,57.0
2013,Computer sciences and IT,49,60.0,-11.0,Huddersfield,60.5,72.7493129541091,63.6363636363636,6.0,18.8,72.0,6.0,296.0,64.657105710571
2014,Computer sciences and IT,57,49.0,8.0,Huddersfield,58.7,76.4411027568922,76.0,5.0,19.7,72.0,6.0,297.0,67.0658682634731
2013,Computer sciences and IT,48,52.0,-4.0,Hull,61.2,83.739298929893,83.0,3.0,22.1,74.0,7.0,281.0,65.3069306930693
2014,Computer sciences and IT,33,48.0,-15.0,Hull,68.2,88.5,88.0,4.0,21.2,81.0,6.0,328.0,78.5288270377734
2013,Computer sciences and IT,4,4.0,0.0,Imperial College,95.0,83.7247474747475,85.0,10.0,16.0,95.0,7.0,561.0,67.392699269927
2014,Computer sciences and IT,3,4.0,-1.0,Imperial College,99.3,88.75,89.0,10.0,16.1,92.0,8.0,552.0,66.3346613545817
2013,Computer sciences and IT,82,51.0,31.0,Keele,48.4,77.0371287128713,74.0,3.0,15.2,,2.0,289.0,48.8336633663366
2014,Computer sciences and IT,79,82.0,-3.0,Keele,50.6,73.75,67.6767676767677,4.0,18.2,,5.0,336.0,59.6806387225549
2013,Computer sciences and IT,35,32.0,3.0,Kent,66.9,78.469696969697,79.2079207920792,5.0,13.2,88.0,8.0,301.0,49.691276599838
2014,Computer sciences and IT,36,35.0,1.0,Kent,66.4,80.4511278195489,84.1584158415842,6.0,15.0,84.0,5.0,370.0,55.688622754491
2013,Computer sciences and IT,25,29.0,-4.0,King's College London,72.0,74.9874639551253,81.2348508678946,8.0,16.6,82.0,7.0,365.0,63.1873291167794
2014,Computer sciences and IT,13,25.0,-12.0,King's College London,81.2,80.2992518703242,82.0,9.0,14.9,91.0,6.0,382.0,72.9458917835671
2013,Computer sciences and IT,77,73.0,4.0,Kingston,50.0,76.5847728642472,73.239766461239,4.0,25.7,58.0,7.0,256.0,64.3315005333877
2014,Computer sciences and IT,92,77.0,15.0,Kingston,39.8,74.3799107916654,72.0276182384594,5.0,27.7,52.0,3.0,295.0,58.7854371140272
2013,Computer sciences and IT,14,11.0,3.0,Lancaster,80.9,80.0313281328133,81.0,10.0,9.2,76.0,3.0,353.0,68.8594059405941
2014,Computer sciences and IT,40,14.0,26.0,Lancaster,65.3,74.5635910224439,70.2970297029703,,8.0,82.0,2.0,355.0,51.394422310757
2013,Computer sciences and IT,45,15.0,30.0,Leeds,62.2,78.0915841584158,69.6969696969697,7.0,10.3,75.0,2.0,340.0,58.7676167616762
2014,Computer sciences and IT,16,45.0,-29.0,Leeds,77.4,84.0796019900498,82.8282828282828,5.0,11.1,87.0,2.0,382.0,85.8
2013,Computer sciences and IT,97,65.0,32.0,Leeds Met,40.5,72.8205661625765,71.7171717171717,3.0,21.8,49.0,4.0,203.0,60.5961670241098
2014,Computer sciences and IT,89,97.0,-8.0,Leeds Met,44.5,84.4611528822055,79.0,3.0,27.5,54.0,4.0,240.0,75.8483033932136
2013,Computer sciences and IT,21,14.0,7.0,Leicester,77.6,84.969696969697,92.0,6.0,12.2,,4.0,344.0,80.5970197019702
2014,Computer sciences and IT,18,21.0,-3.0,Leicester,76.8,79.6992481203007,84.8484848484848,8.0,10.3,,4.0,362.0,78.1563126252505
2013,Computer sciences and IT,50,66.0,-16.0,Lincoln,59.6,75.2525252525252,74.7474747474748,4.0,17.1,62.0,5.0,315.0,67.8649350649351
2014,Computer sciences and IT,27,50.0,-23.0,Lincoln,72.3,81.0945273631841,82.8282828282828,4.0,15.8,75.0,9.0,321.0,77.0459081836327
2013,Computer sciences and IT,9,24.0,-15.0,Liverpool,83.3,88.0074257425742,88.0,7.0,10.2,75.0,10.0,377.0,63.4345634563456
2014,Computer sciences and IT,14,9.0,5.0,Liverpool,79.3,86.318407960199,88.0,7.0,11.1,83.0,6.0,388.0,67.6
2013,Computer sciences and IT,84,82.0,2.0,Liverpool John Moores,47.1,73.6919191919192,78.0,4.0,26.2,51.0,5.0,227.0,70.9107084621506
2014,Computer sciences and IT,77,84.0,-7.0,Liverpool John Moores,51.3,74.68671679198,74.0,3.0,29.3,67.0,9.0,300.0,67.5944333996024
2013,Computer sciences and IT,95,98.0,-3.0,London Met,40.7,68.6817919460108,72.7272727272727,3.0,17.3,46.0,4.0,167.0,63.0809436936538
2014,Computer sciences and IT,98,95.0,3.0,London Met,32.0,69.1542288557214,70.7070707070707,2.0,24.3,43.0,4.0,204.0,61.5537848605578
2013,Computer sciences and IT,67,82.0,-15.0,London South Bank,53.0,77.1955922865014,76.7676767676768,3.0,19.6,52.0,8.0,181.0,70.6851485148515
2014,Computer sciences and IT,85,67.0,18.0,London South Bank,46.3,81.0,84.0,3.0,20.2,42.0,5.0,218.0,68.4
2013,Computer sciences and IT,31,22.0,9.0,Loughborough,69.8,84.25,88.0,6.0,16.3,80.0,4.0,336.0,65.8
2014,Computer sciences and IT,19,31.0,-12.0,Loughborough,76.7,82.8358208955224,87.1287128712871,7.0,15.6,80.0,7.0,376.0,73.5059760956175
2013,Computer sciences and IT,20,19.0,1.0,Manchester,77.9,77.7045454545454,82.8282828282828,10.0,11.5,77.0,4.0,378.0,59.1669860003128
2014,Computer sciences and IT,15,20.0,-5.0,Manchester,78.3,86.9674185463659,90.0,,11.8,71.0,4.0,425.0,68.1274900398406
2013,Computer sciences and IT,87,99.0,-12.0,Manchester Met,46.7,70.5891089108911,67.3267326732673,3.0,19.2,58.0,5.0,254.0,60.3221496822172
2014,Computer sciences and IT,80,87.0,-7.0,Manchester Met,49.6,73.25,74.7474747474748,3.0,19.1,58.0,3.0,310.0,67.8642714570858
2013,Computer sciences and IT,76,59.0,17.0,Middlesex,50.1,69.3292079207921,73.0,5.0,19.5,41.0,8.0,173.0,64.7474747474748
2014,Computer sciences and IT,82,76.0,6.0,Middlesex,49.2,77.1929824561404,78.0,7.0,20.8,41.0,6.0,201.0,69.0
2013,Computer sciences and IT,17,28.0,-11.0,Newcastle,79.3,87.5074257425742,88.0,8.0,17.0,84.0,7.0,398.0,70.2120343839542
2014,Computer sciences and IT,12,17.0,-5.0,Newcastle,81.3,83.7092731829574,91.8367346938776,9.0,14.4,84.0,8.0,377.0,64.4578313253012
2013,Computer sciences and IT,71,80.0,-9.0,Newman University College,51.4,,,3.0,24.5,,4.0,245.0,
2013,Computer sciences and IT,90,101.0,-11.0,Newport,44.5,82.2146464646465,81.8181818181818,2.0,31.1,49.0,5.0,246.0,74.4464646464646
2013,Computer sciences and IT,91,39.0,52.0,Northampton,44.0,71.5841584158416,75.0,3.0,,44.0,6.0,202.0,65.5366336633664
2014,Computer sciences and IT,78,91.0,-13.0,Northampton,50.8,73.6318407960199,72.0,4.0,29.1,67.0,9.0,273.0,62.4
2013,Computer sciences and IT,59,64.0,-5.0,Northumbria,56.3,73.7648654865486,78.656,4.0,19.1,73.0,6.0,256.0,61.9066828282828
2014,Computer sciences and IT,56,59.0,-3.0,Northumbria,59.0,75.7553232303856,78.5728572857286,5.0,16.8,69.0,7.0,287.0,64.1851532666676
2013,Computer sciences and IT,24,21.0,3.0,Nottingham,72.3,79.6878719474656,81.8181818181818,9.0,13.1,78.0,4.0,370.0,59.117529081428
2014,Computer sciences and IT,25,24.0,1.0,Nottingham,74.5,85.1758793969849,87.1287128712871,9.0,13.0,75.0,3.0,363.0,62.6746506986028
2013,Computer sciences and IT,83,95.0,-12.0,Nottingham Trent,47.6,67.7933926045666,69.0,4.0,22.0,59.0,5.0,256.0,61.4992706657029
2014,Computer sciences and IT,35,83.0,-48.0,Nottingham Trent,67.0,81.75,84.0,4.0,16.7,74.0,7.0,301.0,75.3507014028056
2013,Computer sciences and IT,53,40.0,13.0,Oxford Brookes,58.8,75.3106060606061,86.0,5.0,24.0,76.0,9.0,289.0,55.929214626889
2014,Computer sciences and IT,51,53.0,-2.0,Oxford Brookes,60.9,79.0,77.0,5.0,18.8,66.0,8.0,317.0,61.8
2013,Computer sciences and IT,50,56.0,-6.0,Plymouth,59.6,78.7527420288203,75.2475247524752,6.0,18.9,69.0,7.0,279.0,58.8004730705629
2014,Computer sciences and IT,50,50.0,0.0,Plymouth,61.1,84.7117794486216,83.8383838383838,6.0,20.4,71.0,8.0,303.0,57.429718875502
2013,Computer sciences and IT,64,63.0,1.0,Portsmouth,54.6,78.7362236223622,81.0,4.0,16.8,58.0,5.0,222.0,67.2072960576898
2014,Computer sciences and IT,41,64.0,-23.0,Portsmouth,64.6,86.9674185463659,86.0,5.0,14.8,53.0,7.0,303.0,72.2554890219561
2013,Computer sciences and IT,28,33.0,-5.0,Queen Mary,70.5,79.028702870287,88.0,10.0,12.2,60.0,2.0,318.0,72.1383138313832
2014,Computer sciences and IT,32,28.0,4.0,Queen Mary,68.9,77.25,87.1287128712871,10.0,15.3,72.0,4.0,340.0,65.3306613226453
2013,Computer sciences and IT,31,30.0,1.0,"Queen's, Belfast",69.8,73.5858585858586,84.0,6.0,15.2,75.0,9.0,352.0,62.7683168316832
2014,Computer sciences and IT,55,31.0,24.0,"Queen's, Belfast",59.1,68.9054726368159,71.0,4.0,16.7,78.0,7.0,358.0,57.6
2013,Computer sciences and IT,34,36.0,-2.0,Reading,68.3,80.7715271527153,79.0,7.0,12.9,84.0,5.0,348.0,54.5049504950495
2014,Computer sciences and IT,42,34.0,8.0,Reading,64.1,72.6817042606516,87.0,7.0,18.5,89.0,4.0,350.0,59.8802395209581
2013,Computer sciences and IT,47,43.0,4.0,Robert Gordon,61.4,79.2510751075107,79.0,4.0,14.9,63.0,5.0,290.0,70.1029702970297
2014,Computer sciences and IT,64,47.0,17.0,Robert Gordon,55.1,74.5635910224439,75.0,4.0,18.0,74.0,3.0,352.0,59.8409542743539
2013,Computer sciences and IT,88,71.0,17.0,Roehampton,46.0,78.6464646464646,82.0,2.0,20.1,,4.0,191.0,69.6313263902148
2014,Computer sciences and IT,84,88.0,-4.0,Roehampton,46.7,88.2793017456359,84.0,3.0,21.1,,3.0,214.0,78.8844621513944
2013,Computer sciences and IT,58,54.0,4.0,Royal Holloway,57.3,72.3282828282828,82.8282828282828,4.0,14.4,,1.0,378.0,66.3737373737374
2014,Computer sciences and IT,75,58.0,17.0,Royal Holloway,51.7,66.9172932330827,81.8181818181818,4.0,17.7,68.0,3.0,363.0,60.7645875251509
2013,Computer sciences and IT,38,102.0,-64.0,Salford,65.1,91.4545454545454,88.8888888888889,5.0,16.6,57.0,6.0,243.0,74.4
2014,Computer sciences and IT,71,38.0,33.0,Salford,53.4,76.4411027568922,78.2178217821782,6.0,17.1,57.0,4.0,261.0,66.1322645290581
2013,Computer sciences and IT,10,20.0,-10.0,Sheffield,83.0,85.8217821782178,83.0,9.0,14.3,92.0,8.0,420.0,62.1636544606842
2014,Computer sciences and IT,6,10.0,-4.0,Sheffield,85.8,85.7142857142857,87.1287128712871,9.0,15.1,84.0,7.0,403.0,74.9498997995992
2013,Computer sciences and IT,52,69.0,-17.0,Sheffield Hallam,59.4,72.8316831683168,74.0,4.0,18.8,60.0,9.0,261.0,61.7161512222317
2014,Computer sciences and IT,59,52.0,7.0,Sheffield Hallam,58.3,78.75,77.0,4.0,19.5,66.0,8.0,274.0,68.1362725450902
2013,Computer sciences and IT,3,8.0,-5.0,Southampton,98.0,90.5816831683168,92.0,10.0,11.1,83.0,9.0,460.0,66.3579157915792
2014,Computer sciences and IT,5,3.0,2.0,Southampton,87.7,91.4572864321608,95.0,10.0,14.5,71.0,9.0,470.0,52.7054108216433
2013,Computer sciences and IT,93,97.0,-4.0,Southampton Solent,41.9,73.6181118111811,68.0,3.0,25.9,65.0,4.0,209.0,62.3292929292929
2014,Computer sciences and IT,88,93.0,-5.0,Southampton Solent,44.6,74.25,65.6565656565657,4.0,24.3,62.0,6.0,227.0,64.4710578842315
2013,Computer sciences and IT,2,2.0,0.0,St Andrews,98.3,90.0487577059593,90.0,10.0,8.1,,,502.0,69.0857085708571
2014,Computer sciences and IT,24,2.0,22.0,St Andrews,75.1,74.6231155778894,73.2673267326733,,7.7,,7.0,517.0,48.0961923847696
2013,Computer sciences and IT,75,58.0,17.0,Staffordshire,50.2,80.6505650565056,70.0,4.0,21.3,67.0,5.0,241.0,57.9958738405846
2014,Computer sciences and IT,65,75.0,-10.0,Staffordshire,54.6,84.5,76.0,4.0,22.4,62.0,7.0,261.0,64.0
2013,Computer sciences and IT,12,10.0,2.0,Stirling,82.2,95.489898989899,100.0,4.0,13.8,,9.0,320.0,83.0633663366337
2014,Computer sciences and IT,23,12.0,11.0,Stirling,75.2,88.4422110552764,91.0,3.0,12.5,,,358.0,73.3466933867735
2013,Computer sciences and IT,19,41.0,-22.0,Strathclyde,78.3,90.7772277227723,97.029702970297,4.0,18.1,79.0,8.0,409.0,75.8
2014,Computer sciences and IT,38,19.0,19.0,Strathclyde,66.2,91.9799498746867,91.0891089108911,4.0,18.1,74.0,3.0,425.0,66.1354581673307
2013,Computer sciences and IT,63,79.0,-16.0,Sunderland,55.4,58.4158415841584,58.4158415841584,9.0,16.5,65.0,5.0,273.0,65.5148514851485
2014,Computer sciences and IT,49,63.0,-14.0,Sunderland,61.3,83.5,72.0,8.0,17.0,47.0,7.0,275.0,70.4
2013,Computer sciences and IT,26,26.0,0.0,Surrey,71.0,85.2945544554456,89.0,6.0,17.9,84.0,3.0,349.0,70.4653465346535
2014,Computer sciences and IT,17,26.0,-9.0,Surrey,77.2,86.7167919799499,89.0,5.0,17.8,80.0,9.0,387.0,72.6
2013,Computer sciences and IT,22,9.0,13.0,Sussex,76.8,85.5,84.0,9.0,13.8,79.0,7.0,358.0,60.0383480825959
2014,Computer sciences and IT,21,22.0,-1.0,Sussex,75.6,87.3449131513648,87.1287128712871,9.0,14.3,65.0,7.0,357.0,63.855421686747
2013,Computer sciences and IT,27,34.0,-7.0,Swansea,70.6,81.3341584158416,81.8181818181818,5.0,11.4,71.0,8.0,315.0,63.8673267326733
2014,Computer sciences and IT,29,27.0,2.0,Swansea,70.9,78.6967418546366,80.0,5.0,12.2,85.0,8.0,359.0,60.8433734939759
2013,Computer sciences and IT,70,55.0,15.0,Teesside,52.3,79.7979797979798,78.0,4.0,19.1,45.0,3.0,307.0,66.882232180564
2014,Computer sciences and IT,72,70.0,2.0,Teesside,52.8,80.9523809523809,81.8181818181818,4.0,19.2,36.0,6.0,337.0,68.5370741482966
2013,Computer sciences and IT,95,,,UC Suffolk,40.7,,,,17.1,47.0,1.0,225.0,
2014,Computer sciences and IT,93,95.0,-2.0,UC Suffolk,38.4,67.1679197994987,67.0,,15.8,,1.0,233.0,71.4859437751004
2013,Computer sciences and IT,18,18.0,0.0,UCL,79.1,87.5420792079208,87.0,8.0,14.3,,5.0,447.0,67.3017301730173
2014,Computer sciences and IT,9,18.0,-9.0,UCL,84.2,82.5,87.0,10.0,14.2,85.0,6.0,466.0,63.8
2013,Computer sciences and IT,36,30.0,6.0,UEA,66.3,89.8143564356436,89.1089108910891,7.0,13.7,50.0,3.0,360.0,69.8554455445544
2014,Computer sciences and IT,34,36.0,-2.0,UEA,68.0,81.3895781637717,77.0,7.0,14.1,71.0,4.0,365.0,66.4
2013,Computer sciences and IT,69,70.0,-1.0,Ulster,52.5,68.4907240724072,73.0,4.0,17.2,55.0,7.0,254.0,59.004672864143
2014,Computer sciences and IT,83,69.0,14.0,Ulster,47.9,75.75,81.0,4.0,18.5,62.0,3.0,271.0,60.8
2013,Computer sciences and IT,36,61.0,-25.0,UWE Bristol,66.3,78.9545454545454,74.0,4.0,18.8,78.0,10.0,285.0,61.1454545454545
2014,Computer sciences and IT,43,36.0,7.0,UWE Bristol,63.8,83.5,76.0,3.0,20.4,69.0,10.0,295.0,66.0678642714571
2013,Computer sciences and IT,13,16.0,-3.0,Warwick,82.0,81.5,87.0,8.0,12.3,87.0,5.0,488.0,61.7636363636364
2014,Computer sciences and IT,10,13.0,-3.0,Warwick,83.7,81.4070351758794,85.0,9.0,12.3,91.0,4.0,494.0,63.2
2014,Computer sciences and IT,68,,,West London,53.6,89.0,84.1584158415842,4.0,17.1,,1.0,182.0,82.5396825396826
2013,Computer sciences and IT,94,106.0,-12.0,West of Scotland,41.2,71.0677701916533,69.6969696969697,3.0,21.3,34.0,4.0,286.0,57.2343140007951
2014,Computer sciences and IT,96,94.0,2.0,West of Scotland,36.7,71.9298245614035,69.6969696969697,3.0,21.9,37.0,3.0,274.0,60.8
2013,Computer sciences and IT,99,85.0,14.0,Westminster,37.8,61.9500440727303,54.5454545454545,3.0,24.6,54.0,5.0,248.0,53.5468742199763
2014,Computer sciences and IT,91,99.0,-8.0,Westminster,41.8,70.2770780856423,72.0,4.0,22.3,52.0,3.0,257.0,63.4538152610442
2013,Computer sciences and IT,102,94.0,8.0,Worcester,36.4,74.0806830683068,64.6464646464646,2.0,24.0,,,240.0,59.835968671494
2014,Computer sciences and IT,95,102.0,-7.0,Worcester,36.8,64.4278606965174,57.4257425742574,2.0,28.3,,9.0,263.0,58.7649402390438
2013,Computer sciences and IT,6,6.0,0.0,York,88.0,87.0173267326733,91.0,,9.6,91.0,4.0,443.0,72.2223234875789
2014,Computer sciences and IT,11,6.0,5.0,York,82.7,88.25,92.0,,10.8,86.0,3.0,469.0,73.8430583501006
2013,Dentistry,4,,,Aberdeen,81.5,95.0148514851485,98.0,9.0,8.1,,,,67.8674266694069
2014,Dentistry,2,4.0,-2.0,Aberdeen,98.8,94.2643391521197,94.059405940594,10.0,5.1,,,,65.3386454183267
2015,Dentistry,4,2.0,2.0,Aberdeen,92.4,94.776119402985,92.079207920792,9.0,4.3,,10.0,,62.1242484969939
2013,Dentistry,8,5.0,3.0,Birmingham,71.1,97.75,90.0,5.0,9.7,100.0,,488.0,73.8328632863286
2014,Dentistry,10,8.0,2.0,Birmingham,76.8,97.5,98.0,5.0,8.7,100.0,4.0,486.0,80.8
2015,Dentistry,9,10.0,-1.0,Birmingham,55.3,95.0124688279301,93.069306930693,5.0,8.4,100.0,3.0,492.0,78.3567134268537
2013,Dentistry,12,6.0,6.0,Bristol,46.4,87.6540404040404,87.0,3.0,12.6,97.0,,485.0,70.8229622962296
2014,Dentistry,13,12.0,1.0,Bristol,65.3,97.2568578553616,100.0,3.0,11.4,100.0,4.0,467.0,84.6307385229541
2015,Dentistry,10,13.0,-3.0,Bristol,50.8,92.0199501246882,93.0,5.0,11.2,100.0,7.0,492.0,74.9502982107355
2013,Dentistry,11,3.0,8.0,Cardiff,53.2,89.5717821782178,92.0792079207921,5.0,6.4,100.0,,475.0,46.1593451763949
2014,Dentistry,14,11.0,3.0,Cardiff,44.5,86.284289276808,86.0,4.0,6.8,100.0,2.0,489.0,49.3013972055888
2015,Dentistry,11,14.0,-3.0,Cardiff,42.7,86.9674185463659,81.0,8.0,6.2,96.0,6.0,496.0,38.2765531062124
2013,Dentistry,7,7.0,0.0,Dundee,76.7,91.7720772077208,94.0,5.0,6.4,99.0,,506.0,64.7070275403609
2014,Dentistry,5,7.0,-2.0,Dundee,93.0,90.0249376558604,98.019801980198,4.0,5.3,100.0,4.0,527.0,61.87624750499
2015,Dentistry,1,5.0,-4.0,Dundee,100.0,94.9409443148099,99.31717309662,5.0,5.6,96.0,3.0,559.0,66.2422281873035
2013,Dentistry,2,2.0,0.0,Glasgow,96.3,99.5,100.0,5.0,6.3,100.0,,532.0,85.149494949495
2014,Dentistry,1,2.0,-1.0,Glasgow,100.0,99.0,100.0,4.0,11.3,99.0,2.0,549.0,82.565130260521
2015,Dentistry,6,1.0,5.0,Glasgow,68.5999999999999,98.4924623115577,100.0,3.0,11.8,100.0,2.0,531.0,89.9799599198396
2013,Dentistry,3,1.0,2.0,King's College London,87.5,92.729797979798,92.9292929292929,9.0,6.2,100.0,8.0,484.0,73.9883040935673
2014,Dentistry,6,3.0,3.0,King's College London,89.2,91.7293233082707,90.0990099009901,8.0,6.4,99.0,8.0,506.0,70.059880239521
2015,Dentistry,5,6.0,-1.0,King's College London,76.8,91.3151364764268,92.156862745098,8.0,7.3,99.0,5.0,505.0,72.6732673267326
2013,Dentistry,13,13.0,0.0,Leeds,44.1,93.4823232323232,87.0,6.0,12.5,100.0,,451.0,37.4930100152872
2014,Dentistry,7,13.0,-6.0,Leeds,89.0,97.0149253731344,96.039603960396,7.0,11.2,93.0,9.0,488.0,78.0876494023904
2015,Dentistry,7,7.0,0.0,Leeds,65.7,99.75,99.0,8.0,9.4,100.0,8.0,486.0,63.7274549098196
2013,Dentistry,5,9.0,-4.0,Liverpool,81.4,94.5,98.989898989899,9.0,8.9,100.0,5.0,456.0,87.1728748806113
2014,Dentistry,11,5.0,6.0,Liverpool,72.8,94.2211055276382,97.0,6.0,8.6,99.0,7.0,492.0,78.4
2015,Dentistry,14,11.0,3.0,Liverpool,32.4,90.9774436090225,90.0,2.0,8.6,100.0,8.0,461.0,74.7999999999999
2013,Dentistry,6,10.0,-4.0,Manchester,77.0,96.75,97.979797979798,4.0,9.2,100.0,,462.0,87.8415841584158
2014,Dentistry,12,6.0,6.0,Manchester,67.9,92.7680798004988,92.0,4.0,9.3,100.0,8.0,516.0,61.6766467065868
2015,Dentistry,13,12.0,1.0,Manchester,33.4,86.4321608040201,87.7551020408163,4.0,8.8,98.0,7.0,501.0,56.858846918489
2013,Dentistry,15,11.0,4.0,Newcastle,33.4,93.969696969697,97.0,1.0,13.6,100.0,,496.0,53.6212221222122
2014,Dentistry,15,15.0,0.0,Newcastle,39.8,94.7236180904522,97.0,1.0,14.8,100.0,4.0,509.0,55.2631578947368
2015,Dentistry,12,15.0,-3.0,Newcastle,37.5,98.0,98.0,1.0,12.5,97.0,4.0,519.0,75.2
2013,Dentistry,14,,,Peninsula Medical School,33.7,88.9642560266002,89.4285714285714,4.0,9.7,0.0,8.0,0.0,60.1288850869689
2014,Dentistry,8,,,Plymouth,87.0,92.9824561403509,89.7959183673469,9.0,,,8.0,,61.0441767068273
2013,Dentistry,10,12.0,-2.0,Queen Mary,59.7,85.1565656565657,79.7979797979798,5.0,6.7,99.0,2.0,461.0,60.040404040404
2014,Dentistry,4,10.0,-6.0,Queen Mary,96.3,97.5,97.979797979798,6.0,6.6,100.0,5.0,489.0,85.9719438877756
2015,Dentistry,2,4.0,-2.0,Queen Mary,98.9,97.2431077694235,93.9393939393939,8.0,6.0,,6.0,507.0,85.3413654618473
2013,Dentistry,1,4.0,-3.0,"Queen's, Belfast",100.0,100.0,100.0,8.0,6.4,100.0,,480.0,90.5737373737374
2014,Dentistry,3,1.0,2.0,"Queen's, Belfast",98.1,100.0,94.0,7.0,5.5,100.0,8.0,475.0,84.4621513944223
2015,Dentistry,3,3.0,0.0,"Queen's, Belfast",94.7,98.4962406015037,96.0,8.0,8.1,100.0,3.0,484.0,92.1843687374749
2013,Dentistry,9,8.0,1.0,Sheffield,62.9,96.25,94.0594059405941,3.0,8.4,100.0,,462.0,65.1725772577258
2014,Dentistry,9,9.0,0.0,Sheffield,77.3,94.7761194029851,97.0,3.0,8.1,100.0,5.0,509.0,66.4670658682635
2015,Dentistry,8,9.0,-1.0,Sheffield,57.9,93.75,96.039603960396,3.0,8.4,98.0,4.0,485.0,80.4780876494023
2015,Design & Crafts,57,,,Abertay Dundee,59.0,91.0,81.0,2.0,33.2,68.0,4.0,393.0,66.7334669338677
2015,Design & Crafts,30,,,Anglia Ruskin,75.5,91.4786967418546,93.069306930693,8.0,23.5,43.0,8.0,318.0,75.7028112449799
2015,Design & Crafts,2,,,Arts University Bournemouth,96.4,93.5,91.0,4.0,10.6,81.0,8.0,340.0,80.1603206412825
2015,Design & Crafts,32,,,Bath Spa,74.2,83.8613485719986,79.3587930221593,6.0,17.6,68.0,5.0,352.0,70.5944981976854
2015,Design & Crafts,67,,,Bedfordshire,43.9,77.7818060174895,74.609004296656,5.0,22.2,32.0,2.0,236.0,77.2909360542508
2015,Design & Crafts,52,,,Birmingham City,61.9,78.4839974930177,71.2198323280603,5.0,22.0,49.0,5.0,355.0,68.5465523955973
2015,Design & Crafts,60,,,Bournemouth,57.4,91.5,86.0,3.0,32.0,62.0,4.0,325.0,74.251497005988
2015,Design & Crafts,19,,,Brighton,84.6,91.25,90.9999999999999,7.0,20.6,59.0,6.0,355.0,83.9679358717434
2015,Design & Crafts,8,,,Brunel,93.1,88.0597014925373,88.9999999999999,8.0,15.8,77.0,6.0,409.0,76.8924302788844
2015,Design & Crafts,52,,,Bucks New University,61.9,83.5411471321695,81.0,3.0,14.8,40.0,7.0,275.0,78.4
2015,Design & Crafts,68,,,Canterbury Christ Church,39.0,81.592039800995,81.1881188118812,2.0,30.9,,,260.0,66.6
2015,Design & Crafts,34,,,Cardiff Met,72.7,82.5870646766169,78.0,4.0,16.5,56.0,7.0,314.0,73.2
2015,Design & Crafts,44,,,Central Lancashire,67.2,85.453255845413,83.7423998438491,5.0,19.6,51.0,3.0,333.0,80.3849244382484
2015,Design & Crafts,50,,,Chester,63.3,88.25,85.0,5.0,18.3999999999999,72.0,1.0,319.0,76.1999999999999
2015,Design & Crafts,15,,,Coventry,85.5,87.2180451127819,82.0,4.0,16.3,71.0,8.0,394.0,78.4
2015,Design & Crafts,39,,,Cumbria,68.5,85.6060606060605,86.8686868686868,3.0,21.2,38.0,8.0,335.0,84.5070422535211
2015,Design & Crafts,48,,,De Montfort,64.0,77.832820123604,73.4000878348704,3.0,12.5,53.0,4.0,355.0,65.643384465102
2015,Design & Crafts,6,,,Derby,95.4,86.5,85.9999999999999,9.0,13.4,68.0,8.0,309.0,84.3373493975903
2015,Design & Crafts,33,,,Dundee,74.0999999999999,79.5,75.2475247524752,8.0,17.0,49.0,5.0,401.0,68.6116700201207
2015,Design & Crafts,70,,,East London,36.1,69.576059850374,61.3861386138613,7.0,29.1,31.0,5.0,267.0,60.5577689243027
2015,Design & Crafts,10,,,Edinburgh,89.2,79.5716564137616,74.8727272727272,10.0,17.7,55.0,8.0,450.0,67.1539393939393
2015,Design & Crafts,36,,,Edinburgh Napier,71.4,84.9246231155778,71.7171717171716,4.0,20.5,56.9999999999999,7.0,391.0,67.0
2015,Design & Crafts,21,,,Falmouth,81.5,88.2330135775469,89.4242424242424,5.0,23.4,73.0,6.0,364.0,77.7393095969636
2015,Design & Crafts,22,,,Glasgow School of Art,81.2,80.7080087397104,76.3812303560453,10.0,20.1,62.0,2.0,438.0,67.7941197201681
2015,Design & Crafts,40,,,Gloucestershire,68.2,80.2005012531328,70.0,6.0,25.8,45.0,8.0,356.0,77.9559118236472
2015,Design & Crafts,55,,,Glyndwr,61.0,76.8844221105527,76.0,4.0,16.8,46.0,6.0,283.0,74.6987951807228
2015,Design & Crafts,4,,,Goldsmiths,95.9,96.9849246231155,93.9393939393939,5.0,13.8,79.0,5.0,351.0,75.751503006012
2015,Design & Crafts,60,,,Greenwich,57.4,82.4120603015075,82.1782178217821,3.0,23.5,59.0,,298.0,76.2
2015,Design & Crafts,42,,,Hertfordshire,68.0,80.3482587064676,74.0,8.0,21.8,43.0,5.0,369.0,70.2594810379241
2015,Design & Crafts,37,,,Huddersfield,70.2,85.6252387234602,78.5495325524681,3.0,29.1,59.0,8.0,355.0,81.3589980912552
2015,Design & Crafts,14,,,Kent,86.5,78.0548628428927,78.7878787878787,10.0,9.4,62.0,,354.0,59.6806387225548
2015,Design & Crafts,26,,,Kingston,79.5,85.7142857142857,80.0,6.0,16.5,70.0,3.0,406.0,66.6666666666666
2015,Design & Crafts,29,,,Leeds,77.9,79.6388142786276,76.7691269664023,6.0,19.3999999999999,59.0,8.0,423.0,69.5961361718701
2015,Design & Crafts,3,,,Leeds College of Art,96.1,89.2768079800498,90.9999999999999,3.0,10.6,64.0,10.0,382.0,77.8
2015,Design & Crafts,65,,,Leeds Met,51.4,83.0423940149625,79.2079207920792,3.0,21.1,51.0,3.0,290.0,75.4491017964071
2015,Design & Crafts,51,,,Lincoln,63.2,77.1911848448051,71.9999999999999,4.0,18.5,66.0,2.0,370.0,68.0856545831877
2015,Design & Crafts,16,,,Liverpool John Moores,85.3,86.5336658354114,85.0,5.0,13.7,52.0,4.0,422.0,82.8343313373253
2015,Design & Crafts,69,,,London Met,38.4,70.3008073474453,55.4766976697669,3.0,31.1,56.9999999999999,4.0,283.0,63.7092379318794
2015,Design & Crafts,40,,,London South Bank,68.2,84.7117794486215,77.7777777777777,10.0,26.8,,9.0,244.0,69.9999999999999
2015,Design & Crafts,5,,,Loughborough,95.8,87.0324189526184,82.8282828282828,9.0,16.1,78.0,6.0,418.0,76.8
2015,Design & Crafts,13,,,Manchester Met,86.6,84.0,81.1881188118812,3.0,16.0,64.0,8.0,443.0,76.3527054108216
2015,Design & Crafts,27,,,Middlesex,78.4,88.2205513784461,84.1584158415841,8.0,19.6,51.0,8.0,322.0,80.9236947791164
2015,Design & Crafts,7,,,Northampton,95.0,93.4837092731829,96.0,9.0,18.3,57.9999999999999,9.0,307.0,85.8
2015,Design & Crafts,23,,,Northumbria,80.9,82.0,78.9999999999999,6.0,16.3999999999999,59.0,8.0,402.0,72.3446893787575
2015,Design & Crafts,17,,,Norwich University of the Arts,85.0,92.1914357682619,95.0,4.0,17.6,66.0,6.0,338.0,85.3413654618473
2015,Design & Crafts,31,,,Nottingham Trent,75.0999999999999,82.8617629714886,81.2688710466488,5.0,14.5,69.0,4.0,351.0,71.7970603554018
2015,Design & Crafts,9,,,Oxford Brookes,90.6,88.75,83.8383838383838,8.0,10.0,,,316.0,85.7142857142856
2015,Design & Crafts,20,,,Plymouth,82.9,85.4366594499313,81.6026365348399,9.0,14.8,44.0,8.0,347.0,75.8182851706087
2015,Design & Crafts,35,,,Portsmouth,72.3,88.1909547738693,77.0,6.0,21.9,44.0,9.0,336.0,75.5999999999999
2015,Design & Crafts,64,,,Ravensbourne,51.7,66.0049627791563,60.3960396039603,3.0,18.5,80.0,4.0,271.0,60.0397614314115
2015,Design & Crafts,12,,,Reading,86.7,93.5323383084577,92.079207920792,5.0,13.5,,7.0,416.0,68.4630738522954
2015,Design & Crafts,47,,,Robert Gordon,64.2,77.1929824561403,73.9999999999999,4.0,16.5,67.0,1.0,379.0,75.4
2015,Design & Crafts,18,,,Salford,84.7,89.5261845386533,85.0,4.0,16.3,56.9999999999999,9.0,339.0,83.2
2015,Design & Crafts,54,,,Sheffield Hallam,61.5,81.0653636379277,79.4730045086888,4.0,18.0,57.9999999999999,3.0,317.0,69.144521887012
2015,Design & Crafts,49,,,South Wales,63.4,82.6196473551637,78.7878787878787,3.0,26.8,60.0,7.0,328.0,73.8
2015,Design & Crafts,28,,,Southampton,78.0,93.2330827067669,89.0,8.0,17.0,53.0,1.0,382.0,83.4661354581673
2015,Design & Crafts,66,,,Southampton Solent,50.3,75.8706467661691,73.0,3.0,19.3999999999999,34.0,5.0,330.0,65.0698602794411
2015,Design & Crafts,38,,,Staffordshire,69.9,88.5286783042394,90.9090909090909,,15.3,43.0,4.0,301.0,73.5999999999999
2015,Design & Crafts,42,,,Sunderland,68.0,82.9685382902064,82.4947368421052,8.0,15.8,36.0,4.0,326.0,76.6021052631579
2015,Design & Crafts,24,,,Teesside,80.5999999999999,93.2835820895522,89.108910891089,6.0,18.3,51.0,3.0,358.0,84.8605577689243
2015,Design & Crafts,59,,,Ulster,57.6,84.2777118513105,84.1110931697077,3.0,23.8,45.0,5.0,307.0,78.0197273602737
2015,Design & Crafts,45,,,University Campus Suffolk,66.0,95.5,87.9999999999999,,19.8999999999999,36.0,2.0,329.0,85.6
2015,Design & Crafts,46,,,University for the Creative Arts,64.3,80.3680155732394,71.6904176904176,4.0,12.1,53.0,4.0,310.0,72.1152368013714
2015,Design & Crafts,25,,,University of the Arts London,80.0999999999999,81.2377622377622,75.6643356643356,10.0,23.4,59.0,7.0,333.0,75.4487259050242
2015,Design & Crafts,11,,,UWE Bristol,87.4,88.3084577114427,84.0,4.0,22.7,69.0,9.0,388.0,84.2315369261476
2015,Design & Crafts,62,,,West London,54.6,85.40930263674,80.0294988261712,5.0,17.7,42.0,1.0,243.0,79.7467497993703
2015,Design & Crafts,56,,,Westminster,60.7,74.5635910224439,71.0,5.0,23.0,40.0,7.0,384.0,64.8
2015,Design & Crafts,58,,,Winchester,57.7,88.0299251870324,85.0,2.0,18.5,,,253.0,76.8
2015,Design & Crafts,63,,,Worcester,54.2,88.2793017456359,87.0,2.0,18.3999999999999,,4.0,290.0,62.8
2015,Design & Crafts,1,,,York St John,100.0,100.0,100.0,6.0,14.9,,6.0,305.0,99.001996007984
2015,Drama and dance,74,,,Anglia Ruskin,55.7,86.180904522613,73.0,7.0,23.0,39.0,2.0,303.0,65.6686626746507
2015,Drama and dance,21,,,Arts University Bournemouth,82.1,97.9949874686716,97.9999999999999,4.0,,59.0,7.0,336.0,90.0
2015,Drama and dance,53,,,Bath Spa,67.4,80.9598822102177,79.6944394991395,7.0,17.7,56.9999999999999,5.0,366.0,58.037662489016
2015,Drama and dance,77,,,Bedfordshire,48.8,73.8214285714285,72.1697312588401,4.0,27.6,36.0,8.0,270.0,65.1304496300512
2015,Drama and dance,1,,,Birmingham,100.0,97.4937343358396,94.0,10.0,13.2,78.0,6.0,411.0,73.7051792828685
2015,Drama and dance,7,,,Birmingham City,88.6,91.9999999999999,89.108910891089,8.0,13.9,66.0,8.0,312.0,77.3547094188376
2015,Drama and dance,79,,,Bishop Grosseteste UC,45.2,89.4736842105263,87.0,1.0,32.6,,,263.0,72.6546906187624
2015,Drama and dance,16,,,Bristol,83.4,87.96992481203,87.8787878787878,7.0,13.8,61.0,5.0,444.0,73.8
2015,Drama and dance,31,,,Brunel,76.0,83.291770573566,82.1782178217821,10.0,13.3,43.0,4.0,335.0,69.5390781563126
2015,Drama and dance,81,,,Bucks New University,35.7999999999999,78.0470839592922,58.9865822230105,3.0,20.9,24.0,1.0,283.0,55.1982694445059
2015,Drama and dance,71,,,Canterbury Christ Church,57.8,85.785536159601,77.0,3.0,18.2,,,279.0,66.3983903420523
2015,Drama and dance,35,,,Cardiff Met,73.8,96.2406015037593,97.0,3.0,20.3999999999999,,,322.0,93.3867735470941
2015,Drama and dance,29,,,Central Lancashire,76.7,89.4206549118387,81.0,7.0,16.2,67.0,5.0,343.0,64.3286573146292
2015,Drama and dance,57,,,Chester,65.5999999999999,83.9667753017768,69.5732603596559,4.0,15.0,63.0,5.0,287.0,74.0009315046304
2015,Drama and dance,51,,,Chichester,67.7,93.1213712915238,87.069306930693,3.0,16.8,52.0,3.0,337.0,71.9287406034393
2015,Drama and dance,8,,,Conservatoire for Dance and Drama,88.0,91.2667681977289,85.2121212121212,,11.6,54.0,10.0,,71.4080092003121
2015,Drama and dance,19,,,Coventry,82.6,93.8695100847356,84.9663299663299,5.0,11.9,71.0,6.0,349.0,75.0683930942895
2015,Drama and dance,73,,,Cumbria,56.3,94.9513376092841,93.8677042801556,3.0,34.7999999999999,27.0,5.0,307.0,88.0642162480153
2015,Drama and dance,45,,,De Montfort,70.2,94.2939831974301,91.5102496165109,3.0,16.7,41.0,4.0,328.0,84.900621292626
2015,Drama and dance,69,,,Derby,58.8,86.7282338308457,86.438995215311,5.0,25.0,,2.0,294.0,81.8633971291866
2015,Drama and dance,47,,,East London,69.0,78.6891427810002,66.3495419847328,9.0,23.6,34.0,7.0,404.0,66.9051030060383
2015,Drama and dance,38,,,Edge Hill,72.3,92.9111553519617,86.7926306769494,4.0,15.6,41.0,7.0,328.0,74.0578244425861
2015,Drama and dance,6,,,Essex,91.9,97.0074812967581,96.9999999999999,6.0,15.6,54.0,7.0,390.0,91.4171656686626
2015,Drama and dance,12,,,Exeter,87.1,96.9849246231155,92.0,4.0,19.6,77.0,6.0,435.0,81.563126252505
2015,Drama and dance,66,,,Falmouth,60.2,76.1016706333293,63.7358490566037,8.0,20.3,54.0,8.0,269.0,51.0590155568169
2015,Drama and dance,17,,,Glasgow,83.1,87.4686716791979,86.9999999999999,5.0,16.2,,,505.0,67.1999999999999
2015,Drama and dance,55,,,Goldsmiths,66.3,94.235588972431,84.0,4.0,19.8,50.0,7.0,345.0,46.1077844311377
2015,Drama and dance,37,,,Greenwich,73.0,94.4862155388471,95.9595959595959,4.0,24.1,52.0,8.0,364.0,81.1623246492986
2015,Drama and dance,23,,,Guildhall School of Music and Drama,80.0,91.7499999999999,92.0,8.0,6.6,43.0,6.0,339.0,65.2694610778443
2015,Drama and dance,54,,,Huddersfield,66.9,83.8308457711442,72.0,3.0,15.4,53.0,6.0,336.0,66.5338645418326
2015,Drama and dance,56,,,Hull,66.2,90.6865773725039,86.7685010361501,4.0,13.2,27.0,4.0,333.0,76.5261660019752
2015,Drama and dance,10,,,Kent,87.3,92.4105347231,90.7544371948715,6.0,12.1,64.0,9.0,384.0,73.1781874039938
2015,Drama and dance,34,,,Kingston,74.3,94.9319874125198,89.2190216464973,6.0,16.5,51.0,4.0,339.0,74.0337181874498
2015,Drama and dance,9,,,Lancaster,87.9,84.9624060150376,73.7373737373737,10.0,8.5,,5.0,393.0,78.2868525896414
2015,Drama and dance,33,,,Leeds,75.3,91.3457517477996,88.1095658203952,6.0,17.8,48.0,5.0,415.0,79.3946039597388
2015,Drama and dance,58,,,Leeds Met,65.5,94.75,96.9696969696969,3.0,23.0,44.0,,305.0,86.7469879518072
2015,Drama and dance,52,,,Lincoln,67.5,90.7809476309226,85.3405940594059,4.0,16.3,61.0,2.0,335.0,68.8223552894211
2015,Drama and dance,39,,,Liverpool John Moores,71.4,93.0529826287878,83.6153846153846,3.0,19.8999999999999,36.0,9.0,358.0,72.1318541219736
2015,Drama and dance,36,,,London Met,73.7,,,6.0,12.9,48.0,4.0,,
2015,Drama and dance,80,,,London South Bank,36.1,77.8054862842892,68.0,2.0,32.7,44.0,2.0,236.0,73.5059760956175
2015,Drama and dance,22,,,Loughborough,81.0,90.0,90.0,4.0,13.7,57.9999999999999,6.0,411.0,72.8
2015,Drama and dance,24,,,Manchester,79.8,95.0,91.089108910891,6.0,14.2,62.0,5.0,400.0,64.9899396378269
2015,Drama and dance,43,,,Manchester Met,70.8,87.6992877169678,85.3211307972902,3.0,17.8999999999999,50.0,6.0,368.0,75.5585804299481
2015,Drama and dance,18,,,Middlesex,83.0,89.8900235663786,83.8942157373631,9.0,15.4,68.0,6.0,336.0,69.2161347703254
2015,Drama and dance,32,,,Northampton,75.7,90.9299392271528,86.1844589687726,5.0,21.7,56.0,8.0,308.0,85.086962907413
2015,Drama and dance,43,,,Northumbria,70.8,93.4837092731829,91.9191919191919,3.0,19.8,52.0,7.0,357.0,78.8
2015,Drama and dance,45,,,Nottingham Trent,70.2,96.5087281795511,94.9494949494949,5.0,14.5,43.0,1.0,353.0,89.2
2015,Drama and dance,15,,,Plymouth,84.9,98.0011776494586,96.9914361001317,10.0,17.7,30.0,7.0,355.0,89.7257231941797
2015,Drama and dance,70,,,Portsmouth,57.9,87.5311720698254,83.0,4.0,22.6,,7.0,296.0,57.0
2015,Drama and dance,59,,,Queen Margaret,63.7,86.318407960199,62.0,4.0,22.7,61.0,8.0,360.0,38.877755511022
2015,Drama and dance,4,,,Queen Mary,93.2,97.7556109725685,96.9999999999999,9.0,14.2,61.0,6.0,466.0,72.2
2015,Drama and dance,27,,,"Queen's, Belfast",76.9,97.0,96.0,6.0,13.1,46.0,3.0,368.0,73.8522954091816
2015,Drama and dance,50,,,Reading,67.9,81.8407960199004,75.2475247524752,4.0,13.0,49.0,4.0,368.0,66.7992047713717
2015,Drama and dance,40,,,Roehampton,71.2,92.3278730828606,87.4239834239834,3.0,15.2,47.0,7.0,326.0,76.4431791962388
2015,Drama and dance,42,,,Rose Bruford College,70.9,88.8059701492537,87.1287128712871,4.0,16.1,45.0,6.0,343.0,68.7374749498997
2015,Drama and dance,29,,,Royal Central School of Speech & Drama,76.7,90.25,85.0,5.0,16.8999999999999,55.0,7.0,361.0,73.1075697211155
2015,Drama and dance,20,,,Royal Conservatoire of Scotland,82.4,90.2762289386833,84.9187889085938,7.0,11.3,72.0,,327.0,70.0104741013023
2015,Drama and dance,28,,,Royal Holloway,76.8,86.318407960199,79.0,5.0,14.0,53.0,7.0,418.0,58.4830339321357
2015,Drama and dance,14,,,Royal Welsh College,85.1,95.0,93.0,,8.19999999999999,,8.0,332.0,73.0
2015,Drama and dance,68,,,Salford,59.6,80.6532663316583,64.3564356435643,4.0,21.4,44.0,6.0,395.0,51.3944223107569
2015,Drama and dance,25,,,Sheffield,78.2,90.9999999999999,91.9191919191919,6.0,12.1,,,400.0,70.7171314741035
2015,Drama and dance,75,,,Sheffield Hallam,53.9,78.5894206549118,52.5252525252525,4.0,19.1,,,291.0,61.8
2015,Drama and dance,41,,,South Wales,71.0999999999999,86.7830423940149,86.0,9.0,17.6,35.0,7.0,328.0,69.3227091633466
2015,Drama and dance,78,,,Southampton Solent,48.5,67.1679197994987,61.0,3.0,16.8,,2.0,342.0,60.0
2015,Drama and dance,63,,,"St Mary's UC, Twickenham",61.7,92.4623115577889,93.9999999999999,4.0,27.8,36.0,8.0,337.0,68.0722891566264
2015,Drama and dance,60,,,Staffordshire,63.0,94.0149625935162,89.9999999999999,3.0,18.6,34.0,8.0,229.0,78.3567134268537
2015,Drama and dance,64,,,Sunderland,60.7,86.9551942599801,80.0822074650789,8.0,15.8,41.0,2.0,286.0,73.3243327891739
2015,Drama and dance,5,,,Surrey,93.1,93.0688992428654,89.9941176470588,8.0,11.8,80.0,8.0,365.0,71.6213972055888
2015,Drama and dance,10,,,Sussex,87.3,96.0,89.9999999999999,4.0,9.1,,,428.0,81.9639278557114
2015,Drama and dance,76,,,Teesside,53.1,69.5,60.0,5.0,17.2,30.0,3.0,299.0,67.2
2015,Drama and dance,48,,,The Liverpool Institute for Performing Arts,68.7,80.4644280925841,68.503937007874,3.0,16.8,56.9999999999999,9.0,348.0,57.0471655114967
2015,Drama and dance,3,,,Trinity Laban Conservatoire,93.7,91.0224438902743,90.9999999999999,10.0,8.9,77.0,10.0,299.0,64.0718562874251
2015,Drama and dance,2,,,UEA,99.4,99.4999999999999,98.0,8.0,8.69999999999999,,,468.0,73.1462925851703
2015,Drama and dance,62,,,Ulster,62.0,96.0970489249123,93.8642309427153,4.0,12.2,20.0,1.0,310.0,92.9390607968968
2015,Drama and dance,13,,,University of the Arts London,86.2,83.7499999999999,77.2277227722772,10.0,9.1,48.0,5.0,395.0,72.0
2015,Drama and dance,67,,,West of Scotland,59.8,89.3034825870646,84.0,3.0,,26.0,4.0,,78.0
2015,Drama and dance,49,,,Winchester,68.5999999999999,84.0018364916954,78.4235853304206,3.0,15.0,48.0,7.0,345.0,73.7031960176033
2015,Drama and dance,72,,,Worcester,57.6,93.4999999999999,94.0,4.0,16.8,44.0,2.0,305.0,67.8642714570858
2015,Drama and dance,26,,,York,78.0,90.2499999999999,59.0,10.0,17.6,68.0,7.0,421.0,31.5999999999999
2015,Drama and dance,61,,,York St John,62.8,84.2595266220413,83.7111111111111,4.0,15.3,42.0,3.0,297.0,82.2324013105576
2015,Drama and dance,65,,,Aberystwyth,60.6,80.5970149253731,77.9999999999999,4.0,17.1,48.0,5.0,326.0,62.4750499001995
2013,Drama and dance,69,32.0,37.0,Aberystwyth,51.8,88.9677838806608,88.4818181818182,4.0,21.3,26.0,4.0,270.0,70.9807064342798
2014,Drama and dance,71,69.0,2.0,Aberystwyth,52.6,87.9456546110538,82.1732126681365,3.0,21.2,39.0,3.0,301.0,69.9025804583841
2013,Drama and dance,58,77.0,-19.0,Anglia Ruskin,58.7,86.3584804132587,69.3897976754197,8.0,16.7,26.0,4.0,244.0,70.82195436935
2014,Drama and dance,59,58.0,1.0,Anglia Ruskin,57.9,88.7483131462244,84.0627705627706,7.0,17.8,41.0,2.0,241.0,71.4285714285714
2013,Drama and dance,38,40.0,-2.0,Bath Spa,65.8,89.5392047908526,85.3051129855254,6.0,20.8,52.0,7.0,314.0,57.260967658368
2014,Drama and dance,73,38.0,35.0,Bath Spa,52.1,76.7315653112058,67.8407141094338,6.0,22.0,36.0,8.0,363.0,45.063375337298
2013,Drama and dance,50,69.0,-19.0,Bedfordshire,61.1,88.1853379782423,83.3840050671734,7.0,18.3,33.0,8.0,213.0,70.9187264905658
2014,Drama and dance,83,50.0,33.0,Bedfordshire,46.3,76.1833724667582,67.0546814296814,6.0,24.2,40.0,6.0,223.0,60.4500842782715
2013,Drama and dance,6,7.0,-1.0,Birmingham,93.5,91.9873737373737,83.0,10.0,12.3,68.0,7.0,411.0,62.8022402240224
2014,Drama and dance,5,6.0,-1.0,Birmingham,85.5,89.75,84.0,10.0,10.7,66.0,7.0,412.0,56.0878243512974
2013,Drama and dance,27,24.0,3.0,Birmingham City,71.6,89.5531860878396,86.8575780654989,8.0,19.9,49.0,7.0,309.0,61.214739935532
2014,Drama and dance,8,27.0,-19.0,Birmingham City,83.4,93.719298245614,92.8,7.0,19.5,59.0,8.0,345.0,85.9526018385764
2014,Drama and dance,77,,,Bishop Grosseteste,49.9,96.0,96.0,1.0,,,2.0,213.0,82.5049701789264
2013,Drama and dance,73,41.0,32.0,Bishop Grosseteste UC,49.6,95.009900990099,96.039603960396,1.0,,,1.0,213.0,94.0079207920792
2013,Drama and dance,56,39.0,17.0,Bolton,59.3,87.7440494049405,85.8585858585858,4.0,16.8,,1.0,272.0,84.7636363636364
2014,Drama and dance,81,56.0,25.0,Bolton,47.5,80.0633640552996,66.9168760193992,4.0,23.0,29.0,5.0,293.0,66.1256729973462
2013,Drama and dance,77,,,Bournemouth,47.7,74.3560606060606,54.4554455445545,4.0,23.0,,,305.0,59.1267326732673
2014,Drama and dance,80,77.0,3.0,Bournemouth,47.9,67.9197994987468,57.0,5.0,23.8,,,326.0,58.6
2013,Drama and dance,25,37.0,-12.0,Brighton,71.8,79.1919191919192,65.3465346534654,8.0,14.0,,,276.0,71.2127434965719
2013,Drama and dance,12,21.0,-9.0,Bristol,83.4,74.6957695769577,63.0,9.0,13.9,62.0,7.0,475.0,55.1175917591759
2014,Drama and dance,17,12.0,5.0,Bristol,76.8,87.5311720698254,80.0,9.0,16.1,,5.0,451.0,57.7689243027888
2013,Drama and dance,23,68.0,-45.0,Brunel,72.8,89.9141945773525,85.6631578947368,6.0,14.4,43.0,3.0,340.0,81.1018579752712
2014,Drama and dance,47,23.0,24.0,Brunel,62.2,82.7234309435991,73.8007621121394,7.0,14.8,49.0,3.0,337.0,69.1856669131856
2013,Drama and dance,87,82.0,5.0,Bucks New University,36.5,70.2648683092608,57.0372906449523,5.0,25.1,46.0,1.0,252.0,56.6586636233717
2014,Drama and dance,86,87.0,-1.0,Bucks New University,43.0,74.787642458593,70.1685860989975,4.0,26.0,42.0,3.0,255.0,62.0954715519274
2013,Drama and dance,80,74.0,6.0,Canterbury Christ Church,45.7,84.9968939807367,76.2853734192317,3.0,21.4,17.0,6.0,277.0,67.7923315166162
2014,Drama and dance,64,80.0,-16.0,Canterbury Christ Church,56.2,91.3348588863463,84.7094274644856,3.0,19.1,30.0,5.0,275.0,78.2629211142932
2013,Drama and dance,21,,,Cardiff Met,73.9,91.2601760730229,87.0468646864686,7.0,17.7,49.0,5.0,279.0,84.6824424810083
2014,Drama and dance,30,21.0,9.0,Cardiff Met,68.5,89.3199744715741,84.017316017316,4.0,23.4,68.0,5.0,330.0,79.1067299501034
2013,Drama and dance,61,66.0,-5.0,Central Lancashire,57.8,80.8924435203053,73.9565792373816,5.0,21.0,52.0,3.0,301.0,67.4695941570007
2014,Drama and dance,78,61.0,17.0,Central Lancashire,48.3,78.4171501898762,67.5717996450063,5.0,22.1,40.0,4.0,300.0,55.4833551253336
2013,Drama and dance,8,10.0,-2.0,Central School of Speech and Drama,90.3,92.199494949495,91.9191919191919,6.0,16.7,72.0,8.0,349.0,77.2422105778794
2013,Drama and dance,60,52.0,8.0,Chester,58.0,80.5001875663954,72.9758077879039,4.0,16.1,47.0,5.0,283.0,59.1231586787511
2014,Drama and dance,61,60.0,1.0,Chester,57.0,90.8265842747775,81.1998392713635,3.0,16.9,43.0,3.0,288.0,66.6015352059188
2013,Drama and dance,49,42.0,7.0,Chichester,61.6,88.8662280701754,83.475279106858,4.0,17.2,29.0,6.0,332.0,62.5602123370232
2014,Drama and dance,36,49.0,-13.0,Chichester,65.5,94.8701337232308,95.5043601401207,4.0,19.8,45.0,2.0,350.0,81.4904354131646
2013,Drama and dance,9,8.0,1.0,Conservatoire for Dance and Drama,90.2,88.611923020259,85.73715651135,,12.4,57.0,9.0,,69.6867877698564
2014,Drama and dance,11,9.0,2.0,Conservatoire for Dance and Drama,81.0,89.7085278463323,88.3121448239499,,14.3,60.0,9.0,,65.8364029337774
2013,Drama and dance,22,49.0,-27.0,Coventry,72.9,94.7560349255264,91.406779661017,3.0,18.8,51.0,9.0,299.0,68.4465636394148
2014,Drama and dance,22,22.0,0.0,Coventry,72.2,89.3814387899946,83.6436496108627,4.0,16.1,71.0,8.0,317.0,66.5864680839723
2013,Drama and dance,55,23.0,32.0,Cumbria,59.5,83.1832871209327,78.0415746492682,3.0,17.6,36.0,8.0,260.0,65.6608681633191
2014,Drama and dance,76,55.0,21.0,Cumbria,50.5,83.4206771340216,82.1273889978926,3.0,22.1,37.0,6.0,254.0,67.3870623081449
2013,Drama and dance,64,64.0,0.0,De Montfort,55.5,84.2126001756802,76.5638554216867,4.0,17.2,34.0,3.0,315.0,67.1537032739418
2014,Drama and dance,54,64.0,-10.0,De Montfort,58.9,88.485817135412,85.7439446366782,3.0,20.5,49.0,3.0,331.0,74.5347268489806
2013,Drama and dance,62,73.0,-11.0,Derby,57.7,82.4502402501021,76.4578725752569,7.0,19.6,36.0,2.0,300.0,70.4532513318128
2014,Drama and dance,62,62.0,0.0,Derby,56.3,83.9849094567404,82.6429790866411,8.0,18.6,33.0,2.0,303.0,68.6635006709041
2013,Drama and dance,89,85.0,4.0,East London,33.1,71.852225529568,59.1488840175851,2.0,27.0,41.0,4.0,206.0,63.962853380659
2014,Drama and dance,88,89.0,-1.0,East London,36.9,67.4160493546003,49.2416092292509,3.0,,29.0,5.0,253.0,62.2356821034662
2013,Drama and dance,33,55.0,-22.0,Edge Hill,68.4,95.6087420042644,94.2174840085288,3.0,14.2,44.0,4.0,274.0,80.2788194810952
2014,Drama and dance,32,33.0,-1.0,Edge Hill,67.5,92.1400758666714,86.5928001250829,3.0,14.3,49.0,5.0,341.0,71.1189025939202
2014,Drama and dance,43,,,Edinburgh Napier,63.8,86.6832917705736,82.0475247524753,4.0,19.2,,,334.0,73.2436785655237
2013,Drama and dance,14,13.0,1.0,Essex,81.8,94.4703460729471,88.1527161862528,10.0,21.3,49.0,9.0,343.0,66.7183205650783
2014,Drama and dance,24,14.0,10.0,Essex,71.3,89.4492732708495,82.8198916649256,7.0,16.9,52.0,7.0,363.0,67.4313165192918
2013,Drama and dance,30,15.0,15.0,Exeter,69.9,90.2272727272727,85.0,3.0,21.1,51.0,7.0,421.0,58.7372710885864
2014,Drama and dance,12,30.0,-18.0,Exeter,79.9,98.7593052109181,96.039603960396,4.0,21.0,61.0,6.0,441.0,78.6427145708583
2014,Drama and dance,68,,,Falmouth,55.4,82.6499582289056,71.0,5.0,25.1,,8.0,279.0,67.4666666666667
2013,Drama and dance,40,22.0,18.0,Glamorgan,64.8,70.0364209637052,70.912823964995,5.0,14.6,44.0,8.0,323.0,63.0355161803626
2013,Drama and dance,10,12.0,-2.0,Glasgow,89.8,96.0918090871196,93.8349312213422,6.0,10.3,43.0,7.0,443.0,82.0068218993638
2014,Drama and dance,14,10.0,4.0,Glasgow,78.6,97.0164361822716,99.9272727272727,6.0,22.1,,5.0,499.0,75.1818181818182
2013,Drama and dance,46,24.0,22.0,Gloucestershire,62.3,94.7222222222222,91.9191919191919,3.0,22.6,43.0,5.0,282.0,79.228702870287
2014,Drama and dance,58,46.0,12.0,Gloucestershire,58.0,87.780548628429,79.0,4.0,28.9,49.0,7.0,308.0,72.5099601593625
2013,Drama and dance,82,,,Glyndwr,41.5,66.8329177057357,59.0,4.0,20.8,,,196.0,72.8
2014,Drama and dance,74,82.0,-8.0,Glyndwr,51.5,72.75,66.3366336633663,6.0,19.5,,,211.0,72.2
2013,Drama and dance,45,29.0,16.0,Goldsmiths,62.7,75.7146464646465,70.0,5.0,15.8,41.0,8.0,361.0,42.8848484848485
2014,Drama and dance,35,45.0,-10.0,Goldsmiths,66.4,94.25,93.0,4.0,15.5,30.0,6.0,370.0,72.8542914171657
2013,Drama and dance,71,54.0,17.0,Greenwich,50.8,85.0,77.7777777777778,3.0,28.2,47.0,,274.0,73.8787878787879
2014,Drama and dance,69,71.0,-2.0,Greenwich,53.3,85.0,82.0,4.0,37.0,46.0,7.0,333.0,70.0201207243461
2013,Drama and dance,2,3.0,-1.0,Guildhall School of Music and Drama,98.2,,,9.0,8.3,60.0,9.0,373.0,
2014,Drama and dance,3,2.0,1.0,Guildhall School of Music and Drama,90.3,,,8.0,7.8,74.0,9.0,323.0,
2013,Drama and dance,20,18.0,2.0,Huddersfield,74.7,88.2312322270634,84.7613598809771,5.0,16.2,60.0,6.0,301.0,74.0635532918351
2014,Drama and dance,28,20.0,8.0,Huddersfield,70.3,93.1309933314391,88.6651814131127,4.0,18.1,49.0,5.0,324.0,84.5003807768254
2013,Drama and dance,43,26.0,17.0,Hull,63.6,91.4209063333615,84.913224522051,6.0,21.3,38.0,7.0,329.0,62.3240163943621
2014,Drama and dance,40,43.0,-3.0,Hull,64.6,88.496676231109,87.0150602409639,5.0,20.3,46.0,7.0,346.0,66.100301803636
2013,Drama and dance,13,19.0,-6.0,Kent,82.4,89.9608656006667,89.601880877743,8.0,15.6,55.0,6.0,370.0,71.2738175356949
2014,Drama and dance,6,13.0,-7.0,Kent,84.4,95.8622864662448,93.485342019544,9.0,13.6,51.0,7.0,397.0,79.0586080911099
2013,Drama and dance,53,50.0,3.0,Kingston,59.8,82.0433076866964,73.5063673027797,5.0,16.3,42.0,6.0,295.0,58.2143057963439
2014,Drama and dance,41,53.0,-12.0,Kingston,64.5,85.8818963905901,80.544355632555,5.0,16.0,45.0,6.0,344.0,66.879335521105
2013,Drama and dance,5,14.0,-9.0,Lancaster,93.9,86.3341584158416,74.0,10.0,11.8,74.0,8.0,406.0,60.0929292929293
2014,Drama and dance,4,5.0,-1.0,Lancaster,86.1,90.5,78.0,10.0,12.9,73.0,6.0,399.0,76.0479041916168
2013,Drama and dance,25,48.0,-23.0,Leeds,71.8,88.3752997601918,85.7271173160481,4.0,23.8,64.0,7.0,366.0,75.7154516839146
2014,Drama and dance,52,25.0,27.0,Leeds,59.3,81.7596164030079,77.1505791505792,5.0,23.0,52.0,5.0,381.0,56.7495679352822
2013,Drama and dance,83,60.0,23.0,Leeds Met,39.0,65.8072585036281,49.5599559955996,3.0,19.7,40.0,4.0,264.0,53.1450356146726
2014,Drama and dance,85,83.0,2.0,Leeds Met,43.7,70.9023475769119,54.7104427423874,3.0,20.2,43.0,4.0,270.0,62.2193162712498
2013,Drama and dance,41,64.0,-23.0,Lincoln,64.6,81.3410055012509,70.2005032005032,4.0,19.6,65.0,6.0,314.0,62.1633591930622
2014,Drama and dance,46,41.0,5.0,Lincoln,62.9,84.507729522812,80.9333333333333,4.0,18.5,63.0,4.0,327.0,65.4277939937133
2013,Drama and dance,35,37.0,-2.0,Liverpool John Moores,67.2,88.002898944603,81.067264573991,4.0,20.8,43.0,9.0,327.0,62.8905436732014
2014,Drama and dance,33,35.0,-2.0,Liverpool John Moores,67.3,92.4908972376848,84.819634466357,4.0,27.0,40.0,9.0,336.0,75.4128213275957
2013,Drama and dance,88,80.0,8.0,London Met,35.4,72.9391823521496,59.0882893930104,2.0,27.6,41.0,5.0,229.0,57.8004806607131
2014,Drama and dance,90,88.0,2.0,London Met,31.7,68.036943979155,57.0690235690236,2.0,31.6,44.0,2.0,240.0,57.8174868255028
2013,Drama and dance,84,42.0,42.0,London South Bank,37.3,68.4712788317938,64.1445876431218,4.0,,43.0,2.0,242.0,54.485384083826
2014,Drama and dance,79,84.0,-5.0,London South Bank,48.2,88.1313131313131,80.8080808080808,5.0,33.2,49.0,2.0,263.0,72.9292929292929
2013,Drama and dance,18,11.0,7.0,Loughborough,76.5,89.949494949495,85.8585858585858,7.0,16.2,45.0,7.0,394.0,64.0435643564356
2014,Drama and dance,27,18.0,9.0,Loughborough,70.4,84.788029925187,79.2079207920792,7.0,16.3,58.0,7.0,405.0,61.0
2013,Drama and dance,29,28.0,1.0,Manchester,70.4,85.9713804713805,79.2951739618406,3.0,16.9,53.0,6.0,420.0,62.137589314487
2014,Drama and dance,34,29.0,5.0,Manchester,67.1,90.3598014888337,76.725,4.0,15.9,41.0,5.0,451.0,66.785358565737
2013,Drama and dance,51,71.0,-20.0,Manchester Met,60.3,89.6282192788816,79.0048163756773,3.0,20.0,44.0,6.0,306.0,68.1762507376566
2014,Drama and dance,44,51.0,-7.0,Manchester Met,63.6,86.6732042075263,82.1786435786436,4.0,19.3,50.0,4.0,334.0,76.1015402233038
2013,Drama and dance,38,30.0,8.0,Middlesex,65.8,86.0043217373561,82.9055510157542,10.0,25.8,55.0,6.0,270.0,68.0811323950261
2014,Drama and dance,45,38.0,7.0,Middlesex,63.5,87.6137747873503,87.6699277894246,9.0,28.1,59.0,6.0,291.0,65.8609364081062
2014,Drama and dance,66,,,Newman University,55.5,81.9548872180451,72.0,3.0,24.2,,,297.0,71.9123505976096
2013,Drama and dance,67,53.0,14.0,Newman University College,52.9,76.1113861386139,61.3861386138614,3.0,19.2,,8.0,235.0,64.1131313131313
2013,Drama and dance,84,82.0,2.0,Newport,37.3,72.9363121363683,61.6628553577007,4.0,26.1,33.0,2.0,274.0,64.8312338529748
2013,Drama and dance,54,59.0,-5.0,Northampton,59.7,81.3907210904865,72.0437305669786,8.0,19.1,26.0,7.0,251.0,70.838351847371
2014,Drama and dance,18,54.0,-36.0,Northampton,76.3,89.8454545454546,84.9090909090909,8.0,19.2,46.0,10.0,314.0,69.0760653951707
2013,Drama and dance,24,60.0,-36.0,Northumbria,72.7,87.4951722444972,85.2317731773178,6.0,13.9,42.0,8.0,305.0,70.5128328741965
2014,Drama and dance,26,24.0,2.0,Northumbria,71.1,91.2935323383085,87.0,6.0,15.0,32.0,8.0,300.0,83.2
2014,Drama and dance,72,,,Norwich University of the Arts,52.4,81.0,74.0,4.0,22.5,56.0,2.0,288.0,65.6
2013,Drama and dance,65,46.0,19.0,Nottingham Trent,55.3,81.8387063145217,89.8444444444444,5.0,17.4,39.0,1.0,323.0,68.1502000538026
2014,Drama and dance,38,65.0,-27.0,Nottingham Trent,64.7,87.1773449622415,86.9263038548753,6.0,17.8,50.0,4.0,332.0,71.6811398103719
2013,Drama and dance,34,41.0,-7.0,Plymouth,67.5,87.6771964932342,82.688679245283,8.0,18.5,49.0,3.0,316.0,67.1309125252148
2014,Drama and dance,23,34.0,-11.0,Plymouth,71.5,93.9475703641359,91.6500270716727,8.0,18.2,53.0,4.0,306.0,76.5948527243014
2013,Drama and dance,75,76.0,-1.0,Portsmouth,47.9,75.9221150563332,71.5209451979681,6.0,22.5,,2.0,269.0,72.9734287221826
2014,Drama and dance,65,75.0,-10.0,Portsmouth,56.1,82.593015789682,84.6243668811326,6.0,21.0,48.0,5.0,305.0,57.7814591700134
2013,Drama and dance,66,26.0,40.0,Queen Margaret,55.2,80.1994949494949,59.0,2.0,21.7,47.0,5.0,383.0,58.8760676067607
2014,Drama and dance,42,66.0,-24.0,Queen Margaret,64.3,73.3668341708543,62.0,2.0,17.0,59.0,9.0,375.0,64.989939637827
2013,Drama and dance,1,9.0,-8.0,Queen Mary,100.0,94.7320232023202,92.0,10.0,12.8,75.0,7.0,396.0,72.0
2014,Drama and dance,7,1.0,6.0,Queen Mary,84.2,94.7630922693267,87.0,8.0,12.7,,4.0,418.0,71.8875502008032
2013,Drama and dance,52,31.0,21.0,"Queen's, Belfast",60.1,78.0,64.6464646464646,5.0,14.6,27.0,6.0,331.0,60.9485148514852
2014,Drama and dance,49,52.0,-3.0,"Queen's, Belfast",60.9,94.5,85.0,7.0,15.2,,2.0,357.0,65.6
2013,Drama and dance,44,34.0,10.0,Reading,63.3,90.5544554455446,79.0,4.0,15.3,40.0,3.0,326.0,67.2
2014,Drama and dance,51,44.0,7.0,Reading,59.5,87.0324189526185,79.0,4.0,16.5,,3.0,327.0,65.2
2013,Drama and dance,59,51.0,8.0,Roehampton,58.3,90.5925196850394,87.3779527559055,2.0,20.3,51.0,4.0,281.0,71.8563511469257
2014,Drama and dance,55,59.0,-4.0,Roehampton,58.7,89.1906882622344,85.090338872597,3.0,17.9,45.0,7.0,297.0,64.6070976248596
2013,Drama and dance,15,33.0,-18.0,Rose Bruford College,81.3,88.2558116118256,83.0,5.0,16.9,72.0,8.0,312.0,65.6039910420591
2014,Drama and dance,29,15.0,14.0,Rose Bruford College,69.9,90.7268170426065,88.8888888888889,4.0,16.1,51.0,9.0,279.0,68.0
2014,Drama and dance,8,,,Royal Central School of Speech & Drama,83.4,89.3300248138958,91.0,6.0,11.1,69.0,8.0,371.0,75.9036144578313
2013,Drama and dance,11,,,Royal Conservatoire of Scotland,85.7,,,8.0,9.8,67.0,,282.0,
2014,Drama and dance,10,11.0,-1.0,Royal Conservatoire of Scotland,82.8,,,7.0,9.9,74.0,,329.0,
2013,Drama and dance,17,16.0,1.0,Royal Holloway,80.0,93.4892183137233,88.4243243243243,6.0,12.6,45.0,7.0,417.0,64.5594687576866
2014,Drama and dance,20,17.0,3.0,Royal Holloway,73.9,90.2824652248959,81.8604309410533,5.0,13.5,54.0,7.0,418.0,63.8928956871019
2014,Drama and dance,2,,,Royal Welsh College,93.2,95.0,93.0,,7.6,71.0,9.0,353.0,73.0
2013,Drama and dance,78,78.0,0.0,Salford,46.8,72.1901403325177,57.9164179104478,4.0,16.8,35.0,7.0,269.0,43.5626835519373
2014,Drama and dance,70,78.0,-8.0,Salford,53.2,81.7631283930032,72.9090909090909,3.0,19.3,42.0,5.0,316.0,62.7717033762996
2013,Drama and dance,46,,,Sheffield,62.3,90.989898989899,74.2574257425743,3.0,22.1,,,436.0,57.370197019702
2014,Drama and dance,50,46.0,4.0,Sheffield,60.8,94.0,96.0,3.0,22.9,,,382.0,64.9402390438247
2013,Drama and dance,81,75.0,6.0,Sheffield Hallam,41.7,69.9976954101192,51.8038170563962,4.0,21.2,,4.0,309.0,55.4425210786341
2014,Drama and dance,62,81.0,-19.0,Sheffield Hallam,56.3,77.2241882902151,74.2126964040915,4.0,21.1,31.0,8.0,326.0,70.2621736143382
2013,Drama and dance,90,79.0,11.0,Southampton Solent,31.9,67.0974853905454,56.7447760402748,3.0,20.6,29.0,1.0,267.0,54.0826732132289
2014,Drama and dance,84,90.0,-6.0,Southampton Solent,44.9,74.8061232324638,72.598418267505,3.0,21.4,39.0,1.0,311.0,65.0512730520456
2013,Drama and dance,48,70.0,-22.0,"St Mary's UC, Twickenham",62.0,88.5569306930693,86.8686868686869,3.0,,46.0,7.0,294.0,67.2545022218757
2014,Drama and dance,66,48.0,18.0,"St Mary's UC, Twickenham",55.5,92.2305764411027,90.0,3.0,34.0,35.0,9.0,309.0,71.830985915493
2013,Drama and dance,79,67.0,12.0,Staffordshire,46.0,89.0974138921062,82.7405264436631,9.0,26.4,32.0,1.0,250.0,66.4091265071202
2014,Drama and dance,57,79.0,-22.0,Staffordshire,58.3,91.6863330803426,89.7739130434782,9.0,22.2,29.0,2.0,264.0,79.0683229813664
2013,Drama and dance,75,34.0,41.0,Sunderland,47.9,77.2350859033715,60.1176531794594,8.0,17.1,31.0,2.0,249.0,59.8069324728076
2014,Drama and dance,53,75.0,-22.0,Sunderland,59.0,83.790948060525,69.8135200379324,8.0,16.2,27.0,7.0,258.0,68.1452423947771
2013,Drama and dance,16,17.0,-1.0,Surrey,80.2,85.6488893821815,79.5879047364196,9.0,14.8,58.0,8.0,356.0,50.0916060524971
2014,Drama and dance,16,16.0,0.0,Surrey,77.4,89.249704462559,82.3870929261601,8.0,14.0,70.0,8.0,373.0,58.699855997696
2013,Drama and dance,19,20.0,-1.0,Sussex,76.1,96.9848484848485,90.9090909090909,2.0,20.0,,8.0,405.0,79.6152415241524
2014,Drama and dance,31,19.0,12.0,Sussex,67.8,92.5373134328358,82.0,4.0,19.8,,7.0,402.0,72.7091633466135
2013,Drama and dance,32,38.0,-6.0,Teesside,68.6,82.9573934837093,77.0,7.0,18.4,,,277.0,78.3567134268537
2014,Drama and dance,48,32.0,16.0,Teesside,61.6,77.5,66.3366336633663,7.0,20.4,48.0,,314.0,78.4
2013,Drama and dance,37,42.0,-5.0,The Liverpool Institute for Performing Arts,66.8,79.6742771567797,84.4458981612447,3.0,18.0,60.0,10.0,320.0,42.7132026937925
2014,Drama and dance,38,37.0,1.0,The Liverpool Institute for Performing Arts,64.7,81.7591387609001,76.7857142857143,3.0,18.0,71.0,9.0,305.0,50.4453160669786
2013,Drama and dance,3,1.0,2.0,Trinity Laban Conservatoire,97.9,85.0420792079208,90.0,,8.8,88.0,9.0,319.0,65.9010101010101
2014,Drama and dance,1,3.0,-2.0,Trinity Laban Conservatoire,100.0,94.25,85.0,10.0,9.5,88.0,9.0,354.0,69.7813121272366
2013,Drama and dance,63,56.0,7.0,Trinity Saint David,57.2,77.9792079207921,79.6,7.0,16.6,52.0,2.0,255.0,57.3563916391639
2014,Drama and dance,21,63.0,-42.0,Trinity Saint David,72.3,93.9394887411178,92.2598039215686,8.0,18.6,62.0,3.0,255.0,80.7693888484182
2013,Drama and dance,42,62.0,-20.0,UC Falmouth,63.7,88.9988179669031,88.2553191489362,6.0,23.6,43.0,8.0,267.0,74.2772230414531
2013,Drama and dance,4,2.0,2.0,UEA,95.1,95.7323232323232,95.0,10.0,15.1,,7.0,426.0,71.3224922492249
2014,Drama and dance,15,4.0,11.0,UEA,78.0,91.5211970074813,90.0990099009901,7.0,18.4,,7.0,448.0,62.7490039840638
2013,Drama and dance,72,81.0,-9.0,Ulster,50.1,80.9725072636927,65.6285219505112,3.0,19.6,36.0,5.0,246.0,64.6820543108086
2014,Drama and dance,87,72.0,15.0,Ulster,42.6,80.7105928676422,68.74228222989,3.0,19.6,,1.0,264.0,62.1137826867623
2013,Drama and dance,28,,,University of the Arts London,70.7,78.393596805105,67.6545373412843,9.0,19.0,55.0,7.0,304.0,64.0345233210534
2014,Drama and dance,56,28.0,28.0,University of the Arts London,58.6,72.7841639510897,62.3650949432293,9.0,23.9,52.0,5.0,323.0,64.3651874651046
2013,Drama and dance,35,42.0,-7.0,UWE Bristol,67.2,92.2597666743419,89.9731368485686,4.0,22.9,47.0,7.0,296.0,79.1028167933072
2014,Drama and dance,37,35.0,2.0,UWE Bristol,65.2,91.1832958063608,89.7110711071107,4.0,25.0,46.0,6.0,337.0,79.3598459198378
2013,Drama and dance,7,4.0,3.0,Warwick,90.6,97.4925001482184,96.0,8.0,13.9,59.0,6.0,433.0,62.5861386138614
2014,Drama and dance,13,7.0,6.0,Warwick,79.1,85.8208955223881,77.2277227722772,7.0,13.0,56.0,7.0,480.0,64.4268774703557
2013,Drama and dance,31,,,West London,68.7,84.9132019710847,70.0,9.0,15.6,36.0,8.0,272.0,49.2752475247525
2014,Drama and dance,25,31.0,-6.0,West London,71.2,89.4736842105263,85.0,9.0,17.5,46.0,7.0,288.0,77.4
2013,Drama and dance,70,,,West of Scotland,51.0,86.0222772277228,82.1782178217822,3.0,23.3,36.0,4.0,279.0,82.0
2014,Drama and dance,82,70.0,12.0,West of Scotland,46.4,85.0,72.7272727272727,3.0,23.8,32.0,4.0,303.0,68.0722891566265
2013,Drama and dance,67,57.0,10.0,Winchester,52.9,82.2880166672908,77.3508616427817,2.0,16.8,38.0,7.0,269.0,63.7261985277589
2014,Drama and dance,60,67.0,-7.0,Winchester,57.3,86.6499675427298,80.5841143594301,2.0,17.8,45.0,6.0,287.0,72.4417757157923
2013,Drama and dance,86,84.0,2.0,Worcester,37.1,80.3328894472362,82.7031683168317,2.0,32.0,37.0,3.0,311.0,64.3138316819634
2014,Drama and dance,89,86.0,3.0,Worcester,36.7,82.5831978311248,74.7733922744974,2.0,27.1,34.0,2.0,280.0,62.389629530098
2013,Drama and dance,57,6.0,51.0,York,58.9,66.7407240724072,29.0,9.0,14.8,,6.0,414.0,12.3009900990099
2014,Drama and dance,18,57.0,-39.0,York,76.3,90.8753105928079,87.2412241224122,9.0,16.6,,7.0,437.0,56.9406641262929
2013,Drama and dance,74,63.0,11.0,York St John,48.3,71.6282780636896,69.5017667844523,6.0,20.2,45.0,3.0,279.0,52.8616846843695
2014,Drama and dance,75,74.0,1.0,York St John,51.3,75.6116614529023,69.69299703693,9.0,17.7,32.0,3.0,300.0,54.0692389087088
2015,Earth and marine sciences,29,,,Bangor,40.7999999999999,87.3236196278272,83.7987233109573,5.0,16.8999999999999,49.0,8.0,296.0,60.0105457726222
2015,Earth and marine sciences,21,,,Birmingham,53.0,89.3300248138957,83.1683168316832,5.0,13.7,72.0,4.0,412.0,64.3286573146292
2015,Earth and marine sciences,34,,,Brighton,38.1,87.2562806575632,87.707336523126,2.0,17.0,56.9999999999999,8.0,267.0,64.7986801209054
2015,Earth and marine sciences,19,,,Bristol,55.3,92.0,84.0,5.0,13.3,62.0,7.0,474.0,53.9078156312625
2015,Earth and marine sciences,33,,,Cardiff,38.9,87.25,89.9999999999999,5.0,15.8,71.0,1.0,364.0,57.6846307385229
2015,Earth and marine sciences,26,,,Derby,41.4,95.9798994974874,88.9999999999999,4.0,18.5,,2.0,284.0,93.1726907630522
2015,Earth and marine sciences,5,,,Durham,71.3,92.0199501246882,90.9090909090909,4.0,13.6,95.0,8.0,502.0,62.9258517034068
2015,Earth and marine sciences,24,,,Edge Hill,43.6,98.503740648379,95.9999999999999,2.0,19.5,,,251.0,82.3999999999999
2015,Earth and marine sciences,12,,,Edinburgh,60.7,88.9235932421004,82.9144211865386,9.0,12.3,64.0,5.0,507.0,50.5292008789175
2015,Earth and marine sciences,9,,,Glasgow,65.7,96.5,94.0,6.0,8.8,54.0,6.0,509.0,62.3246492985972
2015,Earth and marine sciences,25,,,Hull,43.0,96.2593516209476,92.079207920792,2.0,20.8,,,300.0,81.6367265469062
2015,Earth and marine sciences,23,,,Keele,46.5,97.0,92.0,3.0,20.3999999999999,56.0,3.0,341.0,82.7309236947791
2015,Earth and marine sciences,35,,,Kingston,35.4,82.8161251394602,71.8796366389099,5.0,13.0,,3.0,302.0,57.3454142633264
2015,Earth and marine sciences,18,,,Leeds,56.0,89.6465834022186,88.116991643454,3.0,9.4,67.0,7.0,410.0,60.8362116991643
2015,Earth and marine sciences,8,,,Leicester,66.7,93.2668329177057,90.9999999999999,6.0,11.3,66.0,7.0,413.0,79.1164658634538
2015,Earth and marine sciences,11,,,Liverpool,61.0,93.7806195965417,90.711455331412,7.0,18.1,71.0,8.0,407.0,68.7582896064215
2015,Earth and marine sciences,7,,,Manchester,67.0,89.1567452989148,83.5676986725699,9.0,9.4,72.0,5.0,417.0,67.8101170917396
2015,Earth and marine sciences,28,,,Manchester Met,40.9,82.0366230892546,85.2792792792792,5.0,,,3.0,319.0,67.5405405405405
2015,Earth and marine sciences,13,,,Newcastle,60.6,88.4927215772987,88.4855152181884,8.0,10.9,,7.0,360.0,68.6960081173658
2015,Earth and marine sciences,16,,,Northampton,58.3,93.2668329177057,94.0,4.0,8.3,,,241.0,82.6
2015,Earth and marine sciences,30,,,Plymouth,40.6,90.4615811715666,89.0748610836847,4.0,17.7,56.0,4.0,303.0,72.4636651821684
2015,Earth and marine sciences,36,,,Portsmouth,32.0,88.9499340018062,86.9599217986314,3.0,20.5,54.0,4.0,294.0,59.7933698474997
2015,Earth and marine sciences,20,,,Queen Mary,54.0,87.719298245614,88.8888888888889,3.0,12.0,,,423.0,69.939879759519
2015,Earth and marine sciences,3,,,Reading,73.0,92.2305764411027,89.0,10.0,6.5,,3.0,406.0,68.0080482897384
2015,Earth and marine sciences,6,,,Royal Holloway,68.5999999999999,97.4999999999999,99.0,6.0,12.0,79.0,9.0,361.0,71.4570858283433
2015,Earth and marine sciences,37,,,South Wales,27.2,69.2307692307692,56.0,2.0,14.5,,,291.0,55.4671968190854
2015,Earth and marine sciences,17,,,Southampton,57.8,90.8637039035078,91.1127175368139,5.0,15.3,81.0,5.0,429.0,56.721442796418
2015,Earth and marine sciences,31,,,SRUC,40.0,87.25,77.0,4.0,13.6,,,316.0,52.2
2015,Earth and marine sciences,2,,,St Andrews,78.4,100.0,92.9999999999999,5.0,10.1999999999999,,8.0,488.0,67.2
2015,Earth and marine sciences,15,,,Stirling,59.0,91.4786967418546,92.0,7.0,10.8,69.0,6.0,408.0,62.7490039840637
2015,Earth and marine sciences,4,,,UCL,72.0,80.3150483216103,73.6140280694736,10.0,8.8,,,459.0,61.155663548088
2015,Earth and marine sciences,9,,,UEA,65.7,96.0472744883081,95.639932222536,7.0,9.1,66.0,5.0,434.0,64.8343461622364
2015,Earth and marine sciences,22,,,Ulster,51.7,91.0224438902743,92.079207920792,3.0,10.7,,,266.0,77.5551102204408
2015,Earth and marine sciences,14,,,UWE Bristol,59.5,89.2768079800498,88.9999999999999,4.0,,,9.0,322.0,66.867469879518
2015,Earth and marine sciences,27,,,Aberdeen,41.3,90.8733118996486,83.3301480081665,4.0,23.3,82.0,2.0,425.0,61.7502478473359
2013,Earth and marine sciences,20,12.0,8.0,Aberdeen,60.9,84.3690723388886,75.129205726328,3.0,10.2,71.0,3.0,375.0,56.1973240489517
2014,Earth and marine sciences,25,20.0,5.0,Aberdeen,59.7,90.8489330972406,89.1354726760049,3.0,14.3,82.0,2.0,418.0,58.5655329197178
2015,Earth and marine sciences,32,,,Aberystwyth,39.1,86.4661654135338,79.0,2.0,18.1,,,343.0,72.6546906187624
2013,Earth and marine sciences,29,25.0,4.0,Aberystwyth,49.3,93.4708820882088,92.6691269126912,3.0,28.6,,3.0,308.0,72.9541960379003
2014,Earth and marine sciences,26,29.0,-3.0,Aberystwyth,58.9,96.0,100.0,2.0,22.9,,,327.0,77.8217821782178
2013,Earth and marine sciences,28,29.0,-1.0,Bangor,50.7,83.9856399980385,80.0842007658668,5.0,22.3,56.0,5.0,312.0,52.6696253596544
2014,Earth and marine sciences,32,28.0,4.0,Bangor,51.6,85.9653887414601,82.9474913783513,5.0,18.4,48.0,8.0,340.0,52.8003678037184
2013,Earth and marine sciences,25,18.0,7.0,Birmingham,55.4,93.0,94.0,4.0,20.3,52.0,2.0,389.0,65.2868686868687
2014,Earth and marine sciences,16,25.0,-9.0,Birmingham,68.4,93.75,92.0,6.0,16.4,64.0,7.0,404.0,72.5450901803607
2013,Earth and marine sciences,33,33.0,0.0,Bournemouth,32.3,62.75,38.0,3.0,24.7,,,285.0,37.0
2014,Earth and marine sciences,34,33.0,1.0,Bournemouth,39.9,79.1979949874687,69.0,4.0,27.7,,,311.0,64.3863179074447
2013,Earth and marine sciences,23,28.0,-5.0,Brighton,56.8,89.7960612962705,83.0478315437178,3.0,15.3,51.0,8.0,270.0,61.2276478352061
2014,Earth and marine sciences,33,23.0,10.0,Brighton,50.6,86.3339192278619,82.4592145015106,3.0,20.1,51.0,7.0,290.0,67.4649779513367
2013,Earth and marine sciences,15,17.0,-2.0,Bristol,69.1,94.5,82.0,4.0,13.3,78.0,4.0,469.0,58.2424242424242
2014,Earth and marine sciences,14,15.0,-1.0,Bristol,70.7,94.7630922693267,88.0,5.0,13.9,66.0,5.0,467.0,68.8
2013,Earth and marine sciences,27,24.0,3.0,Cardiff,50.8,91.244299429943,87.0,4.0,15.2,46.0,2.0,393.0,42.7701149425287
2014,Earth and marine sciences,19,27.0,-8.0,Cardiff,66.0,95.9899749373434,92.0,6.0,15.5,67.0,5.0,397.0,63.7826961770624
2013,Earth and marine sciences,32,32.0,0.0,Derby,39.4,88.5,91.0,3.0,21.6,,1.0,262.0,56.0257425742574
2014,Earth and marine sciences,36,32.0,4.0,Derby,33.1,78.5,57.4257425742574,3.0,20.1,,1.0,284.0,67.8642714570858
2014,Earth and marine sciences,7,,,Dundee,77.4,93.7027707808564,97.979797979798,9.0,10.9,,,373.0,68.5258964143426
2013,Earth and marine sciences,10,9.0,1.0,Durham,74.2,92.989898989899,91.0,3.0,13.4,83.0,7.0,434.0,62.8727272727273
2014,Earth and marine sciences,10,10.0,0.0,Durham,74.3,90.5236907730674,92.0,4.0,13.0,88.0,6.0,482.0,66.8662674650698
2014,Earth and marine sciences,29,,,Edge Hill,57.2,89.8009950248756,88.0,2.0,19.0,,,287.0,73.6526946107784
2013,Earth and marine sciences,12,13.0,-1.0,Edinburgh,72.5,90.3666613672862,87.9721884602253,7.0,14.1,70.0,8.0,453.0,54.5300763442936
2014,Earth and marine sciences,9,12.0,-3.0,Edinburgh,74.5,93.7849788990008,92.129485512612,8.0,13.0,71.0,4.0,506.0,55.4697952143523
2013,Earth and marine sciences,26,28.0,-2.0,Glamorgan,54.0,81.279702970297,85.8585858585858,3.0,11.4,,,252.0,57.8729249763212
2013,Earth and marine sciences,6,22.0,-16.0,Glasgow,77.0,97.4568493137295,97.946693566202,8.0,12.1,73.0,3.0,403.0,71.70072976719
2014,Earth and marine sciences,11,6.0,5.0,Glasgow,74.0,97.7722772277228,92.0792079207921,6.0,11.0,89.0,2.0,435.0,66.6666666666667
2014,Earth and marine sciences,28,27.0,1.0,Hull,58.1,93.0174563591022,84.1584158415842,3.0,19.3,,,284.0,79.7595190380762
2013,Earth and marine sciences,1,2.0,-1.0,Imperial College,100.0,98.25,98.0,10.0,10.1,83.0,8.0,521.0,92.239603960396
2014,Earth and marine sciences,1,1.0,0.0,Imperial College,100.0,96.0,94.059405940594,,10.6,94.0,7.0,528.0,90.8183632734531
2013,Earth and marine sciences,19,16.0,3.0,Keele,62.0,99.25,94.0,3.0,21.6,,,301.0,82.5333333333333
2014,Earth and marine sciences,23,19.0,4.0,Keele,63.1,96.5,96.0,3.0,27.2,,8.0,347.0,78.6427145708583
2013,Earth and marine sciences,30,31.0,-1.0,Kingston,46.7,88.5221505407467,81.5500565404358,2.0,23.2,,6.0,254.0,58.9031001600926
2014,Earth and marine sciences,35,30.0,5.0,Kingston,36.0,80.1012554972336,65.5283018867925,3.0,20.8,47.0,4.0,289.0,51.9880478087649
2013,Earth and marine sciences,14,15.0,-1.0,Leeds,69.6,91.4422905525846,92.156862745098,3.0,10.8,64.0,7.0,386.0,68.3840040788791
2014,Earth and marine sciences,18,14.0,4.0,Leeds,67.3,89.9185236768802,89.4094707520891,4.0,10.7,75.0,4.0,399.0,69.6536936229968
2013,Earth and marine sciences,9,5.0,4.0,Leicester,74.6,97.7623762376238,95.0495049504951,5.0,13.4,61.0,4.0,417.0,83.7383738373837
2014,Earth and marine sciences,5,9.0,-4.0,Leicester,79.8,97.5,92.0,6.0,12.4,66.0,7.0,413.0,81.0
2013,Earth and marine sciences,18,20.0,-2.0,Liverpool,62.1,86.3525212676173,91.707267542589,6.0,15.1,,5.0,398.0,57.3319518526724
2014,Earth and marine sciences,12,18.0,-6.0,Liverpool,72.4,92.3911784283851,96.2360187506814,7.0,16.3,75.0,7.0,411.0,64.2903544268707
2013,Earth and marine sciences,8,8.0,0.0,Manchester,75.0,92.989154040404,88.8975,8.0,10.6,59.0,7.0,374.0,76.3583281631367
2014,Earth and marine sciences,6,8.0,-2.0,Manchester,78.5,89.6858230975356,86.8798913043478,10.0,10.3,80.0,7.0,405.0,60.1847209526675
2013,Earth and marine sciences,22,23.0,-1.0,Manchester Met,57.2,86.7272727272727,87.0,3.0,12.2,,5.0,268.0,71.0374762404607
2014,Earth and marine sciences,27,22.0,5.0,Manchester Met,58.4,89.0547263681592,91.0,3.0,16.2,,5.0,311.0,76.0479041916168
2013,Earth and marine sciences,16,21.0,-5.0,Newcastle,68.7,88.8983164983165,96.6,7.0,10.3,,4.0,360.0,66.9740582947184
2014,Earth and marine sciences,15,16.0,-1.0,Newcastle,70.4,87.9610616316352,84.2571428571428,8.0,12.1,,6.0,409.0,62.3039635015683
2014,Earth and marine sciences,17,,,Northampton,68.2,94.4723618090452,93.0,4.0,9.9,,,279.0,81.9639278557114
2013,Earth and marine sciences,2,1.0,1.0,Oxford,83.4,84.25,77.7777777777778,10.0,10.0,,6.0,570.0,38.2158415841584
2013,Earth and marine sciences,21,19.0,2.0,Plymouth,58.3,89.2400989451778,88.7488651939406,4.0,18.6,56.0,8.0,284.0,61.2434434134075
2014,Earth and marine sciences,24,21.0,3.0,Plymouth,62.6,94.0733878070492,92.4941815491468,4.0,16.9,66.0,7.0,300.0,72.0922697393484
2013,Earth and marine sciences,31,26.0,5.0,Portsmouth,43.6,84.477784181927,79.2600312662845,4.0,17.4,34.0,4.0,258.0,47.5516277143632
2014,Earth and marine sciences,30,31.0,-1.0,Portsmouth,56.7,93.7157922379478,91.7941176470588,4.0,18.8,63.0,6.0,284.0,62.4222143947399
2014,Earth and marine sciences,22,,,Queen Mary,64.6,84.9624060150376,80.0,3.0,11.5,,,383.0,70.3406813627254
2013,Earth and marine sciences,3,4.0,-1.0,Reading,82.2,92.949494949495,90.0,10.0,6.1,,7.0,370.0,66.9454545454545
2014,Earth and marine sciences,2,3.0,-1.0,Reading,88.0,93.7185929648241,91.0891089108911,10.0,6.7,,9.0,369.0,66.6666666666667
2013,Earth and marine sciences,11,10.0,1.0,Royal Holloway,72.6,93.5,91.0,5.0,11.9,59.0,9.0,354.0,74.2755561270412
2014,Earth and marine sciences,8,11.0,-3.0,Royal Holloway,74.6,95.5,94.0594059405941,6.0,12.5,62.0,9.0,357.0,71.6867469879518
2013,Earth and marine sciences,17,14.0,3.0,Southampton,65.4,90.726302055104,89.8697999705248,4.0,14.5,63.0,5.0,427.0,59.4537402698321
2014,Earth and marine sciences,21,17.0,4.0,Southampton,65.1,91.2845394775531,89.1361845404399,5.0,13.7,70.0,4.0,428.0,62.1752473316169
2013,Earth and marine sciences,5,6.0,-1.0,St Andrews,77.5,100.0,91.0,4.0,16.0,,9.0,454.0,70.4483448344834
2014,Earth and marine sciences,4,5.0,-1.0,St Andrews,84.5,100.0,88.0,4.0,10.1,,8.0,478.0,70.0201207243461
2013,Earth and marine sciences,7,11.0,-4.0,UCL,76.0,84.479121825226,88.0482135170039,7.0,9.1,,10.0,464.0,51.6842459113356
2014,Earth and marine sciences,3,7.0,-4.0,UCL,87.2,86.3109756097561,87.890243902439,10.0,9.0,,,472.0,65.3536585365854
2013,Earth and marine sciences,13,7.0,6.0,UEA,70.7,91.1043991024294,92.6323529411765,8.0,10.3,58.0,6.0,404.0,55.3651848766082
2014,Earth and marine sciences,13,13.0,0.0,UEA,71.3,95.2083594369403,94.9741851801119,8.0,10.0,56.0,5.0,425.0,61.2236627952037
2013,Earth and marine sciences,24,26.0,-2.0,Ulster,56.6,90.209595959596,88.0,3.0,10.5,,6.0,259.0,65.5414141414142
2014,Earth and marine sciences,31,24.0,7.0,Ulster,52.9,81.5,80.0,3.0,10.6,,,253.0,66.4
2013,Earth and marine sciences,4,3.0,1.0,UWE Bristol,81.5,96.5073257325732,98.0,8.0,7.2,,,271.0,89.7894589458946
2014,Earth and marine sciences,20,4.0,16.0,UWE Bristol,65.5,88.8059701492537,87.1287128712871,5.0,10.2,,,292.0,71.8875502008032
2013,Economics,42,38.0,4.0,Aberdeen,59.0,84.2747524752475,82.0,4.0,26.8,,9.0,356.0,60.3820623026158
2014,Economics,31,42.0,-11.0,Aberdeen,65.5,82.5436408977556,87.0,3.0,26.6,,9.0,449.0,67.935871743487
2015,Economics,41,31.0,10.0,Aberdeen,63.1,80.8933002481389,78.0,3.0,22.9,89.0,5.0,439.0,60.0798403193612
2013,Economics,38,36.0,2.0,Aberystwyth,60.3,87.269401940194,96.039603960396,3.0,20.4,,8.0,317.0,65.8720872087209
2014,Economics,48,38.0,10.0,Aberystwyth,58.0,90.2255639097744,89.0,2.0,20.4,,6.0,330.0,58.8353413654618
2015,Economics,57,48.0,9.0,Aberystwyth,50.2,89.25,88.0,3.0,26.7,,3.0,301.0,61.7234468937875
2013,Economics,24,56.0,-32.0,Anglia Ruskin,66.5,81.5,72.7272727272727,9.0,17.0,,,227.0,76.3527054108216
2014,Economics,47,24.0,23.0,Anglia Ruskin,58.4,80.75,74.7474747474748,9.0,19.1,,,226.0,60.5210420841683
2015,Economics,17,,,Aston,75.5,90.2255639097744,91.0,8.0,24.3,,,391.0,73.3466933867735
2013,Economics,29,27.0,2.0,Bath,63.7,82.5173267326733,88.0,5.0,22.1,74.0,6.0,490.0,48.1492897501481
2014,Economics,20,29.0,-9.0,Bath,72.2,88.25,90.0990099009901,6.0,20.1,78.0,5.0,514.0,54.3086172344689
2015,Economics,23,20.0,3.0,Bath,73.3,84.0399002493765,91.089108910891,4.0,21.5,88.0,7.0,504.0,53.0
2013,Economics,25,13.0,12.0,Birmingham,66.0,76.5940594059406,83.8383838383838,9.0,23.4,61.0,8.0,458.0,51.8626262626263
2014,Economics,9,25.0,-16.0,Birmingham,81.2,89.2230576441102,91.9191919191919,9.0,22.1,77.0,7.0,464.0,62.1513944223108
2015,Economics,16,9.0,7.0,Birmingham,75.7,81.2967581047381,83.8383838383838,8.0,21.6,78.0,8.0,448.0,59.8
2013,Economics,57,47.0,10.0,Bradford,52.0,77.4040404040404,88.8888888888889,4.0,17.6,,1.0,252.0,75.0252100840336
2014,Economics,66,57.0,9.0,Bradford,47.0,79.1044776119403,88.1188118811881,5.0,19.5,,1.0,275.0,67.3346693386774
2015,Economics,61,66.0,-5.0,Bradford,47.7,80.25,87.8787878787878,3.0,22.3,67.0,1.0,281.0,71.1422845691382
2013,Economics,33,,,Brighton,62.2,89.5,87.0,3.0,16.8,,,279.0,71.0
2014,Economics,50,33.0,17.0,Brighton,57.4,76.0,76.0,3.0,17.9,,,301.0,65.6
2013,Economics,12,12.0,0.0,Bristol,75.9,84.7966296629663,86.0,6.0,20.8,80.0,6.0,489.0,71.8779877987799
2014,Economics,7,12.0,-5.0,Bristol,81.7,86.5336658354115,86.1386138613861,7.0,16.1,86.0,4.0,502.0,70.7171314741036
2015,Economics,35,7.0,28.0,Bristol,68.2,84.1708542713568,86.9999999999999,5.0,26.2,84.0,5.0,505.0,62.4750499001996
2013,Economics,46,66.0,-20.0,Brunel,58.0,80.0577616272265,86.7616076028407,5.0,22.9,51.0,7.0,326.0,74.1950302386446
2014,Economics,55,46.0,9.0,Brunel,55.5,80.8413603871911,86.1407012903456,6.0,19.9,39.0,5.0,341.0,71.1282160054967
2015,Economics,65,55.0,10.0,Brunel,40.2999999999999,73.9348370927318,81.8181818181818,3.0,25.2,54.0,5.0,329.0,47.4949899799599
2013,Economics,17,8.0,9.0,Buckingham,71.5,90.7619261926193,98.0,2.0,12.9,,1.0,301.0,81.8439302946688
2014,Economics,39,17.0,22.0,Buckingham,62.6,89.4736842105263,91.0,3.0,15.7,,,320.0,74.5490981963928
2015,Economics,34,39.0,-5.0,Buckingham,69.0,96.25,100.0,3.0,29.5,,4.0,359.0,83.0677290836653
2013,Economics,5,2.0,3.0,Cambridge,81.2,77.2018084461508,75.0,,17.2,84.0,6.0,613.0,55.4546317645463
2014,Economics,10,5.0,5.0,Cambridge,80.6,76.6917293233083,82.0,,16.5,85.0,6.0,638.0,60.2
2015,Economics,2,10.0,-8.0,Cambridge,96.1,76.6917293233082,82.0,10.0,17.3,96.0,7.0,637.0,60.1999999999999
2013,Economics,35,42.0,-7.0,Cardiff,61.3,79.4960246024602,79.0,8.0,18.5,69.0,3.0,451.0,48.0088485133943
2014,Economics,22,35.0,-13.0,Cardiff,71.3,82.75,85.8585858585858,9.0,16.7,71.0,4.0,440.0,62.6
2015,Economics,25,22.0,3.0,Cardiff,72.0,74.5,78.0,8.0,17.1,82.0,6.0,417.0,54.690618762475
2015,Economics,47,,,Cardiff Met,58.9,87.9396984924622,78.0,3.0,20.6,,,241.0,75.9036144578313
2013,Economics,45,50.0,-5.0,Central Lancashire,58.4,85.9649122807017,88.0,5.0,22.5,,,294.0,69.3386773547094
2014,Economics,61,45.0,16.0,Central Lancashire,49.4,81.592039800995,80.0,5.0,27.9,,,296.0,65.4690618762475
2015,Economics,32,61.0,-29.0,Central Lancashire,69.9,84.5386533665835,81.0,4.0,14.2,,,319.0,77.9559118236472
2013,Economics,50,49.0,1.0,City,54.7,71.0507300730073,68.3168316831683,8.0,18.1,45.0,6.0,403.0,49.6899255891172
2014,Economics,41,50.0,-9.0,City,61.6,67.5879396984925,66.0,8.0,18.6,65.0,6.0,431.0,55.8882235528942
2015,Economics,31,41.0,-10.0,City,70.2,86.8159203980099,90.09900990099,4.0,19.1,60.0,6.0,420.0,79.6780684104627
2013,Economics,39,48.0,-9.0,Coventry,60.1,92.5594059405941,88.8888888888889,3.0,23.7,,7.0,295.0,75.0504450445045
2014,Economics,29,39.0,-10.0,Coventry,66.2,92.25,94.0,3.0,24.9,64.0,9.0,307.0,83.0339321357285
2015,Economics,39,29.0,10.0,Coventry,64.9,98.004987531172,98.0,3.0,24.0,51.0,6.0,299.0,87.1743486973948
2013,Economics,56,,,De Montfort,52.4,88.7218045112782,86.8686868686869,3.0,26.2,,,303.0,66.6666666666667
2014,Economics,58,56.0,2.0,De Montfort,51.8,76.8844221105528,90.0,2.0,30.7,,,287.0,77.4
2015,Economics,53,58.0,-5.0,De Montfort,56.7,86.5,93.9393939393939,3.0,29.4,,7.0,287.0,72.8370221327967
2013,Economics,7,22.0,-15.0,Dundee,78.1,87.0346534653466,97.0,7.0,19.8,,9.0,378.0,76.0792079207921
2014,Economics,18,7.0,11.0,Dundee,73.4,94.4862155388471,97.0,7.0,20.9,,9.0,336.0,64.5161290322581
2015,Economics,19,18.0,1.0,Dundee,75.0999999999999,88.75,90.0,8.0,19.0,,8.0,337.0,63.6904761904761
2013,Economics,3,7.0,-4.0,Durham,82.7,84.4815088250398,89.0,8.0,19.1,82.0,7.0,533.0,62.6036807788609
2014,Economics,8,3.0,5.0,Durham,81.6,80.952380952381,78.2178217821782,8.0,19.8,81.0,8.0,556.0,68.0722891566265
2015,Economics,5,8.0,-3.0,Durham,88.4,82.7499999999999,86.0,10.0,22.2,86.0,8.0,559.0,65.5999999999999
2013,Economics,59,53.0,6.0,East London,50.2,79.8019801980198,80.8080808080808,2.0,19.5,,8.0,195.0,60.8121412141214
2014,Economics,67,59.0,8.0,East London,45.7,67.25,76.0,4.0,28.2,,7.0,226.0,59.9198396793587
2015,Economics,59,67.0,-8.0,East London,49.2,85.75,92.079207920792,,32.0,44.0,9.0,226.0,72.1115537848605
2013,Economics,10,9.0,1.0,Edinburgh,77.5,82.0544554455446,83.8383838383838,9.0,19.3,74.0,9.0,469.0,50.0
2014,Economics,25,10.0,15.0,Edinburgh,69.7,77.5561097256858,78.2178217821782,9.0,18.9,82.0,5.0,479.0,43.3734939759036
2015,Economics,27,25.0,2.0,Edinburgh,71.4,80.5486284289276,79.7979797979798,8.0,24.7,82.0,7.0,476.0,60.0
2014,Economics,69,,,Edinburgh Napier,38.7,74.5841584158416,61.3861386138614,4.0,31.7,,,318.0,58.7256725672567
2015,Economics,55,69.0,-14.0,Edinburgh Napier,53.3,86.5336658354114,77.0,4.0,28.8,,,352.0,70.0598802395209
2013,Economics,30,24.0,6.0,Essex,63.1,86.25,88.8888888888889,7.0,16.3,43.0,5.0,352.0,69.6819085487078
2014,Economics,34,30.0,4.0,Essex,64.7,82.25,91.0,4.0,16.3,64.0,4.0,385.0,65.0698602794411
2015,Economics,37,34.0,3.0,Essex,66.0999999999999,81.0,92.9292929292929,4.0,17.1,59.0,8.0,350.0,63.5270541082164
2013,Economics,20,15.0,5.0,Exeter,70.3,82.9621212121212,85.0,7.0,26.1,83.0,7.0,492.0,56.8492378420721
2014,Economics,21,20.0,1.0,Exeter,71.8,83.25,88.0,7.0,27.9,79.0,7.0,497.0,69.4
2015,Economics,33,21.0,12.0,Exeter,69.7,84.75,87.0,8.0,39.1,84.0,8.0,481.0,65.9318637274548
2013,Economics,22,5.0,17.0,Glasgow,68.4,79.1163366336634,85.1485148514852,7.0,19.1,,5.0,462.0,61.9346534653465
2014,Economics,36,22.0,14.0,Glasgow,64.1,69.5214105793451,79.0,7.0,20.4,72.0,7.0,491.0,52.4
2015,Economics,49,36.0,13.0,Glasgow,57.7,73.3830845771144,78.7878787878788,7.0,23.0,63.0,4.0,471.0,56.8
2013,Economics,55,51.0,4.0,Greenwich,53.3,91.8568352671376,92.404963522668,2.0,26.6,44.0,,254.0,81.6501568431697
2014,Economics,33,55.0,-22.0,Greenwich,65.2,93.9404585876828,95.224126351366,3.0,24.1,54.0,7.0,279.0,82.2437733444169
2015,Economics,43,33.0,10.0,Greenwich,62.1,89.5213671992764,89.1246105919003,2.0,21.5,47.0,9.0,308.0,79.3756790840247
2013,Economics,10,4.0,6.0,Heriot-Watt,77.5,85.4318181818182,88.0,7.0,16.6,,10.0,370.0,56.2808080808081
2014,Economics,12,10.0,2.0,Heriot-Watt,80.1,86.4321608040201,88.0,8.0,20.1,,10.0,364.0,66.4015904572565
2015,Economics,12,12.0,0.0,Heriot-Watt,81.0999999999999,86.75,92.0,8.0,30.5,,8.0,385.0,82.2709163346613
2013,Economics,61,55.0,6.0,Hertfordshire,49.1,75.728497849785,85.0,4.0,24.1,48.0,8.0,297.0,60.5111111111111
2014,Economics,68,61.0,7.0,Hertfordshire,44.2,79.1044776119403,79.2079207920792,4.0,22.0,36.0,7.0,294.0,53.2934131736527
2015,Economics,56,68.0,-12.0,Hertfordshire,52.0,76.0598503740648,70.0,4.0,21.4,60.0,6.0,333.0,60.9561752988047
2013,Economics,66,64.0,2.0,Hull,37.8,78.0064756475648,85.0,8.0,32.6,,1.0,325.0,59.9105058365759
2014,Economics,63,66.0,-3.0,Hull,48.5,81.0,88.0,7.0,29.9,64.0,1.0,332.0,71.3147410358566
2015,Economics,62,63.0,-1.0,Hull,43.8,76.0598503740648,79.7979797979797,2.0,22.8,52.0,5.0,301.0,62.8
2013,Economics,49,59.0,-10.0,Keele,55.0,87.2871287128713,86.0,2.0,17.1,,,338.0,57.2
2014,Economics,45,49.0,-4.0,Keele,59.4,84.5386533665836,87.0,2.0,21.1,,6.0,322.0,71.2
2015,Economics,58,45.0,13.0,Keele,49.5,84.5386533665835,87.0,3.0,29.2,,3.0,358.0,71.2
2013,Economics,6,25.0,-19.0,Kent,80.6,92.7318731873187,93.0,6.0,14.2,75.0,5.0,375.0,77.7824382438244
2014,Economics,6,6.0,0.0,Kent,82.6,94.75,95.0,5.0,14.1,70.0,6.0,410.0,76.6467065868264
2015,Economics,21,6.0,15.0,Kent,74.7,93.0,92.9292929292929,4.0,17.3999999999999,70.0,4.0,393.0,73.7051792828685
2013,Economics,68,69.0,-1.0,Kingston,33.9,69.993799379938,72.0,2.0,23.3,46.0,5.0,270.0,54.589898989899
2014,Economics,71,68.0,3.0,Kingston,32.4,68.9054726368159,68.0,2.0,24.3,44.0,2.0,307.0,53.6926147704591
2015,Economics,67,71.0,-4.0,Kingston,33.5,67.9999999999999,57.0,3.0,23.2,65.0,3.0,248.0,48.7077534791252
2013,Economics,13,18.0,-5.0,Lancaster,75.8,86.2590509050905,90.0,10.0,18.9,66.0,6.0,427.0,67.4535253525352
2014,Economics,19,13.0,6.0,Lancaster,73.1,88.9724310776942,88.1188118811881,9.0,20.3,68.0,3.0,457.0,62.3246492985972
2015,Economics,15,19.0,-4.0,Lancaster,78.5999999999999,90.7268170426065,90.9999999999999,10.0,20.1,78.0,3.0,451.0,56.4870259481037
2013,Economics,19,19.0,0.0,Leeds,70.6,83.2517751775178,82.0,10.0,21.5,70.0,6.0,441.0,57.4646464646465
2014,Economics,14,19.0,-5.0,Leeds,77.1,81.0,82.0,10.0,23.5,74.0,8.0,451.0,60.1609657947686
2015,Economics,10,14.0,-4.0,Leeds,81.5999999999999,81.0473815461346,84.0,10.0,18.3999999999999,77.0,8.0,450.0,56.6
2013,Economics,70,68.0,2.0,Leeds Met,31.0,67.0883838383838,59.0,3.0,26.1,,7.0,266.0,45.3148514851485
2014,Economics,49,70.0,-21.0,Leeds Met,57.7,87.468671679198,89.8989898989899,3.0,25.3,,,279.0,71.8875502008032
2015,Economics,63,49.0,14.0,Leeds Met,42.2,66.9154228855721,68.0,3.0,15.2,,4.0,291.0,49.6
2013,Economics,52,30.0,22.0,Leicester,54.5,73.7563756375638,75.0,7.0,19.3,54.0,3.0,401.0,59.407443010162
2014,Economics,27,52.0,-25.0,Leicester,69.3,82.2055137844612,80.0,7.0,18.9,73.0,4.0,402.0,67.1968190854871
2015,Economics,30,27.0,3.0,Leicester,70.3,87.0,88.0,6.0,27.0,71.0,8.0,380.0,68.2
2013,Economics,58,29.0,29.0,Liverpool,51.0,81.0473815461347,83.8383838383838,6.0,20.8,53.0,2.0,383.0,58.648111332008
2014,Economics,57,58.0,-1.0,Liverpool,52.8,75.187969924812,82.0,6.0,20.7,54.0,2.0,392.0,66.1322645290581
2015,Economics,24,57.0,-33.0,Liverpool,72.4,84.4611528822055,91.9191919191919,8.0,22.1,69.0,6.0,395.0,75.5020080321285
2013,Economics,67,67.0,0.0,Liverpool John Moores,36.3,69.2847682119205,67.0,2.0,28.3,,,297.0,61.1845384538454
2014,Economics,46,67.0,-21.0,Liverpool John Moores,59.2,81.25,87.0,3.0,27.3,,8.0,,73.3067729083665
2013,Economics,65,63.0,2.0,London Met,39.4,78.0362115892864,81.0,2.0,22.3,,6.0,241.0,55.2547428936442
2014,Economics,70,65.0,5.0,London Met,34.8,84.25,84.0,1.0,27.3,52.0,3.0,206.0,54.2168674698795
2015,Economics,66,70.0,-4.0,London Met,40.1,87.75,88.8888888888889,2.0,23.0,39.0,4.0,199.0,66.8662674650698
2013,Economics,2,3.0,-1.0,London School of Economics,96.6,82.6944444444445,84.0,9.0,11.3,92.0,7.0,577.0,65.0360389812566
2014,Economics,4,2.0,2.0,London School of Economics,84.4,81.0,79.0,8.0,10.7,82.0,6.0,587.0,58.8
2015,Economics,6,4.0,2.0,London School of Economics,87.2,82.25,86.0,7.0,13.0,87.0,4.0,576.0,64.7294589178356
2013,Economics,28,34.0,-6.0,Loughborough,64.4,80.4034653465347,84.0,6.0,19.0,72.0,4.0,408.0,64.3818905549861
2014,Economics,32,28.0,4.0,Loughborough,65.4,81.7955112219451,83.1683168316832,6.0,19.2,72.0,5.0,427.0,58.0
2015,Economics,22,32.0,-10.0,Loughborough,73.8,83.9999999999999,81.1881188118811,6.0,19.5,79.0,7.0,415.0,61.7234468937875
2013,Economics,40,43.0,-3.0,Manchester,59.4,76.6758158634104,78.0,7.0,19.1,68.0,3.0,422.0,55.8112137090372
2014,Economics,43,40.0,3.0,Manchester,60.2,73.0,75.0,6.0,18.9,72.0,4.0,450.0,51.2
2015,Economics,46,43.0,3.0,Manchester,59.0,78.6967418546365,79.7979797979798,4.0,19.5,70.0,3.0,430.0,60.0
2013,Economics,69,62.0,7.0,Manchester Met,33.3,66.5427653876499,71.2871287128713,3.0,19.4,49.0,4.0,282.0,45.8074289781919
2014,Economics,62,69.0,-7.0,Manchester Met,48.9,82.2055137844612,86.0,2.0,25.1,58.0,4.0,324.0,64.9298597194389
2015,Economics,60,62.0,-2.0,Manchester Met,48.2,87.5311720698254,91.0,3.0,25.0,61.0,2.0,306.0,72.6907630522088
2013,Economics,63,57.0,6.0,Middlesex,42.5,65.0717821782178,73.2673267326733,6.0,28.2,,8.0,192.0,56.861424966026
2014,Economics,40,63.0,-23.0,Middlesex,62.1,80.5970149253731,89.0,5.0,28.7,,9.0,255.0,76.7068273092369
2015,Economics,29,40.0,-11.0,Middlesex,70.4,78.3582089552239,83.1683168316831,4.0,21.0,,10.0,230.0,76.753507014028
2013,Economics,26,31.0,-5.0,Newcastle,65.3,88.5742574257426,88.0,5.0,21.1,77.0,2.0,431.0,67.3023502350235
2014,Economics,30,26.0,4.0,Newcastle,65.8,85.7142857142857,90.0990099009901,5.0,21.4,62.0,4.0,442.0,69.4
2013,Economics,60,,,Northampton,49.3,89.25,86.1386138613861,3.0,26.3,,,246.0,72.4550898203593
2014,Economics,59,60.0,-1.0,Northampton,51.2,82.0448877805486,80.1980198019802,3.0,25.5,,,283.0,73.7903225806452
2013,Economics,23,16.0,7.0,Nottingham,67.2,80.3217821782178,79.0,5.0,18.7,75.0,7.0,484.0,50.6114374595354
2014,Economics,23,23.0,0.0,Nottingham,71.2,81.75,80.0,6.0,18.7,79.0,6.0,487.0,59.1182364729459
2015,Economics,17,23.0,-6.0,Nottingham,75.5,82.5436408977556,87.8787878787878,6.0,19.6,83.0,4.0,506.0,63.8554216867469
2013,Economics,47,41.0,6.0,Nottingham Trent,56.3,82.7314231423142,87.0,4.0,22.2,59.0,6.0,305.0,58.0949494949495
2014,Economics,65,47.0,18.0,Nottingham Trent,47.3,83.25,79.0,4.0,25.3,50.0,4.0,335.0,56.425702811245
2015,Economics,64,65.0,-1.0,Nottingham Trent,40.4,72.5685785536159,83.1683168316831,4.0,25.5,53.0,2.0,322.0,58.316633266533
2013,Economics,1,1.0,0.0,Oxford,100.0,93.2323232323232,94.0,,11.1,67.0,9.0,594.0,66.8408928970233
2014,Economics,1,1.0,0.0,Oxford,100.0,92.2693266832918,92.0,,11.3,82.0,8.0,608.0,64.5290581162325
2015,Economics,1,1.0,0.0,Oxford,100.0,91.5632754342431,93.0,,15.7,79.0,9.0,588.0,70.7171314741035
2013,Economics,34,37.0,-3.0,Oxford Brookes,62.0,81.9343434343434,89.0,4.0,16.6,,5.0,333.0,65.8655265526553
2014,Economics,35,34.0,1.0,Oxford Brookes,64.3,90.75,89.1089108910891,4.0,18.3,,3.0,,72.7634194831014
2015,Economics,26,35.0,-9.0,Oxford Brookes,71.5,87.96992481203,84.8484848484848,4.0,7.8,,5.0,323.0,66.6
2013,Economics,16,28.0,-12.0,Plymouth,73.1,83.5,93.0,10.0,17.9,,5.0,300.0,75.9194595718564
2014,Economics,44,16.0,28.0,Plymouth,59.6,81.75,89.0,7.0,20.6,64.0,4.0,290.0,70.059880239521
2015,Economics,40,44.0,-4.0,Plymouth,64.4,90.4761904761904,91.9999999999999,7.0,21.5,54.0,4.0,260.0,80.9619238476953
2013,Economics,54,61.0,-7.0,Portsmouth,53.9,87.8044554455445,89.0,3.0,23.0,54.0,6.0,304.0,64.9320061417906
2014,Economics,23,54.0,-31.0,Portsmouth,71.2,85.5,91.0891089108911,5.0,22.6,76.0,9.0,317.0,70.281124497992
2015,Economics,36,23.0,13.0,Portsmouth,67.3,79.0523690773067,82.0,6.0,19.7,72.0,9.0,313.0,62.1730382293762
2013,Economics,18,23.0,-5.0,Queen Mary,70.9,83.9825774523761,93.0,,17.1,61.0,2.0,425.0,73.0643475796596
2014,Economics,13,18.0,-5.0,Queen Mary,78.7,81.9095477386935,83.0,10.0,17.8,69.0,4.0,445.0,71.6
2015,Economics,4,13.0,-9.0,Queen Mary,93.0,93.5162094763092,97.9797979797979,10.0,21.9,84.0,4.0,407.0,85.2
2013,Economics,48,39.0,9.0,"Queen's, Belfast",55.6,73.2673267326733,77.2277227722772,6.0,19.0,68.0,4.0,375.0,64.8534653465347
2014,Economics,53,48.0,5.0,"Queen's, Belfast",56.4,79.8004987531172,84.0,5.0,19.4,58.0,3.0,380.0,64.0159045725646
2015,Economics,54,53.0,1.0,"Queen's, Belfast",56.2,90.4761904761904,86.0,4.0,23.4,61.0,2.0,379.0,85.6
2013,Economics,32,59.0,-27.0,Reading,62.6,85.1485148514852,88.0,4.0,19.8,69.0,4.0,388.0,63.4910891089109
2014,Economics,63,32.0,31.0,Reading,48.5,76.1306532663317,68.6868686868687,3.0,21.0,71.0,1.0,372.0,58.8
2015,Economics,51,63.0,-12.0,Reading,57.3,79.6482412060301,78.7878787878788,3.0,21.5,80.0,3.0,360.0,61.7234468937875
2013,Economics,51,45.0,6.0,Royal Holloway,54.6,78.049504950495,81.0,3.0,20.0,68.0,5.0,411.0,49.793599359936
2014,Economics,56,51.0,5.0,Royal Holloway,54.6,79.4486215538847,78.2178217821782,3.0,19.5,63.0,4.0,396.0,58.148893360161
2015,Economics,48,56.0,-8.0,Royal Holloway,58.7,81.7955112219451,80.8080808080808,4.0,19.6,77.0,2.0,400.0,58.6
2015,Economics,50,53.0,-3.0,Salford,57.4,79.5511221945137,71.7171717171717,4.0,16.8999999999999,,,312.0,64.7294589178356
2013,Economics,53,44.0,9.0,Sheffield,54.4,89.2323232323232,92.0792079207921,5.0,27.7,63.0,2.0,427.0,66.6732673267327
2014,Economics,38,53.0,-15.0,Sheffield,63.3,89.5261845386534,89.0,5.0,25.4,69.0,3.0,435.0,70.6349206349206
2015,Economics,45,38.0,7.0,Sheffield,61.4,85.5,90.0,4.0,26.1,70.0,4.0,436.0,67.8
2013,Economics,64,58.0,6.0,Sheffield Hallam,41.0,71.310606060606,80.0,4.0,25.5,,,299.0,48.6930693069307
2014,Economics,60,64.0,-4.0,Sheffield Hallam,50.1,77.1144278606965,75.0,4.0,25.8,,,332.0,59.0
2013,Economics,15,14.0,1.0,SOAS,73.5,84.3471544093185,86.5469387755102,8.0,13.1,62.0,6.0,434.0,58.2565992109415
2014,Economics,15,15.0,0.0,SOAS,76.9,89.0968434912165,84.2718894009217,8.0,13.9,71.0,6.0,475.0,60.0193197454817
2015,Economics,11,15.0,-4.0,SOAS,81.2,83.5,85.9999999999999,4.0,14.3,,8.0,442.0,67.063492063492
2013,Economics,31,40.0,-9.0,Southampton,62.8,68.743899389939,69.3069306930693,5.0,18.8,76.0,8.0,445.0,50.9940594059406
2014,Economics,54,31.0,23.0,Southampton,55.6,65.9147869674185,69.0,5.0,19.9,64.0,6.0,447.0,57.5697211155378
2015,Economics,44,54.0,-10.0,Southampton,61.9,66.25,73.0,5.0,20.0,74.0,7.0,458.0,56.7134268537074
2013,Economics,14,10.0,4.0,St Andrews,74.4,86.25,88.0,8.0,21.0,,8.0,509.0,56.312625250501
2014,Economics,11,14.0,-3.0,St Andrews,80.3,80.0995024875622,81.0,7.0,18.9,,9.0,510.0,65.5310621242485
2015,Economics,20,11.0,9.0,St Andrews,75.0,80.1980198019802,85.0,5.0,19.6,,7.0,527.0,68.3999999999999
2013,Economics,36,32.0,4.0,Stirling,61.1,86.8539603960396,89.0,3.0,21.6,,,361.0,59.3111111111111
2014,Economics,52,36.0,16.0,Stirling,56.6,78.6600496277916,87.1287128712871,3.0,20.2,,,400.0,55.9118236472946
2015,Economics,42,52.0,-10.0,Stirling,62.4,84.3672456575682,88.0,5.0,7.4,,1.0,368.0,62.7490039840637
2013,Economics,21,20.0,1.0,Strathclyde,69.4,92.5049504950495,96.0,6.0,24.1,62.0,6.0,440.0,70.6732673267327
2014,Economics,17,21.0,-4.0,Strathclyde,73.5,91.5632754342432,96.0,7.0,25.2,,7.0,464.0,73.5059760956175
2015,Economics,13,17.0,-4.0,Strathclyde,80.7,92.75,96.0,5.0,21.3,,7.0,502.0,73.1462925851703
2013,Economics,7,17.0,-10.0,Surrey,78.1,88.6868686868687,89.0,8.0,18.8,62.0,4.0,440.0,78.9445544554456
2014,Economics,2,7.0,-5.0,Surrey,90.6,90.0497512437811,96.039603960396,8.0,17.5,70.0,7.0,457.0,89.662027833002
2015,Economics,6,2.0,4.0,Surrey,87.2,92.0199501246882,93.0,8.0,17.8,72.0,6.0,417.0,80.0399201596806
2013,Economics,37,26.0,11.0,Sussex,60.7,83.5668316831683,75.0,3.0,20.3,74.0,7.0,379.0,59.2269503546099
2014,Economics,51,37.0,14.0,Sussex,57.3,84.75,88.0,3.0,21.6,62.0,6.0,395.0,55.4
2015,Economics,52,51.0,1.0,Sussex,56.9,85.25,86.0,6.0,20.6,50.0,5.0,395.0,50.2
2013,Economics,62,52.0,10.0,Swansea,48.1,79.3094059405941,81.0,2.0,26.3,66.0,4.0,339.0,67.9018921499993
2014,Economics,28,62.0,-34.0,Swansea,66.6,86.6666666666667,90.1960784313726,3.0,27.5,75.0,7.0,349.0,80.6324110671937
2015,Economics,37,28.0,9.0,Swansea,66.0999999999999,83.5820895522387,84.0,3.0,25.5,86.0,6.0,313.0,77.4
2013,Economics,9,11.0,-2.0,UCL,77.7,77.5758825882588,84.1584158415842,10.0,17.7,80.0,5.0,545.0,56.4008371447544
2014,Economics,5,9.0,-4.0,UCL,84.0,78.0,83.1683168316832,10.0,15.5,84.0,5.0,553.0,58.2834331337325
2015,Economics,8,5.0,3.0,UCL,84.5,81.4070351758794,84.0,9.0,19.2,83.0,6.0,556.0,63.6726546906187
2013,Economics,40,33.0,7.0,UEA,59.4,89.2846534653465,89.0,7.0,19.5,62.0,1.0,393.0,68.0594059405941
2014,Economics,16,40.0,-24.0,UEA,76.7,92.0,92.0,7.0,16.9,69.0,4.0,425.0,74.7011952191235
2015,Economics,9,16.0,-7.0,UEA,83.3,91.2935323383084,95.9595959595959,9.0,16.3,72.0,3.0,409.0,83.0677290836653
2013,Economics,44,35.0,9.0,Ulster,58.7,83.5,86.0,3.0,18.0,,6.0,276.0,67.4650698602794
2014,Economics,37,44.0,-7.0,Ulster,63.9,81.0473815461347,87.8787878787879,3.0,20.9,,9.0,274.0,73.2
2015,Economics,28,37.0,-9.0,Ulster,71.0999999999999,85.9649122807017,88.1188118811881,4.0,24.7,,10.0,302.0,71.5725806451612
2013,Economics,43,46.0,-3.0,UWE Bristol,58.9,83.2821782178218,79.0,4.0,20.9,52.0,7.0,294.0,69.814371257485
2014,Economics,42,43.0,-1.0,UWE Bristol,60.5,83.5411471321696,85.0,3.0,23.6,65.0,8.0,330.0,71.8562874251497
2013,Economics,4,6.0,-2.0,Warwick,82.6,79.5866336633663,81.1881188118812,8.0,17.5,86.0,7.0,551.0,54.4637693686266
2014,Economics,3,4.0,-1.0,Warwick,86.9,86.9017632241814,90.0990099009901,8.0,17.7,88.0,6.0,574.0,59.8802395209581
2015,Economics,3,3.0,0.0,Warwick,94.5,87.0,92.0,9.0,18.0,86.0,7.0,565.0,63.2530120481927
2013,Economics,27,21.0,6.0,York,65.2,77.4662216221622,77.7777777777778,7.0,18.3,80.0,3.0,468.0,57.0464629633218
2014,Economics,26,27.0,-1.0,York,69.5,83.8207976103608,82.8671119462719,7.0,17.3,68.0,3.0,473.0,63.0211144384264
2015,Economics,14,26.0,-12.0,York,78.8,83.4499943005329,87.9999999999999,7.0,19.1,83.0,6.0,453.0,68.3986381950706
2013,Education,9,8.0,1.0,Aberdeen,66.5,82.3500178426227,73.5303124470309,10.0,20.3,87.0,5.0,367.0,56.4707868450368
2014,Education,21,9.0,12.0,Aberdeen,67.9,82.4223422366983,73.7054174118733,10.0,18.6,80.0,3.0,411.0,56.2547539530851
2015,Education,18,21.0,-3.0,Aberdeen,78.0,86.5336658354114,91.0,9.0,15.3,94.0,2.0,404.0,57.314629258517
2013,Education,27,19.0,8.0,Aberystwyth,59.1,91.3081736804272,85.8221976808393,5.0,15.4,,,257.0,77.9047151319218
2014,Education,33,27.0,6.0,Aberystwyth,61.7,95.0,96.969696969697,6.0,16.8,,3.0,278.0,77.1084337349398
2015,Education,54,33.0,21.0,Aberystwyth,61.9,83.25,83.8383838383838,7.0,19.8999999999999,67.0,3.0,295.0,80.9619238476953
2013,Education,53,34.0,19.0,Anglia Ruskin,49.7,56.5739766814147,45.3160700685453,9.0,12.5,80.0,4.0,265.0,65.5330240716379
2014,Education,46,53.0,-7.0,Anglia Ruskin,56.4,80.75,60.0,8.0,18.1,81.0,8.0,250.0,60.4
2015,Education,40,46.0,-6.0,Anglia Ruskin,68.8,89.6984924623115,89.8989898989898,8.0,21.4,76.0,8.0,254.0,80.9619238476953
2013,Education,43,48.0,-5.0,Bangor,52.6,90.7649742246952,97.0537190082645,4.0,27.5,67.0,4.0,283.0,77.1118824279122
2014,Education,67,43.0,24.0,Bangor,44.6,83.5862308367873,85.7585439055088,4.0,26.4,62.0,1.0,291.0,79.0761656663945
2015,Education,59,67.0,-8.0,Bangor,54.7,83.2171766166741,87.0,5.0,22.8,64.0,1.0,309.0,90.1769318614389
2013,Education,39,55.0,-16.0,Bath Spa,55.3,91.0148514851485,92.0,4.0,23.5,65.0,7.0,293.0,72.8772277227723
2014,Education,32,39.0,-7.0,Bath Spa,61.8,89.7755610972568,84.0,4.0,21.6,76.0,7.0,325.0,75.0
2015,Education,45,32.0,13.0,Bath Spa,66.0,91.4786967418546,88.9999999999999,5.0,21.4,76.0,7.0,308.0,64.8
2013,Education,27,63.0,-36.0,Bedfordshire,59.1,90.3724169488078,85.7698744769874,7.0,15.3,75.0,4.0,254.0,71.1071453588874
2014,Education,58,27.0,31.0,Bedfordshire,50.0,86.1076303614725,84.8974667308,5.0,20.2,72.0,2.0,255.0,71.217758918749
2015,Education,67,58.0,9.0,Bedfordshire,46.1,78.8343821913304,73.5291940408994,5.0,25.3,71.0,3.0,252.0,66.7425047270282
2013,Education,16,33.0,-17.0,Birmingham,63.6,78.9027268171876,75.3623705508659,9.0,24.3,64.0,8.0,377.0,67.0305661637875
2014,Education,14,16.0,-2.0,Birmingham,70.5,88.6923675775488,83.167519971313,9.0,23.8,75.0,6.0,361.0,77.9766422888629
2015,Education,16,14.0,2.0,Birmingham,79.5999999999999,90.3151814341696,85.9028379028379,9.0,22.9,73.0,6.0,390.0,80.651457447533
2013,Education,43,70.0,-27.0,Birmingham City,52.6,90.4687223108276,88.9719298245614,4.0,24.2,83.0,3.0,284.0,72.1661410864191
2014,Education,27,43.0,-16.0,Birmingham City,64.2,92.6163181192271,90.1335482385448,5.0,22.7,76.0,6.0,317.0,77.210859308664
2015,Education,57,27.0,30.0,Birmingham City,60.6,84.4388609715242,80.6088091802377,3.0,29.4,82.0,8.0,327.0,80.0739192451174
2014,Education,72,,,Bishop Grosseteste,38.5,83.5,79.2079207920792,1.0,34.8,87.0,4.0,253.0,68.9114588878243
2013,Education,67,38.0,29.0,Bishop Grosseteste UC,38.3,83.5,79.2079207920792,1.0,32.0,87.0,4.0,265.0,68.9114588878243
2015,Education,69,67.0,2.0,Bishop Grosseteste UC,44.4,,,1.0,26.5,71.0,3.0,286.0,
2013,Education,38,53.0,-15.0,Brighton,55.7,87.5684175287758,82.3015267175572,4.0,19.6,72.0,6.0,306.0,69.0840208448326
2014,Education,29,38.0,-9.0,Brighton,63.3,90.3582729144289,86.0947971781305,4.0,18.9,77.0,6.0,315.0,71.7296980530409
2015,Education,11,29.0,-18.0,Brighton,85.2,96.4574674123994,94.1635725677831,3.0,15.4,83.0,8.0,332.0,93.4836498385993
2013,Education,32,43.0,-11.0,Brunel,57.6,85.8242574257426,64.3564356435644,5.0,12.0,,,326.0,57.4257425742574
2014,Education,37,32.0,5.0,Brunel,59.5,85.8242574257426,64.3564356435644,6.0,15.5,,,355.0,57.4257425742574
2013,Education,1,1.0,0.0,Cambridge,100.0,90.0346534653466,86.8686868686869,10.0,13.9,,8.0,501.0,76.1030303030303
2014,Education,1,1.0,0.0,Cambridge,100.0,90.0346534653465,86.8686868686869,10.0,12.8,,,563.0,76.1030303030303
2015,Education,1,1.0,0.0,Cambridge,100.0,87.1604938271604,81.0,10.0,12.0,,,518.0,72.365805168986
2013,Education,33,47.0,-14.0,Canterbury Christ Church,56.7,77.9857964749247,79.441478439425,6.0,14.3,86.0,5.0,307.0,55.2712437157474
2014,Education,48,33.0,15.0,Canterbury Christ Church,54.9,76.2821079980338,77.4539007092198,5.0,15.6,80.0,4.0,327.0,54.7517984422556
2015,Education,49,48.0,1.0,Canterbury Christ Church,64.8,75.8104738154613,73.5294117647058,5.0,15.3,88.0,5.0,337.0,64.6
2013,Education,24,27.0,-3.0,Cardiff,60.3,85.7510751075108,73.0,4.0,17.3,,8.0,386.0,49.8826682668267
2014,Education,52,24.0,28.0,Cardiff,52.3,75.8793969849246,76.2376237623762,4.0,16.6,76.0,4.0,384.0,49.7005988023952
2015,Education,28,52.0,-24.0,Cardiff,73.5999999999999,85.4636591478696,80.0,8.0,17.3999999999999,,7.0,357.0,66.3999999999999
2013,Education,50,,,Cardiff Met,50.8,82.8444765111432,80.3105453402483,7.0,20.4,65.0,5.0,273.0,68.3015452021392
2014,Education,50,50.0,0.0,Cardiff Met,53.0,86.0696517412935,83.0,4.0,22.3,60.0,7.0,305.0,78.2868525896414
2015,Education,52,50.0,2.0,Cardiff Met,62.1,86.5,85.1485148514851,5.0,16.0,52.0,7.0,320.0,76.0
2013,Education,58,52.0,6.0,Central Lancashire,46.7,81.8201529543818,84.0,,21.3,63.0,4.0,293.0,72.4550803303681
2014,Education,70,58.0,12.0,Central Lancashire,40.6,74.1255982375145,73.3733758805825,,20.4,53.0,3.0,274.0,67.2825346463657
2015,Education,56,70.0,-14.0,Central Lancashire,61.1,86.3267151178942,83.0965705266178,,17.3999999999999,60.0,3.0,323.0,77.6112939546163
2013,Education,25,62.0,-37.0,Chester,60.2,79.9353530239076,78.6358008769667,6.0,14.3,72.0,8.0,284.0,64.789115868995
2014,Education,16,25.0,-9.0,Chester,69.8,86.6354139555966,83.542600896861,8.0,10.8,74.0,7.0,292.0,62.8555037985354
2015,Education,15,16.0,-1.0,Chester,80.9,88.5,94.9494949494949,8.0,11.0,77.0,6.0,311.0,88.1763527054108
2013,Education,22,20.0,2.0,Chichester,61.1,88.049190633349,89.8370789459898,4.0,13.7,77.0,4.0,299.0,61.9755294165156
2014,Education,39,22.0,17.0,Chichester,58.7,85.8420840138156,86.2089704672473,4.0,12.5,77.0,2.0,317.0,60.2133369747443
2015,Education,41,39.0,2.0,Chichester,68.2,93.75,95.9595959595959,5.0,16.7,80.0,4.0,318.0,66.1322645290581
2013,Education,65,71.0,-6.0,Cumbria,41.9,78.7214721472147,70.0,4.0,21.6,73.0,5.0,276.0,59.4372512153395
2014,Education,65,65.0,0.0,Cumbria,45.4,78.7214721472147,70.0,4.0,18.7,66.0,6.0,272.0,59.4372512153395
2015,Education,61,65.0,-4.0,Cumbria,51.8,70.0,53.9215686274509,3.0,22.9,78.0,6.0,311.0,71.2
2013,Education,55,46.0,9.0,De Montfort,49.1,84.0518867924528,86.1037735849057,4.0,7.2,28.0,4.0,280.0,68.9380907902111
2014,Education,56,55.0,1.0,De Montfort,50.9,84.9733537139552,81.8271728271728,3.0,13.4,50.0,4.0,294.0,69.487964309996
2015,Education,66,56.0,10.0,De Montfort,47.9,65.6641604010025,53.0,5.0,17.0,51.0,6.0,303.0,64.3999999999999
2013,Education,14,53.0,-39.0,Derby,64.1,95.3564851185123,95.1477697258856,3.0,15.8,58.0,6.0,291.0,89.5524107040042
2014,Education,22,14.0,8.0,Derby,66.5,94.7994694092969,93.9768273944115,3.0,16.5,57.0,7.0,309.0,89.3274020787381
2015,Education,21,22.0,-1.0,Derby,76.9,93.0,92.0,3.0,13.2,67.0,8.0,311.0,87.4501992031872
2013,Education,19,14.0,5.0,Dundee,63.0,88.7818507657217,89.1517323775388,3.0,17.6,91.0,8.0,314.0,60.622586344656
2014,Education,30,19.0,11.0,Dundee,62.9,87.3277077707771,86.2270227022702,3.0,14.9,92.0,2.0,367.0,60.8711877605511
2015,Education,27,30.0,-3.0,Dundee,74.0999999999999,91.5422885572139,100.0,3.0,14.8,96.0,1.0,390.0,80.3180914512922
2013,Education,13,9.0,4.0,Durham,64.3,85.8272251308901,86.7015706806283,7.0,21.7,87.0,4.0,400.0,60.5441364093293
2014,Education,12,13.0,-1.0,Durham,70.7,83.9378971925026,85.2903225806452,7.0,20.3,79.0,6.0,437.0,59.74890849764
2015,Education,5,12.0,-7.0,Durham,88.1,98.4962406015037,100.0,7.0,23.1,86.0,7.0,437.0,79.6
2013,Education,73,74.0,-1.0,East London,35.7,87.6523096800764,87.0948623531475,3.0,23.4,38.0,4.0,186.0,82.7392200836777
2014,Education,74,73.0,1.0,East London,30.0,84.8818584781703,83.2727461914289,3.0,26.1,35.0,2.0,230.0,73.0734341150694
2015,Education,72,74.0,-2.0,East London,34.2,78.9999999999999,77.9999999999999,4.0,28.8,43.0,3.0,262.0,70.8582834331337
2013,Education,37,28.0,9.0,Edge Hill,56.0,82.1838596593622,78.514533271509,4.0,20.4,82.0,7.0,286.0,72.2120443707636
2014,Education,28,37.0,-9.0,Edge Hill,64.0,83.823172265846,76.6130940007581,4.0,17.1,80.0,7.0,334.0,73.7564391147989
2015,Education,32,28.0,4.0,Edge Hill,72.3,79.8423553581534,79.2263046642101,5.0,15.4,83.0,8.0,317.0,78.1941488501701
2013,Education,21,16.0,5.0,Edinburgh,61.8,79.7264374789127,73.9075511946799,8.0,18.0,95.0,3.0,381.0,49.9540947713491
2014,Education,19,21.0,-2.0,Edinburgh,68.9,79.6874383473849,72.843394575678,9.0,17.8,92.0,4.0,415.0,50.0551521123083
2015,Education,23,19.0,4.0,Edinburgh,76.2,77.5451773391109,68.2916112506773,9.0,16.0,94.0,4.0,428.0,51.7280900884797
2013,Education,69,31.0,38.0,Glamorgan,36.7,77.5445544554456,77.0,7.0,14.7,13.0,4.0,247.0,54.6
2013,Education,12,43.0,-31.0,Glasgow,65.3,83.3596467754883,86.1653732940862,7.0,23.5,100.0,4.0,385.0,65.5457134902679
2014,Education,17,12.0,5.0,Glasgow,69.2,83.3596467754883,86.1653732940862,7.0,19.4,97.0,3.0,401.0,65.5457134902679
2015,Education,17,17.0,0.0,Glasgow,78.3,,,7.0,19.3,98.0,3.0,411.0,
2013,Education,63,66.0,-3.0,Gloucestershire,42.5,82.8945836928615,80.1486420834953,6.0,28.7,70.0,3.0,296.0,64.9427075604082
2014,Education,68,63.0,5.0,Gloucestershire,43.9,83.4255312770107,81.1951971206099,7.0,32.1,71.0,3.0,309.0,63.4274523137788
2015,Education,68,68.0,0.0,Gloucestershire,44.9,80.2839931089905,74.8710375239204,5.0,35.6,69.0,4.0,301.0,67.2670522614863
2013,Education,34,60.0,-26.0,Glyndwr,56.5,93.5847107438016,97.0454545454546,3.0,20.6,69.0,9.0,204.0,72.608100810081
2014,Education,24,34.0,-10.0,Glyndwr,65.0,89.0274314214464,89.0,3.0,21.4,80.0,8.0,274.0,85.0894632206759
2015,Education,30,24.0,6.0,Glyndwr,73.0,94.5,100.0,3.0,19.1,75.0,6.0,319.0,89.5791583166332
2013,Education,54,39.0,15.0,Goldsmiths,49.6,80.2815399581428,64.7058823529412,4.0,18.1,60.0,7.0,276.0,77.8590309991148
2014,Education,71,54.0,17.0,Goldsmiths,40.1,83.5,83.8383838383838,3.0,21.9,46.0,4.0,274.0,66.6
2015,Education,53,71.0,-18.0,Goldsmiths,62.0,90.3886162153366,91.0030856871587,4.0,14.9,61.0,4.0,296.0,80.6553127584186
2013,Education,72,72.0,0.0,Greenwich,36.5,77.0919678452699,74.2440600005859,5.0,22.8,63.0,,248.0,64.3142342476729
2014,Education,69,72.0,-3.0,Greenwich,41.5,74.9971457036276,68.7413695529146,5.0,22.8,69.0,2.0,280.0,63.8080744024165
2015,Education,64,69.0,-5.0,Greenwich,48.4,73.2431001612303,64.755395200537,5.0,20.3999999999999,68.0,3.0,323.0,59.1975686128147
2013,Education,18,22.0,-4.0,Hertfordshire,63.3,84.5355689678557,81.88599681886,5.0,17.4,81.0,9.0,290.0,68.5829229498292
2014,Education,12,18.0,-6.0,Hertfordshire,70.7,84.0107640808304,79.9070030459836,7.0,15.1,76.0,9.0,314.0,72.6094341806473
2015,Education,43,12.0,31.0,Hertfordshire,67.8,60.9571788413098,53.5353535353535,8.0,15.4,83.0,7.0,350.0,72.5999999999999
2013,Education,2,2.0,0.0,Huddersfield,97.5,95.864064372539,98.9322033898305,8.0,14.4,83.0,10.0,299.0,94.553638075672
2014,Education,2,2.0,0.0,Huddersfield,93.7,94.5137157107232,100.0,7.0,15.4,85.0,10.0,323.0,91.3827655310621
2015,Education,2,2.0,0.0,Huddersfield,95.4,99.25,100.0,6.0,13.8,79.0,9.0,334.0,94.578313253012
2013,Education,66,67.0,-1.0,Hull,40.5,84.7371146138282,76.0446092369169,5.0,28.5,81.0,1.0,284.0,67.5119559972773
2014,Education,49,66.0,-17.0,Hull,54.4,86.2839149758761,83.080010800108,4.0,23.5,76.0,3.0,325.0,70.5923818357395
2015,Education,48,49.0,-1.0,Hull,65.5,92.5279864868637,86.2059688903267,7.0,20.1,64.0,7.0,314.0,71.4821215396666
2013,Education,29,26.0,3.0,Keele,58.7,90.6742424242424,96.969696969697,3.0,26.0,,9.0,296.0,71.0464646464646
2014,Education,45,29.0,16.0,Keele,56.5,92.75,87.0,3.0,23.7,,7.0,300.0,71.2
2015,Education,47,45.0,2.0,Keele,65.9,89.9749373433583,93.9393939393939,5.0,22.7,,5.0,,72.7272727272727
2013,Education,5,5.0,0.0,Kingston,78.7,92.5220772077207,90.9090909090909,9.0,12.5,69.0,10.0,281.0,63.1049504950495
2014,Education,6,5.0,1.0,Kingston,77.0,92.5220772077208,90.9090909090909,9.0,13.4,67.0,10.0,285.0,63.1049504950495
2015,Education,6,6.0,0.0,Kingston,88.0,,,10.0,12.5,78.0,10.0,277.0,
2013,Education,11,7.0,4.0,Leeds,65.7,91.387101210121,88.5693069306931,7.0,21.4,,7.0,355.0,64.560606060606
2014,Education,23,11.0,12.0,Leeds,65.9,87.4566582914573,82.9090909090909,7.0,19.8,64.0,8.0,338.0,76.3527054108216
2015,Education,19,23.0,-4.0,Leeds,77.7,86.9139344262295,79.0601092896175,8.0,17.0,,6.0,385.0,75.5851471459608
2013,Education,56,50.0,6.0,Leeds Met,48.0,80.019550652651,77.5972045743329,3.0,20.4,66.0,8.0,277.0,64.4887945330131
2014,Education,53,56.0,-3.0,Leeds Met,51.7,83.8338585514151,85.1085926449788,3.0,21.1,62.0,8.0,301.0,69.9569410961626
2015,Education,41,53.0,-12.0,Leeds Met,68.2,88.283072096266,85.6302374182054,3.0,18.2,76.0,9.0,282.0,76.6467065868263
2014,Education,64,,,Leeds Trinity,46.1,86.4258043008043,87.6866024440282,2.0,25.8,78.0,2.0,298.0,71.6723184418105
2015,Education,63,64.0,-1.0,Leeds Trinity,51.4,89.4777973533003,91.5179282868525,2.0,27.8,78.0,3.0,305.0,84.3187875727646
2013,Education,64,36.0,28.0,Leeds Trinity University College,42.1,86.6437958349826,81.4694835680751,2.0,26.2,85.0,2.0,279.0,70.7471093856535
2013,Education,36,59.0,-23.0,Liverpool John Moores,56.1,77.7311249998762,73.7395634365417,6.0,17.4,63.0,7.0,299.0,70.7399431900733
2014,Education,25,36.0,-11.0,Liverpool John Moores,64.9,86.4160720460604,84.0285585010114,5.0,20.2,60.0,8.0,343.0,79.4630631210697
2015,Education,31,25.0,6.0,Liverpool John Moores,72.5,89.2571928935837,89.3732211857549,5.0,18.3999999999999,57.9999999999999,7.0,353.0,84.1248484848484
2013,Education,75,75.0,0.0,London Met,27.9,73.8127762277475,71.0,5.0,14.0,32.0,2.0,205.0,61.0572033898305
2014,Education,66,75.0,-9.0,London Met,45.0,89.2230576441103,80.0,2.0,19.1,67.0,7.0,219.0,58.0838323353294
2015,Education,70,66.0,4.0,London Met,43.0,88.2205513784461,80.0,2.0,20.0,55.0,4.0,235.0,65.3306613226452
2013,Education,39,13.0,26.0,Manchester,55.3,83.7006607631557,76.3493670886076,,13.5,,3.0,310.0,64.5950121649457
2014,Education,18,39.0,-21.0,Manchester,69.1,93.4673366834171,96.0,9.0,13.4,34.0,4.0,319.0,81.4741035856574
2015,Education,20,18.0,2.0,Manchester,77.3,91.4786967418546,95.0,8.0,12.6,,2.0,,79.6
2013,Education,46,64.0,-18.0,Manchester Met,51.7,75.2200372561983,67.8385049630121,4.0,17.7,74.0,8.0,311.0,54.8931047823753
2014,Education,53,46.0,7.0,Manchester Met,51.7,72.4642268439996,65.948202934852,4.0,16.4,70.0,7.0,325.0,55.8121754943522
2015,Education,29,53.0,-24.0,Manchester Met,73.2,87.2177990482519,85.6456692913385,4.0,16.3999999999999,73.0,9.0,341.0,75.0621088531598
2013,Education,51,61.0,-10.0,Marjon (St Mark and St John),50.5,88.7846534653465,86.8686868686869,2.0,26.2,79.0,4.0,259.0,84.3865606418798
2013,Education,42,57.0,-15.0,Middlesex,54.1,79.9918329388268,82.3505276778955,9.0,26.3,83.0,5.0,232.0,79.537618787415
2014,Education,36,42.0,-6.0,Middlesex,60.3,79.4969294083308,75.8134112969884,10.0,25.5,82.0,6.0,273.0,72.640662299021
2015,Education,38,36.0,2.0,Middlesex,69.4,86.2068153266331,80.1237623762376,10.0,23.8,87.0,5.0,282.0,71.2717065868263
2014,Education,63,,,Newman University,46.3,85.7609679689389,82.4621178158343,3.0,18.2,57.0,2.0,304.0,68.244131986049
2015,Education,51,63.0,-12.0,Newman University,62.3,95.273631840796,96.0,4.0,16.8999999999999,67.0,3.0,308.0,75.6
2013,Education,62,69.0,-7.0,Newman University College,42.7,83.8327505684202,77.3135050465712,4.0,16.5,69.0,2.0,251.0,68.7866840296922
2013,Education,15,25.0,-10.0,Newport,63.8,91.2920792079208,95.0,8.0,15.9,74.0,3.0,272.0,73.3287128712871
2013,Education,35,43.0,-8.0,Northampton,56.3,90.9542143972937,92.1756149820759,7.0,19.9,64.0,6.0,259.0,73.1364155971811
2014,Education,10,35.0,-25.0,Northampton,71.2,90.7143584521385,91.3625254582485,8.0,19.5,72.0,9.0,308.0,76.5150728271526
2015,Education,25,10.0,15.0,Northampton,75.0999999999999,93.8935036182228,90.0475892803129,9.0,19.2,69.0,7.0,298.0,81.4961303462321
2013,Education,6,18.0,-12.0,Northumbria,76.3,91.25,92.0,7.0,15.0,84.0,6.0,317.0,79.0
2014,Education,14,6.0,8.0,Northumbria,70.5,91.25,92.0,6.0,13.9,76.0,2.0,321.0,79.0
2015,Education,7,14.0,-7.0,Northumbria,87.7,,,5.0,17.5,89.0,7.0,387.0,
2013,Education,59,68.0,-9.0,Nottingham Trent,45.9,77.9594473090969,79.5052450670428,4.0,19.6,63.0,5.0,291.0,61.420822704675
2014,Education,57,59.0,-2.0,Nottingham Trent,50.7,85.460858803202,88.7345132743363,4.0,21.8,63.0,4.0,302.0,72.9203985758628
2015,Education,55,57.0,-2.0,Nottingham Trent,61.7,82.3383084577114,85.0,3.0,17.1,64.0,5.0,321.0,76.5531062124248
2013,Education,30,17.0,13.0,Oxford Brookes,58.0,84.0499341647179,82.0078861020409,6.0,14.7,72.0,7.0,304.0,53.0347529209127
2014,Education,38,30.0,8.0,Oxford Brookes,59.3,86.8935587946644,83.6697047277693,7.0,17.9,65.0,6.0,332.0,60.2445169774205
2015,Education,21,38.0,-17.0,Oxford Brookes,76.9,92.9126211109823,90.5040504050404,6.0,17.8,72.0,5.0,410.0,78.4501642935377
2013,Education,10,15.0,-5.0,Plymouth,66.1,84.4413144360121,80.248831482133,10.0,17.4,73.0,8.0,291.0,58.3522736855627
2014,Education,31,10.0,21.0,Plymouth,62.8,84.2576838667156,77.3279183146197,9.0,16.0,59.0,8.0,302.0,60.9352787880668
2015,Education,14,31.0,-17.0,Plymouth,83.3,93.984962406015,95.9999999999999,9.0,14.4,66.0,8.0,292.0,91.3827655310621
2013,Education,52,,,Portsmouth,49.9,84.8168316831683,92.9292929292929,8.0,27.3,,4.0,275.0,72.6610261026103
2014,Education,35,52.0,-17.0,Portsmouth,60.7,83.6228287841191,88.0,8.0,23.4,,8.0,306.0,68.7872763419483
2015,Education,58,35.0,23.0,Portsmouth,57.4,85.286783042394,76.2376237623762,6.0,22.3,52.0,9.0,294.0,65.3386454183267
2013,Education,3,3.0,0.0,Reading,89.5,90.02400240024,96.0,9.0,11.4,80.0,10.0,338.0,77.6076555023923
2014,Education,3,3.0,0.0,Reading,85.5,90.02400240024,96.0,9.0,11.2,77.0,8.0,341.0,77.6076555023923
2015,Education,3,3.0,0.0,Reading,89.0,,,8.0,11.6,79.0,8.0,339.0,
2013,Education,67,57.0,10.0,Roehampton,38.3,82.2259930278854,78.1007108118219,2.0,24.7,74.0,4.0,267.0,62.3258254968108
2014,Education,61,67.0,-6.0,Roehampton,46.4,82.6701231687806,82.5847844139253,3.0,22.7,65.0,5.0,291.0,66.3487077398654
2015,Education,60,61.0,-1.0,Roehampton,53.7,86.2070517202096,90.1849009576282,3.0,23.3,62.0,5.0,312.0,74.4828978406822
2013,Education,41,24.0,17.0,Sheffield Hallam,54.5,76.6268751341902,76.2139768400949,3.0,15.3,76.0,8.0,308.0,66.1059712861935
2014,Education,34,41.0,-7.0,Sheffield Hallam,60.9,80.0054472665889,76.6190118896456,5.0,15.0,73.0,8.0,325.0,67.164532689466
2015,Education,12,34.0,-22.0,Sheffield Hallam,85.0,89.8993029531664,89.9433320312721,7.0,10.1999999999999,79.0,7.0,320.0,83.9059379584948
2015,Education,65,,,South Wales,48.0,68.6716791979949,56.0,7.0,16.3999999999999,63.0,3.0,316.0,55.0200803212851
2014,Education,9,,,Southampton,75.7,92.5373134328358,84.1584158415842,6.0,18.2,64.0,4.0,397.0,85.6
2015,Education,10,9.0,1.0,Southampton,86.3,,,6.0,15.7,73.0,7.0,395.0,
2013,Education,71,56.0,15.0,Southampton Solent,36.6,81.75,80.8080808080808,3.0,26.5,54.0,1.0,259.0,77.150495049505
2014,Education,60,71.0,-11.0,Southampton Solent,47.8,92.4812030075188,92.9292929292929,3.0,28.5,58.0,2.0,289.0,80.1603206412826
2014,Education,40,,,St Mark and St John,58.1,88.7846534653465,86.8686868686869,2.0,18.9,70.0,6.0,259.0,84.3865606418798
2015,Education,34,40.0,-6.0,St Mark and St John,71.2,95.7605985037407,95.9999999999999,2.0,17.8,85.0,5.0,270.0,87.1743486973947
2013,Education,4,12.0,-8.0,"St Mary's UC, Belfast",86.1,92.0,97.0,2.0,13.7,86.0,9.0,377.0,83.4
2014,Education,4,4.0,0.0,"St Mary's UC, Belfast",84.7,92.0,97.0,2.0,14.7,85.0,8.0,394.0,83.4
2015,Education,4,4.0,0.0,"St Mary's UC, Belfast",88.7,,,2.0,15.5,91.0,9.0,389.0,
2013,Education,61,35.0,26.0,"St Mary's UC, Twickenham",45.2,89.0431697375345,84.869725290286,2.0,25.2,85.0,4.0,279.0,62.7565949118276
2014,Education,44,61.0,-17.0,"St Mary's UC, Twickenham",57.3,88.9383055964767,87.5231291738945,2.0,26.4,82.0,7.0,315.0,68.1584484491645
2015,Education,39,44.0,-5.0,"St Mary's UC, Twickenham",69.0,86.5671641791044,89.108910891089,2.0,21.0,93.0,5.0,311.0,84.8
2013,Education,8,6.0,2.0,Stirling,67.1,89.2473830665764,88.9445879116242,5.0,18.1,87.0,4.0,361.0,71.2346629901189
2014,Education,5,8.0,-3.0,Stirling,78.0,89.2045454545454,88.8888888888889,8.0,13.5,82.0,5.0,382.0,71.2065965780252
2015,Education,8,5.0,3.0,Stirling,86.8,,,7.0,12.0,93.0,3.0,412.0,
2013,Education,47,32.0,15.0,Stranmillis UC,51.5,79.5025252525253,81.1698113207547,2.0,19.6,79.0,7.0,335.0,58.5270948478496
2014,Education,50,47.0,3.0,Stranmillis UC,53.0,79.9787403556881,82.6740331491713,2.0,21.5,79.0,7.0,345.0,54.2384258771926
2015,Education,33,50.0,-17.0,Stranmillis UC,72.0999999999999,93.25,96.9999999999999,2.0,21.6,76.0,7.0,357.0,90.3614457831325
2013,Education,57,29.0,28.0,Strathclyde,47.0,74.6401109722653,65.4529389647826,6.0,24.5,78.0,5.0,377.0,44.759183513288
2014,Education,41,57.0,-16.0,Strathclyde,58.0,81.8176987335476,75.0658308434394,7.0,22.8,83.0,3.0,401.0,47.7036261270602
2015,Education,45,41.0,4.0,Strathclyde,66.0,84.2702677474057,76.1705299941759,6.0,22.4,88.0,1.0,407.0,69.9264411175291
2013,Education,16,23.0,-7.0,Sunderland,63.6,84.3819364606853,85.9391872965142,8.0,16.2,77.0,4.0,322.0,72.2285034186098
2014,Education,42,16.0,26.0,Sunderland,57.6,84.4457127672596,86.0026335441115,7.0,18.2,81.0,2.0,297.0,71.8471167807576
2015,Education,36,42.0,-6.0,Sunderland,70.5,85.323330466022,85.0510181271687,8.0,16.8,81.0,3.0,331.0,72.9435176163768
2013,Education,69,40.0,29.0,Teesside,36.7,78.1658415841584,65.3465346534654,8.0,27.0,32.0,4.0,283.0,70.5465346534654
2014,Education,61,69.0,-8.0,Teesside,46.4,84.28927680798,86.8686868686869,8.0,27.0,42.0,4.0,298.0,74.749498997996
2015,Education,71,61.0,10.0,Teesside,38.2,78.25,79.0,7.0,27.1,28.0,2.0,298.0,80.1603206412825
2013,Education,74,73.0,1.0,Trinity Saint David,35.1,89.2199915246999,90.2043795620438,3.0,20.3,54.0,1.0,242.0,68.7552924635529
2014,Education,73,74.0,-1.0,Trinity Saint David,36.7,88.0542976937592,87.2996108949416,3.0,25.0,55.0,2.0,247.0,67.7374734034619
2013,Education,26,4.0,22.0,UEA,60.1,75.0437543754376,63.3663366336634,10.0,10.1,56.0,6.0,359.0,60.040404040404
2014,Education,11,26.0,-15.0,UEA,70.9,88.5,92.0792079207921,9.0,11.4,59.0,4.0,358.0,66.4670658682635
2015,Education,9,11.0,-2.0,UEA,86.4,87.5311720698254,80.0,9.0,13.4,75.0,7.0,426.0,67.6
2013,Education,49,51.0,-2.0,Ulster,50.9,87.6691919191919,87.0,4.0,17.1,,,268.0,75.7049504950495
2014,Education,55,49.0,6.0,Ulster,51.4,79.1563275434243,85.0,4.0,18.9,,,270.0,70.7753479125248
2015,Education,62,55.0,7.0,Ulster,51.6,83.5411471321695,91.089108910891,2.0,20.9,,2.0,289.0,71.3426853707414
2013,Education,60,49.0,11.0,UWE Bristol,45.7,82.1506231518947,77.4204753199269,3.0,25.2,68.0,9.0,295.0,58.0401125433546
2014,Education,59,60.0,-1.0,UWE Bristol,48.8,83.3376568359769,76.4302325581396,3.0,27.3,71.0,9.0,311.0,56.8366203895051
2015,Education,50,59.0,-9.0,UWE Bristol,63.7,89.4472361809045,93.9393939393939,3.0,24.7,71.0,10.0,331.0,69.2614770459081
2013,Education,20,45.0,-25.0,Warwick,62.0,84.0690205384175,71.006300630063,9.0,17.2,62.0,5.0,384.0,57.5639745792761
2014,Education,47,20.0,27.0,Warwick,56.0,63.5235732009926,53.0,10.0,14.8,51.0,5.0,369.0,56.2624254473161
2015,Education,35,47.0,-12.0,Warwick,71.0999999999999,76.5,56.0,,12.5,68.0,6.0,390.0,61.1999999999999
2013,Education,7,37.0,-30.0,West of Scotland,67.7,97.25,98.0,2.0,24.0,97.0,6.0,353.0,81.1977397739774
2014,Education,8,7.0,1.0,West of Scotland,76.4,97.25,98.0,3.0,21.7,93.0,8.0,372.0,81.1977397739774
2015,Education,25,8.0,17.0,West of Scotland,75.0999999999999,,,3.0,20.0,92.0,5.0,337.0,
2013,Education,23,11.0,12.0,Winchester,61.0,90.3651305946578,88.0296265019383,3.0,20.1,83.0,8.0,287.0,71.1239227280686
2014,Education,20,23.0,-3.0,Winchester,68.4,91.0209277919712,87.4996327476128,3.0,18.0,76.0,9.0,309.0,74.7572208257405
2015,Education,24,20.0,4.0,Winchester,76.0,93.5,95.0,3.0,17.5,68.0,9.0,335.0,84.4621513944223
2013,Education,30,40.0,-10.0,Worcester,58.0,84.5474333535016,87.8661544682572,8.0,20.0,62.0,6.0,295.0,68.7045944384168
2014,Education,26,30.0,-4.0,Worcester,64.8,82.29004289721,85.0227865331819,9.0,20.0,70.0,9.0,281.0,65.7067706584871
2015,Education,37,26.0,11.0,Worcester,70.3,84.0,87.1287128712871,8.0,17.8,76.0,6.0,329.0,67.1999999999999
2013,Education,45,21.0,24.0,York,52.5,90.7517751775178,81.0,8.0,18.8,51.0,2.0,356.0,67.7010101010101
2014,Education,7,45.0,-38.0,York,76.9,93.0348258706468,92.0792079207921,7.0,14.3,,7.0,402.0,75.2
2015,Education,13,7.0,6.0,York,83.8,88.9999999999999,98.0,6.0,13.5,76.0,7.0,399.0,77.0
2013,Education,48,42.0,6.0,York St John,51.1,90.2121839087462,91.3112854432652,4.0,27.1,81.0,4.0,281.0,76.9776053747507
2014,Education,43,48.0,-5.0,York St John,57.4,87.3285719874094,85.1512799858797,6.0,29.5,80.0,7.0,312.0,75.5458109097814
2015,Education,44,43.0,1.0,York St John,67.3,90.2743142144638,85.1485148514851,4.0,28.1,85.0,8.0,310.0,81.726907630522
2013,Engineering: Chemical,12,6.0,6.0,Aston,46.8,75.0792079207921,82.0,7.0,12.7,62.0,6.0,330.0,58.6029566874213
2014,Engineering: Chemical,14,12.0,2.0,Aston,51.0,83.8308457711443,75.2475247524752,6.0,12.0,71.0,8.0,382.0,54.2914171656687
2015,Engineering: Chemical,10,14.0,-4.0,Aston,56.6,76.5,76.7676767676767,8.0,11.4,,3.0,365.0,57.0858283433133
2013,Engineering: Chemical,8,8.0,0.0,Bath,56.7,88.5,88.0,3.0,22.5,88.0,6.0,468.0,67.0143214321432
2014,Engineering: Chemical,6,8.0,-2.0,Bath,58.4,86.6004962779156,87.0,4.0,18.5,84.0,5.0,465.0,67.935871743487
2015,Engineering: Chemical,7,6.0,1.0,Bath,60.4,89.8263027295285,96.0,3.0,20.2,84.0,6.0,469.0,68.0
2013,Engineering: Chemical,2,3.0,-1.0,Birmingham,75.1,87.0,92.0,10.0,15.3,,3.0,469.0,78.4
2014,Engineering: Chemical,2,2.0,0.0,Birmingham,81.6,84.75,89.1089108910891,10.0,14.6,89.0,6.0,476.0,64.4710578842315
2015,Engineering: Chemical,3,2.0,1.0,Birmingham,79.8,85.1116625310173,88.0,10.0,15.3,81.0,7.0,488.0,70.4590818363273
2014,Engineering: Chemical,20,,,Bradford,38.2,77.9156327543424,75.0,4.0,16.0,,,317.0,49.8015873015873
2015,Engineering: Chemical,18,20.0,-2.0,Bradford,44.0,76.5,84.1584158415841,3.0,13.4,,,301.0,58.316633266533
2013,Engineering: Chemical,1,1.0,0.0,Cambridge,100.0,87.7892539253926,92.9292929292929,10.0,13.6,94.0,5.0,643.0,78.6828282828283
2014,Engineering: Chemical,1,1.0,0.0,Cambridge,100.0,87.75,92.9292929292929,10.0,12.7,85.0,8.0,652.0,78.714859437751
2015,Engineering: Chemical,1,1.0,0.0,Cambridge,100.0,92.5187032418952,88.0,10.0,14.3,,8.0,641.0,73.8
2013,Engineering: Chemical,20,12.0,8.0,Edinburgh,35.3,67.3776627662766,67.3267326732673,3.0,17.2,,5.0,509.0,35.8345394240917
2014,Engineering: Chemical,19,20.0,-1.0,Edinburgh,42.1,78.75,83.1683168316832,4.0,16.4,,4.0,520.0,39.2785571142284
2015,Engineering: Chemical,17,19.0,-2.0,Edinburgh,46.1,72.9323308270676,75.0,7.0,15.7,77.0,5.0,507.0,40.079365079365
2013,Engineering: Chemical,5,11.0,-6.0,Heriot-Watt,62.2,99.0,100.0,4.0,15.6,,,420.0,78.3232323232323
2014,Engineering: Chemical,5,5.0,0.0,Heriot-Watt,64.0,97.0149253731344,96.0,4.0,19.2,,3.0,407.0,87.9759519038076
2015,Engineering: Chemical,8,5.0,3.0,Heriot-Watt,60.2,93.2499999999999,94.0,3.0,22.7,86.0,2.0,426.0,85.6
2013,Engineering: Chemical,4,4.0,0.0,Imperial College,67.9,77.8838383838384,81.0,9.0,19.5,80.0,7.0,567.0,58.1807418596294
2014,Engineering: Chemical,3,4.0,-1.0,Imperial College,80.5,80.0,86.8686868686869,9.0,18.3,85.0,9.0,594.0,62.9032258064516
2015,Engineering: Chemical,2,3.0,-1.0,Imperial College,95.5,91.7293233082706,97.0,9.0,17.5,88.0,8.0,627.0,77.6447105788423
2013,Engineering: Chemical,11,14.0,-3.0,Leeds,47.3,66.9140257309313,61.3880597014925,6.0,17.7,,7.0,422.0,62.7626428314473
2014,Engineering: Chemical,7,11.0,-4.0,Leeds,57.4,81.0,80.0,5.0,19.5,,8.0,443.0,73.74749498998
2015,Engineering: Chemical,4,7.0,-3.0,Leeds,69.7,82.583604117846,89.19375,5.0,14.2,89.0,9.0,424.0,66.3732329929319
2013,Engineering: Chemical,15,19.0,-4.0,London South Bank,42.7,77.079576329726,87.0,2.0,21.7,,10.0,281.0,64.7386138613861
2014,Engineering: Chemical,22,15.0,7.0,London South Bank,28.3,78.75,80.8080808080808,2.0,23.5,,6.0,280.0,60.7214428857716
2015,Engineering: Chemical,20,22.0,-2.0,London South Bank,34.0,85.0374064837905,88.0,2.0,19.3999999999999,69.0,,285.0,67.065868263473
2013,Engineering: Chemical,6,7.0,-1.0,Loughborough,59.2,93.25,94.0,6.0,17.6,60.0,6.0,444.0,77.5024902490249
2014,Engineering: Chemical,8,6.0,2.0,Loughborough,54.5,89.9244332493703,95.0,5.0,18.8,78.0,4.0,433.0,74.8995983935743
2015,Engineering: Chemical,13,8.0,5.0,Loughborough,52.9,81.453634085213,84.8484848484848,4.0,16.3999999999999,77.0,4.0,464.0,68.1999999999999
2013,Engineering: Chemical,15,13.0,2.0,Manchester,42.7,80.169191919192,79.0,7.0,19.8,68.0,4.0,482.0,48.6352987036945
2014,Engineering: Chemical,10,15.0,-5.0,Manchester,53.1,78.0,83.8383838383839,7.0,19.9,86.0,3.0,517.0,60.6
2015,Engineering: Chemical,11,10.0,1.0,Manchester,54.6,73.6180904522613,76.0,5.0,17.8,85.0,7.0,490.0,52.4
2013,Engineering: Chemical,3,5.0,-2.0,Newcastle,70.4,89.039603960396,100.0,7.0,15.5,96.0,3.0,430.0,68.9805380538054
2014,Engineering: Chemical,4,3.0,1.0,Newcastle,65.5,71.4285714285714,75.7575757575758,5.0,15.1,93.0,7.0,445.0,61.6465863453815
2015,Engineering: Chemical,9,4.0,5.0,Newcastle,58.9,78.894472361809,83.0,6.0,15.3,89.0,4.0,448.0,60.5210420841683
2013,Engineering: Chemical,10,10.0,0.0,Nottingham,52.4,76.7871287128713,85.8585858585859,8.0,15.4,81.0,5.0,424.0,47.4105610561056
2014,Engineering: Chemical,11,10.0,1.0,Nottingham,52.3,86.8959463943447,83.5006611570248,9.0,13.9,75.0,5.0,417.0,47.2857197038706
2015,Engineering: Chemical,15,11.0,4.0,Nottingham,48.2,72.3483783783783,72.4431413231413,8.0,15.6,,3.0,437.0,52.2173220494324
2013,Engineering: Chemical,14,3.0,11.0,"Queen's, Belfast",44.8,85.0,96.0,5.0,13.6,68.0,2.0,384.0,64.492175023954
2014,Engineering: Chemical,16,14.0,2.0,"Queen's, Belfast",49.5,73.1829573934837,96.0,4.0,13.1,,5.0,406.0,58.5657370517928
2015,Engineering: Chemical,6,16.0,-10.0,"Queen's, Belfast",64.9,82.2942643391521,83.0,4.0,13.3,,9.0,415.0,61.8290258449304
2013,Engineering: Chemical,19,18.0,1.0,Sheffield,37.2,76.1089108910891,86.0,5.0,18.2,,1.0,465.0,54.5887798082134
2014,Engineering: Chemical,8,19.0,-11.0,Sheffield,54.5,81.0473815461347,94.0,6.0,15.9,78.0,4.0,437.0,73.2931726907631
2015,Engineering: Chemical,5,8.0,-3.0,Sheffield,66.9,85.3904282115868,87.8787878787878,6.0,16.0,87.0,6.0,445.0,65.6686626746507
2013,Engineering: Chemical,13,16.0,-3.0,Strathclyde,45.6,82.1590909090909,85.0,3.0,24.3,82.0,6.0,469.0,54.2209620962096
2014,Engineering: Chemical,12,13.0,-1.0,Strathclyde,52.2,91.4786967418546,93.0,3.0,25.1,76.0,4.0,492.0,75.6
2015,Engineering: Chemical,16,12.0,4.0,Strathclyde,46.8,80.352644836272,84.1584158415841,3.0,27.4,86.0,6.0,500.0,51.9191919191919
2013,Engineering: Chemical,17,8.0,9.0,Surrey,41.8,90.9848484848485,90.0,3.0,30.0,,4.0,408.0,75.759595959596
2014,Engineering: Chemical,17,17.0,0.0,Surrey,46.0,88.8059701492537,96.0,3.0,30.0,,7.0,425.0,69.9801192842942
2015,Engineering: Chemical,19,17.0,2.0,Surrey,43.0,84.0,92.0,3.0,32.4,,5.0,433.0,77.6
2013,Engineering: Chemical,7,15.0,-8.0,Swansea,57.5,82.4283494283494,87.0,3.0,14.9,,10.0,324.0,68.9335933593359
2014,Engineering: Chemical,15,7.0,8.0,Swansea,49.8,80.5486284289277,87.8787878787879,4.0,15.8,,,371.0,62.6
2015,Engineering: Chemical,14,15.0,-1.0,Swansea,50.3,80.4020100502512,88.9999999999999,3.0,17.6,83.0,7.0,330.0,62.374245472837
2013,Engineering: Chemical,18,17.0,1.0,Teesside,38.3,76.0594059405941,82.0,4.0,21.7,,7.0,301.0,65.1018501850185
2014,Engineering: Chemical,23,18.0,5.0,Teesside,27.0,72.0,77.2277227722772,3.0,19.0,,1.0,365.0,64.6
2015,Engineering: Chemical,21,23.0,-2.0,Teesside,29.0,67.6616915422885,64.7058823529411,3.0,16.1,,1.0,364.0,61.6600790513834
2013,Engineering: Chemical,9,2.0,7.0,UCL,54.0,77.6060606060606,77.7777777777778,7.0,16.8,64.0,8.0,474.0,54.9415893131163
2014,Engineering: Chemical,13,9.0,4.0,UCL,51.6,62.65664160401,73.0,8.0,17.3,78.0,9.0,474.0,55.8882235528942
2015,Engineering: Chemical,12,13.0,-1.0,UCL,54.3,71.6791979949874,68.0,8.0,16.3,71.0,7.0,507.0,59.7194388777555
2013,Engineering: Chemical,21,,,West of Scotland,26.4,81.75,83.0,3.0,32.1,,,290.0,68.1803197079484
2014,Engineering: Chemical,21,21.0,0.0,West of Scotland,36.6,87.25,100.0,3.0,27.7,,,317.0,69.5390781563126
2014,Engineering: Chemical,18,,,Westminster,45.8,80.4511278195489,78.2178217821782,3.0,20.4,,,314.0,77.8884462151394
2014,Engineering: Civil,34,18.0,16.0,Abertay Dundee,44.8,85.25,78.2178217821782,2.0,18.7,,,301.0,57.8528827037773
2015,Engineering: Civil,33,34.0,-1.0,Abertay Dundee,53.2,81.0,84.0,2.0,13.0,,,300.0,72.8
2014,Engineering: Civil,14,,,Anglia Ruskin,66.7,91.9799498746867,79.0,7.0,14.3,,,254.0,82.2
2015,Engineering: Civil,30,14.0,16.0,Anglia Ruskin,57.3,85.3598014888337,78.0,5.0,22.7,,7.0,260.0,71.7131474103585
2013,Engineering: Civil,2,11.0,-9.0,Bath,93.1,93.9646464646465,96.0,5.0,21.5,88.0,7.0,478.0,67.2694423288483
2014,Engineering: Civil,5,2.0,3.0,Bath,81.1,94.0149625935162,100.0,6.0,18.8,94.0,4.0,492.0,72.0
2015,Engineering: Civil,6,5.0,1.0,Bath,87.4,97.75,95.0,5.0,18.1,89.0,6.0,499.0,81.1244979919678
2013,Engineering: Civil,19,12.0,7.0,Birmingham,75.0,76.3689117790703,82.0,10.0,18.4,56.0,5.0,408.0,58.5060151176408
2014,Engineering: Civil,6,19.0,-13.0,Birmingham,77.8,79.1979949874687,89.0,10.0,17.4,67.0,8.0,426.0,61.8
2015,Engineering: Civil,10,6.0,4.0,Birmingham,77.2,76.1786600496277,77.2277227722772,10.0,17.1,85.0,8.0,418.0,61.4457831325301
2013,Engineering: Civil,43,9.0,34.0,Bolton,34.4,77.0573566084788,70.7070707070707,2.0,24.6,,,149.0,51.4
2015,Engineering: Civil,47,43.0,4.0,Bolton,31.9,80.0,72.0,2.0,28.1,,,220.0,65.130260521042
2013,Engineering: Civil,40,32.0,8.0,Bradford,43.8,61.1280748327997,70.2970297029703,3.0,11.2,,2.0,291.0,44.0884900990099
2014,Engineering: Civil,35,40.0,-5.0,Bradford,44.7,81.2967581047382,76.2376237623762,3.0,10.4,,2.0,308.0,52.6
2015,Engineering: Civil,27,35.0,-8.0,Bradford,58.8,72.6817042606516,82.0,3.0,10.1999999999999,,7.0,300.0,51.9999999999999
2013,Engineering: Civil,29,34.0,-5.0,Brighton,58.5,85.7111360620598,88.0,3.0,17.5,,5.0,288.0,49.9918844343451
2014,Engineering: Civil,39,29.0,10.0,Brighton,37.1,75.0623441396509,77.2277227722772,4.0,21.0,,4.0,305.0,50.7014028056112
2015,Engineering: Civil,38,39.0,-1.0,Brighton,43.4,77.7227722772277,74.0,3.0,18.8,,4.0,278.0,61.0671936758893
2013,Engineering: Civil,10,9.0,1.0,Bristol,83.6,84.5693069306931,91.9191919191919,4.0,16.7,82.0,4.0,509.0,55.6580276448698
2014,Engineering: Civil,8,10.0,-2.0,Bristol,72.6,83.75,82.1782178217822,4.0,15.0,81.0,8.0,515.0,55.8882235528942
2015,Engineering: Civil,12,8.0,4.0,Bristol,73.0,80.3482587064676,85.0,4.0,13.2,92.0,8.0,513.0,43.0
2013,Engineering: Civil,27,,,Brunel,60.9,83.3440594059406,71.0,6.0,27.7,,1.0,335.0,76.8831683168317
2014,Engineering: Civil,17,27.0,-10.0,Brunel,62.1,83.7092731829574,92.0792079207921,6.0,30.8,,4.0,385.0,79.9599198396794
2015,Engineering: Civil,44,17.0,27.0,Brunel,38.7999999999999,77.0573566084787,90.9999999999999,4.0,33.2999999999999,,3.0,356.0,66.6
2013,Engineering: Civil,17,15.0,2.0,Cardiff,78.3,86.7392889136008,93.9393939393939,5.0,26.6,81.0,7.0,459.0,61.4385612155348
2014,Engineering: Civil,15,17.0,-2.0,Cardiff,66.5,90.7268170426065,94.059405940594,5.0,25.6,79.0,6.0,437.0,68.9243027888446
2015,Engineering: Civil,18,15.0,3.0,Cardiff,68.7,82.7930174563591,91.9999999999999,6.0,24.6,86.0,7.0,430.0,63.8722554890219
2013,Engineering: Civil,39,28.0,11.0,City,44.9,67.0767326732673,68.0,7.0,20.7,45.0,3.0,349.0,52.7392914616137
2014,Engineering: Civil,40,39.0,1.0,City,36.6,74.5,79.0,6.0,24.0,69.0,1.0,371.0,64.3286573146292
2015,Engineering: Civil,42,40.0,2.0,City,40.0,82.2055137844611,89.0,3.0,22.6,47.0,3.0,372.0,71.0578842315369
2013,Engineering: Civil,18,21.0,-3.0,Coventry,76.3,90.6139819864339,88.4117647058824,2.0,13.7,75.0,6.0,293.0,74.3055926932654
2014,Engineering: Civil,28,18.0,10.0,Coventry,55.3,89.7137487370239,89.9972219444167,4.0,16.4,76.0,4.0,289.0,64.132745490982
2015,Engineering: Civil,25,28.0,-3.0,Coventry,61.6,86.157435482439,79.4127816051359,3.0,15.4,80.0,6.0,331.0,72.821746834947
2015,Engineering: Civil,34,,,Derby,52.8,91.0,86.0,4.0,26.7,,,263.0,71.4285714285714
2013,Engineering: Civil,5,2.0,3.0,Dundee,90.3,85.2323232323232,89.0,8.0,16.6,68.0,9.0,383.0,64.0322850985713
2014,Engineering: Civil,27,5.0,22.0,Dundee,55.6,85.5361596009975,88.1188118811881,5.0,21.8,,3.0,388.0,66.9322709163347
2015,Engineering: Civil,17,27.0,-10.0,Dundee,69.0999999999999,88.0597014925373,89.0,6.0,17.8999999999999,83.0,4.0,387.0,71.4859437751003
2013,Engineering: Civil,24,20.0,4.0,East London,68.8,86.5618811881188,86.0,3.0,,,9.0,242.0,75.0785278527853
2014,Engineering: Civil,36,24.0,12.0,East London,43.5,78.8029925187032,82.1782178217822,4.0,29.0,75.0,7.0,238.0,69.1382765531062
2015,Engineering: Civil,41,36.0,5.0,East London,40.7999999999999,78.75,83.8383838383838,4.0,31.3,59.0,8.0,273.0,69.4164989939637
2013,Engineering: Civil,20,7.0,13.0,Edinburgh,74.5,70.6483418341834,65.56,8.0,20.3,66.0,9.0,474.0,46.8214935093509
2014,Engineering: Civil,20,20.0,0.0,Edinburgh,61.0,72.818872313631,74.099737527227,8.0,21.2,71.0,8.0,526.0,41.1509818356964
2015,Engineering: Civil,16,20.0,-4.0,Edinburgh,69.2,78.5502241543411,78.0803617325615,10.0,18.7,85.0,8.0,463.0,34.5796352554484
2013,Engineering: Civil,34,29.0,5.0,Edinburgh Napier,50.5,66.8900640064006,72.0,3.0,19.4,,5.0,289.0,51.6080178173719
2014,Engineering: Civil,38,34.0,4.0,Edinburgh Napier,38.5,73.4335839598998,81.1881188118812,3.0,15.5,,3.0,309.0,53.4930139720559
2015,Engineering: Civil,35,38.0,-3.0,Edinburgh Napier,51.8,76.7326732673267,81.0,4.0,16.2,,7.0,328.0,53.0
2013,Engineering: Civil,37,37.0,0.0,Glamorgan,46.1,73.799504950495,80.1980198019802,3.0,31.6,,5.0,250.0,69.7326732673268
2013,Engineering: Civil,23,23.0,0.0,Glasgow,69.0,75.2075471698113,73.2673267326732,7.0,23.8,81.0,4.0,457.0,48.5326732673267
2014,Engineering: Civil,30,23.0,7.0,Glasgow,50.0,75.187969924812,54.5454545454546,6.0,21.7,81.0,4.0,458.0,45.6913827655311
2015,Engineering: Civil,28,30.0,-2.0,Glasgow,58.7,73.8035264483627,59.5959595959595,8.0,14.6,85.0,1.0,484.0,58.6345381526104
2014,Engineering: Civil,37,,,Glasgow Caledonian,40.0,70.0,76.7676767676768,3.0,10.8,,,337.0,41.566265060241
2015,Engineering: Civil,40,37.0,3.0,Glasgow Caledonian,41.9,78.8029925187032,78.0,3.0,11.9,,1.0,340.0,56.1122244488977
2013,Engineering: Civil,21,13.0,8.0,Greenwich,73.3,88.979797979798,94.0,4.0,20.4,,,244.0,81.4178217821782
2014,Engineering: Civil,13,21.0,-8.0,Greenwich,68.2,90.0,92.0,4.0,20.6,,,267.0,84.0
2015,Engineering: Civil,19,13.0,6.0,Greenwich,68.5999999999999,96.5087281795511,100.0,3.0,19.1,,2.0,300.0,85.2295409181636
2013,Engineering: Civil,8,18.0,-10.0,Heriot-Watt,85.5,87.5544554455446,90.0990099009901,7.0,17.6,63.0,6.0,414.0,76.4803880388039
2014,Engineering: Civil,3,8.0,-5.0,Heriot-Watt,85.7,90.2743142144639,97.0,7.0,16.2,84.0,7.0,386.0,82.6347305389222
2015,Engineering: Civil,1,3.0,-2.0,Heriot-Watt,100.0,96.25,98.9898989898989,8.0,14.4,92.0,9.0,415.0,88.2
2013,Engineering: Civil,12,1.0,11.0,Imperial College,82.4,82.2070707070707,88.0,10.0,16.4,64.0,2.0,547.0,50.3209120912091
2014,Engineering: Civil,2,12.0,-10.0,Imperial College,91.3,79.5511221945137,78.7878787878788,10.0,14.6,79.0,10.0,572.0,55.6
2015,Engineering: Civil,2,2.0,0.0,Imperial College,99.4,87.2180451127819,87.0,10.0,13.2,84.0,8.0,574.0,72.3446893787575
2013,Engineering: Civil,42,38.0,4.0,Kingston,35.9,71.75,77.0,3.0,31.4,56.0,5.0,248.0,47.4
2014,Engineering: Civil,42,42.0,0.0,Kingston,34.8,78.4461152882205,87.1287128712871,3.0,33.3,57.0,7.0,262.0,66.6666666666667
2015,Engineering: Civil,37,42.0,-5.0,Kingston,51.3,81.704260651629,90.9090909090909,3.0,22.7,72.0,4.0,302.0,74.3486973947895
2013,Engineering: Civil,6,16.0,-10.0,Leeds,87.9,94.1892350999806,99.4738562091503,5.0,28.0,70.0,9.0,405.0,82.5817381738174
2014,Engineering: Civil,10,6.0,4.0,Leeds,71.3,90.8795180924079,94.498349911327,4.0,29.2,79.0,10.0,428.0,73.6544122137405
2015,Engineering: Civil,15,10.0,5.0,Leeds,69.9,85.9840441178315,87.5542750929367,6.0,17.7,79.0,8.0,414.0,67.2747015220031
2013,Engineering: Civil,33,41.0,-8.0,Leeds Met,51.7,83.0,88.0,2.0,26.7,,4.0,216.0,67.6774193548387
2014,Engineering: Civil,41,33.0,8.0,Leeds Met,36.2,85.5,83.8383838383838,3.0,30.8,,3.0,249.0,70.0
2015,Engineering: Civil,39,41.0,-2.0,Leeds Met,42.6,84.2105263157894,80.0,3.0,24.5,,6.0,229.0,55.9356136820925
2013,Engineering: Civil,14,31.0,-17.0,Liverpool,81.5,69.6843434343434,76.0,,14.3,75.0,7.0,392.0,68.059405940594
2014,Engineering: Civil,19,14.0,5.0,Liverpool,61.2,72.4565756823821,80.1980198019802,,14.2,86.0,6.0,380.0,55.1792828685259
2015,Engineering: Civil,9,19.0,-10.0,Liverpool,78.3,76.5,84.1584158415841,10.0,14.3,86.0,8.0,400.0,52.2
2013,Engineering: Civil,30,36.0,-6.0,Liverpool John Moores,58.0,61.232598259826,63.0,4.0,33.2,,10.0,293.0,60.7111111111111
2014,Engineering: Civil,43,30.0,13.0,Liverpool John Moores,31.8,80.75,68.3168316831683,3.0,37.2,59.0,8.0,321.0,74.7514910536779
2015,Engineering: Civil,31,43.0,-12.0,Liverpool John Moores,57.0,97.7556109725685,100.0,3.0,30.3,,5.0,299.0,86.2
2013,Engineering: Civil,35,39.0,-4.0,London South Bank,49.0,79.7770496474108,85.0,2.0,36.2,,8.0,218.0,67.9035903590359
2014,Engineering: Civil,44,35.0,9.0,London South Bank,29.5,79.1563275434243,88.0,2.0,26.5,,3.0,222.0,65.4761904761905
2015,Engineering: Civil,43,44.0,-1.0,London South Bank,39.2,69.1542288557213,75.0,3.0,27.1,,7.0,200.0,70.3406813627254
2013,Engineering: Civil,4,4.0,0.0,Loughborough,90.6,94.75,97.0,6.0,21.3,89.0,6.0,409.0,66.7535353535354
2014,Engineering: Civil,9,4.0,5.0,Loughborough,72.3,88.5286783042394,89.8989898989899,6.0,17.0,85.0,4.0,423.0,70.6827309236948
2015,Engineering: Civil,8,9.0,-1.0,Loughborough,79.0999999999999,88.9447236180904,91.089108910891,6.0,17.3,92.0,7.0,410.0,74.6
2013,Engineering: Civil,31,40.0,-9.0,Manchester,53.9,66.9817425742574,63.6363636363636,8.0,24.6,77.0,1.0,416.0,48.6605829372746
2014,Engineering: Civil,21,31.0,-10.0,Manchester,59.5,81.5461346633416,81.1881188118812,6.0,26.2,80.0,5.0,447.0,70.4590818363273
2015,Engineering: Civil,13,21.0,-8.0,Manchester,71.7,86.2155388471178,81.0,6.0,21.5,87.0,7.0,432.0,72.2
2013,Engineering: Civil,13,17.0,-4.0,Newcastle,81.9,82.2222222222222,83.1683168316832,8.0,14.6,78.0,3.0,401.0,60.6792079207921
2014,Engineering: Civil,11,13.0,-2.0,Newcastle,70.2,89.5,86.0,6.0,13.6,85.0,4.0,419.0,58.8822355289421
2015,Engineering: Civil,11,11.0,0.0,Newcastle,76.7,89.7755610972568,90.9090909090909,8.0,14.3,93.0,4.0,418.0,68.4
2013,Engineering: Civil,11,5.0,6.0,Nottingham,82.9,80.4284913170983,75.0,9.0,14.4,78.0,4.0,409.0,61.3515151515152
2014,Engineering: Civil,12,11.0,1.0,Nottingham,69.7,83.5,85.0,9.0,15.5,83.0,4.0,415.0,60.1202404809619
2015,Engineering: Civil,14,12.0,2.0,Nottingham,70.3,75.5,82.8282828282828,9.0,17.3999999999999,83.0,4.0,443.0,66.5338645418326
2013,Engineering: Civil,26,26.0,0.0,Nottingham Trent,63.6,81.2722772277228,79.0,4.0,23.6,70.0,7.0,274.0,64.2
2014,Engineering: Civil,31,26.0,5.0,Nottingham Trent,48.2,82.9145728643216,90.0,4.0,24.1,65.0,7.0,302.0,68.3467741935484
2015,Engineering: Civil,26,31.0,-5.0,Nottingham Trent,61.1,89.7755610972568,88.1188118811881,4.0,18.6,86.0,3.0,277.0,75.2495009980039
2013,Engineering: Civil,38,24.0,14.0,Plymouth,45.6,75.9000900090009,72.2772277227723,3.0,25.4,72.0,3.0,293.0,44.580198019802
2014,Engineering: Civil,26,38.0,-12.0,Plymouth,55.7,91.25,82.8282828282828,4.0,21.6,73.0,8.0,296.0,65.4618473895582
2015,Engineering: Civil,29,26.0,3.0,Plymouth,57.9,87.6262626262626,87.9999999999999,5.0,16.8,78.0,4.0,303.0,65.3225806451612
2013,Engineering: Civil,32,30.0,2.0,Portsmouth,52.3,82.8514851485148,92.0792079207921,3.0,22.3,53.0,4.0,266.0,69.9544554455446
2014,Engineering: Civil,22,32.0,-10.0,Portsmouth,57.7,87.5311720698255,91.0,4.0,19.8,70.0,9.0,313.0,64.2714570858284
2015,Engineering: Civil,32,22.0,10.0,Portsmouth,54.5,73.0673316708229,69.0,3.0,21.9,80.0,9.0,312.0,62.8968253968253
2013,Engineering: Civil,22,27.0,-5.0,"Queen's, Belfast",69.8,73.1707920792079,76.0,7.0,18.8,72.0,7.0,380.0,47.3044930632881
2014,Engineering: Civil,18,22.0,-4.0,"Queen's, Belfast",61.9,79.3969849246231,88.8888888888889,7.0,14.9,71.0,7.0,358.0,62.2
2015,Engineering: Civil,23,18.0,5.0,"Queen's, Belfast",64.0999999999999,77.6942355889724,80.8080808080808,6.0,12.1,80.0,4.0,392.0,59.1999999999999
2013,Engineering: Civil,41,22.0,19.0,Salford,41.7,75.4833483348335,75.0,2.0,28.8,,3.0,288.0,55.6509850985098
2014,Engineering: Civil,32,41.0,-9.0,Salford,46.7,81.4070351758794,90.0990099009901,2.0,15.2,56.0,5.0,295.0,71.6
2015,Engineering: Civil,36,32.0,4.0,Salford,51.4,79.6992481203007,84.0,4.0,18.6,74.0,4.0,321.0,63.6726546906187
2013,Engineering: Civil,6,3.0,3.0,Sheffield,87.9,87.0420792079208,93.0,7.0,15.6,71.0,7.0,472.0,58.2989898989899
2014,Engineering: Civil,4,6.0,-2.0,Sheffield,82.6,89.2230576441103,89.0,8.0,13.7,80.0,8.0,475.0,60.7142857142857
2015,Engineering: Civil,7,4.0,3.0,Sheffield,85.4,88.4711779448621,93.0,7.0,14.9,85.0,8.0,467.0,77.5100401606425
2015,Engineering: Civil,46,,,South Wales,36.7,79.4486215538847,87.0,3.0,27.5,,1.0,,65.9362549800796
2013,Engineering: Civil,15,10.0,5.0,Southampton,79.1,73.5693069306931,77.0,6.0,18.9,87.0,7.0,469.0,47.0601460146015
2014,Engineering: Civil,16,15.0,1.0,Southampton,66.0,87.218045112782,77.0,6.0,14.4,73.0,6.0,499.0,47.4849094567404
2015,Engineering: Civil,5,16.0,-11.0,Southampton,91.1,87.719298245614,92.0,8.0,10.5,96.0,7.0,497.0,70.1999999999999
2013,Engineering: Civil,28,33.0,-5.0,Strathclyde,60.1,78.229797979798,82.0,5.0,21.4,68.0,3.0,408.0,51.4038603860386
2014,Engineering: Civil,25,28.0,-3.0,Strathclyde,56.3,78.3042394014963,92.0,6.0,18.9,68.0,3.0,454.0,59.0818363273453
2015,Engineering: Civil,20,25.0,-5.0,Strathclyde,67.3,80.5970149253731,86.0,6.0,16.6,85.0,6.0,450.0,56.6265060240963
2013,Engineering: Civil,3,6.0,-3.0,Surrey,92.4,84.7247474747475,87.1287128712871,8.0,18.6,93.0,5.0,385.0,64.612801280128
2014,Engineering: Civil,6,3.0,3.0,Surrey,77.8,81.7955112219451,93.0,9.0,16.4,86.0,6.0,398.0,63.1790744466801
2015,Engineering: Civil,4,6.0,-2.0,Surrey,93.9,91.9597989949748,91.089108910891,9.0,16.8999999999999,90.0,7.0,432.0,80.9236947791164
2013,Engineering: Civil,16,14.0,2.0,Swansea,78.6,81.4671717171717,82.1782178217822,6.0,14.9,74.0,8.0,371.0,54.6609883695793
2014,Engineering: Civil,23,16.0,7.0,Swansea,57.5,83.9598997493734,86.0,7.0,15.8,69.0,5.0,376.0,48.692152917505
2015,Engineering: Civil,24,23.0,1.0,Swansea,63.7,80.9523809523809,84.0,5.0,17.6,88.0,7.0,370.0,63.2
2013,Engineering: Civil,36,24.0,12.0,Teesside,46.6,61.8669616961696,65.3465346534653,5.0,19.5,48.0,4.0,286.0,58.7821782178218
2014,Engineering: Civil,33,36.0,-3.0,Teesside,45.8,85.785536159601,88.1188118811881,5.0,24.5,57.0,3.0,343.0,76.7535070140281
2015,Engineering: Civil,45,33.0,12.0,Teesside,36.7999999999999,69.576059850374,70.2970297029702,5.0,21.9,60.0,1.0,394.0,67.79324055666
2013,Engineering: Civil,1,8.0,-7.0,UCL,100.0,78.5645743145743,78.2178217821782,10.0,10.5,,,519.0,57.1870110115193
2014,Engineering: Civil,1,1.0,0.0,UCL,100.0,83.2080200501253,90.9090909090909,10.0,11.0,,9.0,522.0,60.4790419161677
2015,Engineering: Civil,3,1.0,2.0,UCL,94.6,77.7499999999999,86.1386138613861,10.0,10.7,,9.0,535.0,64.2
2013,Engineering: Civil,25,35.0,-10.0,Ulster,66.8,73.25,81.0,3.0,12.3,,8.0,243.0,51.3821578034092
2014,Engineering: Civil,24,25.0,-1.0,Ulster,56.9,90.7730673316708,98.0,4.0,12.0,67.0,6.0,241.0,66.7334669338677
2015,Engineering: Civil,21,24.0,-3.0,Ulster,66.5,88.3084577114427,89.8989898989898,4.0,12.7,75.0,7.0,278.0,70.1402805611222
2013,Engineering: Civil,9,,,West of Scotland,83.8,86.3292079207921,88.0,8.0,15.1,,5.0,287.0,70.3808427354363
2014,Engineering: Civil,29,9.0,20.0,West of Scotland,54.0,86.75,100.0,7.0,16.6,56.0,3.0,326.0,70.9418837675351
2015,Engineering: Civil,22,29.0,-7.0,West of Scotland,65.0,96.0,96.0,6.0,14.4,67.0,2.0,331.0,79.2415169660678
2015,Engineering: electronic and electrical,26,,,Bangor,75.3,88.2796610169491,87.3559322033898,4.0,10.9,,5.0,293.0,77.9210392773774
2015,Engineering: electronic and electrical,14,,,Bath,82.1,90.0744416873449,94.0,5.0,17.0,85.0,6.0,447.0,83.2
2015,Engineering: electronic and electrical,9,,,Birmingham,84.4,86.180904522613,88.0,8.0,15.1,96.0,5.0,405.0,78.7575150300601
2015,Engineering: electronic and electrical,54,,,Birmingham City,62.1,79.6482412060301,78.2178217821782,3.0,19.6,56.9999999999999,7.0,315.0,67.1342685370741
2015,Engineering: electronic and electrical,43,,,Bolton,65.8,81.453634085213,67.0,7.0,12.5,,4.0,303.0,54.7094188376753
2015,Engineering: electronic and electrical,52,,,Bradford,62.9,71.608040201005,83.0,3.0,12.9,,4.0,276.0,75.2515090543259
2015,Engineering: electronic and electrical,10,,,Bristol,83.6,90.25,87.8787878787878,6.0,12.1,,4.0,435.0,73.3067729083665
2015,Engineering: electronic and electrical,35,,,Brunel,71.5,82.5,86.9999999999999,5.0,14.4,79.0,4.0,341.0,70.1402805611222
2015,Engineering: electronic and electrical,23,,,Cardiff,76.7,68.8528740648378,75.5644564456445,8.0,12.7,,9.0,384.0,60.1793812375249
2015,Engineering: electronic and electrical,30,,,Central Lancashire,74.2,85.678391959799,90.0,6.0,,,6.0,338.0,70.1999999999999
2015,Engineering: electronic and electrical,22,,,City,77.2,87.468671679198,87.1287128712871,6.0,11.7,63.0,4.0,375.0,78.1124497991967
2015,Engineering: electronic and electrical,53,,,Coventry,62.5,75.6218905472636,86.0,3.0,18.0,,3.0,307.0,79.3172690763052
2015,Engineering: electronic and electrical,57,,,De Montfort,57.9,71.6791979949874,71.0,4.0,11.6,54.0,1.0,296.0,73.3466933867735
2015,Engineering: electronic and electrical,38,,,Derby,69.0,94.0,91.9191919191919,3.0,24.7,80.0,5.0,322.0,76.753507014028
2015,Engineering: electronic and electrical,56,,,East London,60.1,82.0,80.0,3.0,18.8999999999999,,1.0,,77.6
2015,Engineering: electronic and electrical,10,,,Edinburgh,83.6,79.876199253111,79.7574336633663,9.0,12.2,,8.0,461.0,54.8321967359713
2015,Engineering: electronic and electrical,32,,,Essex,73.0999999999999,75.1256281407035,94.9999999999999,3.0,7.9,,3.0,351.0,75.6972111553784
2015,Engineering: electronic and electrical,4,,,Glasgow,92.0,96.5,96.9999999999999,7.0,10.6,,7.0,480.0,71.4
2015,Engineering: electronic and electrical,41,,,Glasgow Caledonian,66.9,79.2386677281112,78.9411764705882,2.0,14.7,75.0,5.0,380.0,64.4000957525368
2015,Engineering: electronic and electrical,33,,,Greenwich,72.7,86.4567701466008,85.5247524752475,3.0,17.3,,8.0,286.0,76.0260932120651
2015,Engineering: electronic and electrical,18,,,Heriot-Watt,78.7,76.0598503740648,85.8585858585858,9.0,8.3,,2.0,421.0,73.253493013972
2015,Engineering: electronic and electrical,31,,,Hertfordshire,73.5999999999999,74.4416873449131,78.0,6.0,12.3,,8.0,319.0,67.4698795180722
2015,Engineering: electronic and electrical,45,,,Huddersfield,64.9,80.5,82.0,3.0,14.1,68.0,3.0,327.0,73.1075697211155
2015,Engineering: electronic and electrical,3,,,Imperial College,94.4,86.5336658354114,86.1386138613861,9.0,15.2,,8.0,557.0,72.9458917835671
2015,Engineering: electronic and electrical,21,,,Kent,78.2,87.3762376237623,90.09900990099,6.0,11.1,,6.0,331.0,69.2614770459081
2015,Engineering: electronic and electrical,7,,,Leeds,89.3,85.93695288947,92.5797101449275,7.0,9.3,,10.0,413.0,72.6375435639088
2015,Engineering: electronic and electrical,24,,,Liverpool,76.5999999999999,88.6649874055415,94.0,7.0,20.1,,6.0,381.0,80.6387225548902
2015,Engineering: electronic and electrical,51,,,Liverpool John Moores,63.6,72.1804511278195,68.3168316831683,7.0,9.8,59.0,3.0,332.0,61.1999999999999
2015,Engineering: electronic and electrical,48,,,London Met,64.4,89.0547263681592,86.1386138613861,2.0,17.8999999999999,,2.0,,79.441117764471
2015,Engineering: electronic and electrical,50,,,London South Bank,64.0999999999999,80.3181709074871,88.8069888069888,2.0,16.3,,7.0,238.0,69.6326908581888
2015,Engineering: electronic and electrical,20,,,Loughborough,78.3,83.7974683544303,88.8888888888888,7.0,13.9,88.0,5.0,365.0,67.2032193158953
2015,Engineering: electronic and electrical,5,,,Manchester,90.1,92.25,94.9999999999999,8.0,12.7,83.0,6.0,432.0,85.0
2015,Engineering: electronic and electrical,13,,,Manchester Met,82.7,96.5,94.059405940594,4.0,13.1,,7.0,314.0,87.0517928286852
2015,Engineering: electronic and electrical,29,,,Newcastle,74.9,81.6120906801007,86.1386138613861,8.0,19.3,,6.0,407.0,64.7294589178356
2015,Engineering: electronic and electrical,49,,,Northumbria,64.3,81.2030075187969,76.7676767676767,3.0,19.7,64.0,5.0,360.0,73.9999999999999
2015,Engineering: electronic and electrical,15,,,Nottingham,81.5,74.1854636591478,77.9999999999999,10.0,13.7,,7.0,402.0,61.2121212121212
2015,Engineering: electronic and electrical,36,,,Oxford Brookes,70.0,70.75,69.0,4.0,,,10.0,333.0,49.1017964071856
2015,Engineering: electronic and electrical,60,,,Plymouth,54.1,70.9999999999999,50.0,4.0,19.8,,5.0,281.0,50.1992031872509
2015,Engineering: electronic and electrical,55,,,Portsmouth,61.7,80.0,81.3725490196078,3.0,22.0,86.0,5.0,301.0,64.6825396825396
2015,Engineering: electronic and electrical,25,,,Queen Mary,75.4,74.4360902255638,80.0,10.0,6.6,61.0,3.0,375.0,61.6465863453815
2015,Engineering: electronic and electrical,26,,,"Queen's, Belfast",75.3,84.3283582089552,86.0,4.0,13.0,,7.0,396.0,65.0698602794411
2015,Engineering: electronic and electrical,28,,,Reading,75.2,85.4271356783919,85.9999999999999,5.0,12.5,86.0,5.0,368.0,62.374245472837
2015,Engineering: electronic and electrical,16,,,Robert Gordon,81.2,83.291770573566,82.1782178217821,4.0,19.2,97.0,8.0,401.0,76.4
2015,Engineering: electronic and electrical,58,,,Salford,54.9,80.5236721381783,65.1273405798926,4.0,27.0,55.0,6.0,321.0,65.546244132247
2015,Engineering: electronic and electrical,19,,,Sheffield,78.5,85.929648241206,91.9191919191919,8.0,15.5,,3.0,396.0,79.0419161676646
2015,Engineering: electronic and electrical,34,,,Sheffield Hallam,72.0,85.0374064837905,85.1485148514851,4.0,13.5,84.0,7.0,298.0,65.1999999999999
2015,Engineering: electronic and electrical,61,,,South Wales,49.1,61.7659235668789,51.0382165605095,3.0,21.1,50.0,5.0,333.0,53.51870304299
2015,Engineering: electronic and electrical,2,,,Southampton,94.6,83.5820895522387,86.1386138613861,10.0,7.7,93.0,7.0,499.0,62.9999999999999
2015,Engineering: electronic and electrical,62,,,Southampton Solent,36.4,55.1122194513715,43.5643564356435,4.0,22.2,,1.0,235.0,52.6104417670682
2015,Engineering: electronic and electrical,42,,,Staffordshire,66.0999999999999,89.5,85.0,3.0,15.5,,,285.0,66.067864271457
2015,Engineering: electronic and electrical,8,,,Strathclyde,85.2,85.0,86.1386138613861,7.0,14.3,93.0,5.0,493.0,74.6478873239436
2015,Engineering: electronic and electrical,1,,,Surrey,100.0,92.0,91.9191919191919,10.0,9.6,,9.0,490.0,73.5470941883767
2015,Engineering: electronic and electrical,39,,,Sussex,67.3,67.4185463659147,82.9999999999999,6.0,14.4,,8.0,,58.6826347305389
2015,Engineering: electronic and electrical,39,,,Swansea,67.3,77.5,84.1584158415841,4.0,17.6,,6.0,327.0,63.0522088353413
2015,Engineering: electronic and electrical,46,,,Teesside,64.5999999999999,87.25,84.0,5.0,22.6,52.0,3.0,323.0,83.1663326653306
2015,Engineering: electronic and electrical,6,,,UCL,89.8,78.8557213930348,80.1980198019802,10.0,14.2,,8.0,526.0,69.3999999999999
2015,Engineering: electronic and electrical,37,,,Ulster,69.9,75.0,69.3069306930693,4.0,9.69999999999999,,,280.0,73.3067729083665
2015,Engineering: electronic and electrical,44,,,UWE Bristol,65.0,78.8029925187032,66.6666666666666,3.0,16.8,,10.0,334.0,48.1927710843373
2015,Engineering: electronic and electrical,46,,,Westminster,64.5999999999999,82.7499999999999,88.9999999999999,3.0,15.9,,2.0,299.0,75.8483033932135
2015,Engineering: electronic and electrical,17,,,York,80.2,85.7594786520102,87.0,5.0,16.5,79.0,8.0,412.0,73.5679818868331
2015,Engineering: electronic and electrical,58,,,Anglia Ruskin,54.9,74.3073047858942,66.6666666666666,5.0,21.6,,4.0,200.0,67.3387096774193
2014,Engineering: electronic and electrical,43,,,Anglia Ruskin,53.6,91.9799498746867,79.0,4.0,18.7,,,182.0,82.2
2015,Engineering: electronic and electrical,10,,,Aston,83.6,82.75,76.7676767676767,6.0,8.6,,9.0,338.0,64.6
2013,Engineering: electronic and electrical,10,7.0,3.0,Aston,76.9,85.2900049781514,90.0,6.0,10.7,,10.0,338.0,56.8276820296116
2014,Engineering: electronic and electrical,5,10.0,-5.0,Aston,84.9,82.4120603015075,80.0,7.0,8.0,,10.0,320.0,64.2
2013,Engineering: electronic and electrical,30,49.0,-19.0,Bangor,55.3,92.5373134328358,93.0,4.0,14.8,,,239.0,69.4610778443114
2014,Engineering: electronic and electrical,19,30.0,-11.0,Bangor,71.1,96.9754098360656,95.0163934426229,4.0,14.8,,,273.0,87.5970301258254
2013,Engineering: electronic and electrical,20,24.0,-4.0,Bath,65.2,86.6843434343434,95.0,4.0,15.6,,,397.0,79.9434343434344
2014,Engineering: electronic and electrical,21,20.0,1.0,Bath,71.0,90.25,91.0,4.0,18.3,76.0,4.0,414.0,80.7615230460922
2013,Engineering: electronic and electrical,17,32.0,-15.0,Birmingham,67.3,87.8168316831683,94.0,8.0,16.1,77.0,4.0,323.0,75.1630363036304
2014,Engineering: electronic and electrical,27,17.0,10.0,Birmingham,64.3,86.5336658354115,91.0,8.0,14.8,60.0,2.0,408.0,75.8
2013,Engineering: electronic and electrical,57,46.0,11.0,Birmingham City,31.2,78.1300343405606,74.0,3.0,21.0,46.0,6.0,247.0,68.4582389979612
2014,Engineering: electronic and electrical,41,57.0,-16.0,Birmingham City,54.6,86.5,87.0,3.0,19.1,57.0,6.0,318.0,75.0499001996008
2013,Engineering: electronic and electrical,62,41.0,21.0,Bolton,27.5,70.8636363636364,69.6969696969697,4.0,8.5,34.0,6.0,229.0,30.9635324643576
2014,Engineering: electronic and electrical,45,62.0,-17.0,Bolton,52.0,76.25,68.0,7.0,7.2,,3.0,245.0,52.8942115768463
2013,Engineering: electronic and electrical,46,38.0,8.0,Bradford,40.2,77.8861386138614,85.8585858585858,3.0,12.1,,4.0,259.0,62.3391089108911
2014,Engineering: electronic and electrical,48,46.0,2.0,Bradford,51.4,74.8129675810474,81.0,3.0,12.0,,3.0,300.0,60.9561752988048
2013,Engineering: electronic and electrical,4,15.0,-11.0,Bristol,83.5,95.2171717171717,94.0,5.0,12.1,88.0,6.0,461.0,65.0
2014,Engineering: electronic and electrical,10,4.0,6.0,Bristol,80.3,89.5,96.0,4.0,11.3,,8.0,446.0,65.0698602794411
2013,Engineering: electronic and electrical,26,27.0,-1.0,Brunel,59.2,80.3970292194582,85.2103004291845,6.0,12.0,51.0,5.0,338.0,70.6565102854553
2014,Engineering: electronic and electrical,14,26.0,-12.0,Brunel,75.5,89.3034825870647,92.0,6.0,12.0,66.0,6.0,351.0,82.7655310621242
2013,Engineering: electronic and electrical,15,34.0,-19.0,Cardiff,72.2,79.6524402440244,87.0212765957447,7.0,14.5,76.0,8.0,402.0,69.6046421663443
2014,Engineering: electronic and electrical,17,15.0,2.0,Cardiff,73.0,81.5162237621128,90.9523809523809,6.0,12.7,72.0,6.0,407.0,70.5936698032506
2013,Engineering: electronic and electrical,18,43.0,-25.0,City,66.9,79.7945544554456,86.0,5.0,13.0,60.0,9.0,318.0,79.2792079207921
2014,Engineering: electronic and electrical,37,18.0,19.0,City,57.5,64.572864321608,57.5757575757576,6.0,12.3,63.0,6.0,366.0,70.8249496981891
2013,Engineering: electronic and electrical,38,30.0,8.0,Coventry,44.2,73.728697869787,77.0,3.0,12.3,,7.0,249.0,69.2831683168317
2014,Engineering: electronic and electrical,40,38.0,2.0,Coventry,55.9,76.6749379652606,78.0,3.0,17.7,,9.0,250.0,72.2222222222222
2013,Engineering: electronic and electrical,45,53.0,-8.0,De Montfort,41.2,81.9027176527176,80.011544011544,4.0,11.8,47.0,4.0,294.0,63.3095935383678
2014,Engineering: electronic and electrical,51,45.0,6.0,De Montfort,47.6,72.7366366691966,67.695652173913,3.0,12.6,58.0,5.0,300.0,55.3099168918415
2013,Engineering: electronic and electrical,39,47.0,-8.0,Derby,44.1,93.0206151049888,92.0,3.0,22.5,48.0,2.0,294.0,85.4
2014,Engineering: electronic and electrical,57,39.0,18.0,Derby,43.5,81.6582914572864,76.7676767676768,3.0,26.9,61.0,5.0,292.0,71.285140562249
2013,Engineering: electronic and electrical,44,44.0,0.0,East London,41.6,88.0015251525152,94.1176470588235,4.0,15.3,,2.0,203.0,75.1948927566024
2014,Engineering: electronic and electrical,47,44.0,3.0,East London,51.6,84.5386533665835,92.0792079207921,4.0,13.3,,2.0,,70.2
2013,Engineering: electronic and electrical,3,9.0,-6.0,Edinburgh,90.8,89.7272727272727,90.9090909090909,9.0,11.0,,,479.0,67.3090909090909
2014,Engineering: electronic and electrical,12,3.0,9.0,Edinburgh,77.2,80.106815711846,93.7196460176991,10.0,12.7,,,463.0,58.5732115784649
2013,Engineering: electronic and electrical,13,4.0,9.0,Essex,75.5,82.1641414141414,87.0,5.0,6.1,,7.0,346.0,69.8
2014,Engineering: electronic and electrical,19,13.0,6.0,Essex,71.1,80.5,88.0,3.0,8.3,,6.0,358.0,76.056338028169
2013,Engineering: electronic and electrical,48,60.0,-12.0,Glamorgan,40.0,80.8210742301496,77.0728454461045,3.0,15.7,40.0,8.0,299.0,66.6225600969511
2013,Engineering: electronic and electrical,5,11.0,-6.0,Glasgow,82.4,84.9444444444444,92.0,9.0,9.6,,6.0,448.0,61.3227722772277
2014,Engineering: electronic and electrical,6,5.0,1.0,Glasgow,84.3,86.25,92.0,10.0,12.7,,7.0,441.0,63.2
2013,Engineering: electronic and electrical,55,52.0,3.0,Glasgow Caledonian,31.9,66.7900155400155,63.8344988344988,4.0,9.8,39.0,3.0,347.0,48.0418050458892
2014,Engineering: electronic and electrical,60,55.0,5.0,Glasgow Caledonian,38.7,70.6632183000342,64.8670438472419,2.0,15.9,53.0,3.0,365.0,49.3134566552947
2014,Engineering: electronic and electrical,62,,,Glyndwr,31.6,72.7368554850791,59.7323903818953,3.0,26.3,,,228.0,57.9273976524478
2013,Engineering: electronic and electrical,37,49.0,-12.0,Greenwich,45.5,85.6738650609247,82.5656565656566,4.0,20.9,,,281.0,76.3391154911188
2014,Engineering: electronic and electrical,34,37.0,-3.0,Greenwich,60.5,86.0150241000923,85.5714285714286,4.0,15.4,,,250.0,76.6222141293476
2013,Engineering: electronic and electrical,28,31.0,-3.0,Heriot-Watt,58.2,89.009900990099,84.0,8.0,12.8,,2.0,373.0,61.2613861386139
2014,Engineering: electronic and electrical,26,28.0,-2.0,Heriot-Watt,66.6,80.75,82.1782178217822,8.0,10.0,,2.0,366.0,73.74749498998
2013,Engineering: electronic and electrical,35,29.0,6.0,Hertfordshire,47.4,75.8366336633664,82.0,3.0,17.9,,9.0,266.0,74.7485148514852
2014,Engineering: electronic and electrical,56,35.0,21.0,Hertfordshire,43.6,63.0922693266833,64.0,4.0,14.9,,6.0,300.0,57.7689243027888
2013,Engineering: electronic and electrical,22,39.0,-17.0,Huddersfield,63.5,90.7772277227723,92.0,4.0,13.5,65.0,8.0,321.0,74.5300530053005
2014,Engineering: electronic and electrical,36,22.0,14.0,Huddersfield,58.1,82.0,87.0,4.0,15.2,67.0,5.0,335.0,68.1188118811881
2013,Engineering: electronic and electrical,6,13.0,-7.0,Imperial College,81.5,84.25,88.0,9.0,16.0,,6.0,534.0,61.9009900990099
2014,Engineering: electronic and electrical,3,6.0,-3.0,Imperial College,95.7,89.2768079800499,95.0,9.0,16.1,83.0,8.0,551.0,80.0
2013,Engineering: electronic and electrical,24,12.0,12.0,Kent,61.7,90.5445544554455,94.0594059405941,5.0,12.6,,5.0,270.0,71.4
2014,Engineering: electronic and electrical,7,24.0,-17.0,Kent,82.9,92.25,100.0,6.0,13.2,,8.0,337.0,84.5381526104418
2013,Engineering: electronic and electrical,31,17.0,14.0,Lancaster,52.6,68.5223522352235,80.0,6.0,15.3,,,379.0,61.1450345034503
2014,Engineering: electronic and electrical,24,31.0,-7.0,Lancaster,67.5,72.3192019950125,81.1881188118812,7.0,17.3,,,451.0,63.0
2013,Engineering: electronic and electrical,21,10.0,11.0,Leeds,64.2,81.8026482335734,86.069953870387,6.0,13.9,,8.0,343.0,66.8539285899744
2014,Engineering: electronic and electrical,11,21.0,-10.0,Leeds,80.0,89.0267739240574,86.0,7.0,12.7,,9.0,389.0,70.4101138985201
2013,Engineering: electronic and electrical,25,28.0,-3.0,Liverpool,59.8,85.2790529052905,92.0,6.0,18.2,,7.0,350.0,69.7925850724607
2014,Engineering: electronic and electrical,25,25.0,0.0,Liverpool,66.9,87.5621890547264,92.9292929292929,6.0,18.2,,5.0,337.0,85.1703406813627
2013,Engineering: electronic and electrical,59,51.0,8.0,Liverpool John Moores,30.7,65.5975097509751,56.5656565656566,3.0,15.4,46.0,7.0,246.0,61.6282828282828
2014,Engineering: electronic and electrical,55,59.0,-4.0,Liverpool John Moores,44.1,69.8254364089776,68.0,4.0,13.0,51.0,5.0,305.0,62.2489959839357
2013,Engineering: electronic and electrical,52,45.0,7.0,London Met,37.3,82.75,73.2673267326732,2.0,20.8,,8.0,163.0,72.8
2014,Engineering: electronic and electrical,48,52.0,-4.0,London Met,51.4,78.5,78.0,2.0,12.8,,7.0,203.0,66.7330677290837
2013,Engineering: electronic and electrical,43,62.0,-19.0,London South Bank,42.7,84.5025125628141,88.0,2.0,16.9,,4.0,245.0,76.0
2014,Engineering: electronic and electrical,59,43.0,16.0,London South Bank,40.2,76.865671641791,80.1980198019802,2.0,20.5,,3.0,263.0,71.1155378486056
2013,Engineering: electronic and electrical,11,14.0,-3.0,Loughborough,76.3,88.5643564356436,96.0,7.0,13.3,89.0,4.0,362.0,74.1163516351635
2014,Engineering: electronic and electrical,16,11.0,5.0,Loughborough,73.1,88.4711779448622,91.9191919191919,7.0,14.2,82.0,4.0,363.0,74.4979919678715
2013,Engineering: electronic and electrical,2,2.0,0.0,Manchester,99.9,94.4772727272728,96.0,9.0,12.9,79.0,8.0,352.0,90.8195219521952
2014,Engineering: electronic and electrical,4,2.0,2.0,Manchester,92.8,97.0,96.0,9.0,12.9,85.0,3.0,378.0,91.1468812877264
2013,Engineering: electronic and electrical,54,57.0,-3.0,Manchester Met,33.6,73.5476684628923,75.4773916882134,3.0,16.3,50.0,4.0,267.0,66.983086056826
2014,Engineering: electronic and electrical,54,54.0,0.0,Manchester Met,45.8,71.0458126732185,73.0,3.0,14.1,59.0,4.0,309.0,61.1446856343919
2013,Engineering: electronic and electrical,34,18.0,16.0,Newcastle,48.3,84.1540404040404,86.8686868686869,7.0,14.9,,1.0,339.0,66.2767676767677
2014,Engineering: electronic and electrical,39,34.0,5.0,Newcastle,56.0,81.75,76.2376237623762,7.0,17.3,,4.0,387.0,52.0874751491054
2013,Engineering: electronic and electrical,40,55.0,-15.0,Northumbria,43.0,76.6089108910891,74.0,4.0,18.3,73.0,6.0,272.0,61.8752577715728
2014,Engineering: electronic and electrical,51,40.0,11.0,Northumbria,47.6,79.5511221945137,73.0,3.0,17.8,60.0,5.0,253.0,73.2
2013,Engineering: electronic and electrical,19,20.0,-1.0,Nottingham,66.3,79.4318181818182,87.1287128712871,8.0,12.9,,4.0,373.0,57.8354512870642
2014,Engineering: electronic and electrical,9,19.0,-10.0,Nottingham,81.0,82.3383084577114,93.0,10.0,10.8,85.0,4.0,381.0,62.4497991967871
2013,Engineering: electronic and electrical,29,35.0,-6.0,Oxford Brookes,57.3,78.1645128271479,60.644072301967,5.0,8.9,,,319.0,51.2548161861856
2014,Engineering: electronic and electrical,38,29.0,9.0,Oxford Brookes,56.5,68.0,72.0,3.0,10.6,58.0,9.0,324.0,55.2
2013,Engineering: electronic and electrical,16,16.0,0.0,Plymouth,67.8,94.5,93.0,8.0,15.6,,5.0,268.0,75.5467196819085
2014,Engineering: electronic and electrical,33,16.0,17.0,Plymouth,61.8,91.7293233082707,93.9393939393939,6.0,18.9,69.0,4.0,305.0,74.6478873239436
2013,Engineering: electronic and electrical,40,42.0,-2.0,Portsmouth,43.0,81.1287128712872,82.0,4.0,19.5,77.0,,246.0,57.4372837283728
2014,Engineering: electronic and electrical,35,40.0,-5.0,Portsmouth,58.7,81.2967581047382,87.0,3.0,19.9,80.0,8.0,296.0,65.4690618762475
2013,Engineering: electronic and electrical,50,36.0,14.0,Queen Mary,39.2,66.4791479147915,77.0,8.0,13.9,51.0,2.0,318.0,62.6884591584158
2014,Engineering: electronic and electrical,29,50.0,-21.0,Queen Mary,64.2,75.6218905472637,73.2673267326733,9.0,10.7,55.0,4.0,357.0,61.8
2013,Engineering: electronic and electrical,33,22.0,11.0,"Queen's, Belfast",49.7,65.9207920792079,67.3267326732673,7.0,12.2,,3.0,383.0,50.7722772277228
2014,Engineering: electronic and electrical,23,33.0,-10.0,"Queen's, Belfast",67.6,71.6791979949875,69.0,8.0,13.3,84.0,7.0,374.0,49.1935483870968
2013,Engineering: electronic and electrical,36,26.0,10.0,Reading,46.0,83.3688118811881,82.8282828282828,4.0,18.9,74.0,4.0,322.0,56.2525052505251
2014,Engineering: electronic and electrical,27,36.0,-9.0,Reading,64.3,85.785536159601,90.0990099009901,4.0,14.2,79.0,5.0,348.0,65.0
2013,Engineering: electronic and electrical,51,21.0,30.0,Robert Gordon,39.0,75.8143564356436,79.0,3.0,14.9,82.0,1.0,303.0,64.1089108910891
2014,Engineering: electronic and electrical,30,51.0,-21.0,Robert Gordon,63.7,85.6423173803527,91.0,5.0,20.6,87.0,2.0,390.0,73.0923694779116
2013,Engineering: electronic and electrical,46,54.0,-8.0,Salford,40.2,83.2704070407041,76.2666666666667,5.0,11.1,53.0,4.0,255.0,54.0122332233223
2014,Engineering: electronic and electrical,44,46.0,-2.0,Salford,52.5,76.4036393713813,61.9333333333333,4.0,,59.0,6.0,310.0,57.647121756487
2013,Engineering: electronic and electrical,7,5.0,2.0,Sheffield,79.8,82.5693069306931,84.0,7.0,14.3,84.0,7.0,411.0,77.10872466557
2014,Engineering: electronic and electrical,8,7.0,1.0,Sheffield,81.3,82.4561403508772,95.959595959596,7.0,15.1,,9.0,384.0,76.4587525150905
2013,Engineering: electronic and electrical,49,56.0,-7.0,Sheffield Hallam,39.9,78.6039603960396,73.0,3.0,16.2,65.0,5.0,243.0,72.2891089108911
2014,Engineering: electronic and electrical,45,49.0,-4.0,Sheffield Hallam,52.0,79.5,82.8282828282828,3.0,18.0,,3.0,265.0,77.4193548387097
2013,Engineering: electronic and electrical,1,1.0,0.0,Southampton,100.0,84.2846534653465,86.0,10.0,9.4,95.0,5.0,488.0,65.2596357850071
2014,Engineering: electronic and electrical,1,1.0,0.0,Southampton,100.0,90.0,94.0,10.0,10.0,85.0,8.0,498.0,67.4698795180723
2013,Engineering: electronic and electrical,61,61.0,0.0,Southampton Solent,29.3,81.9078160243209,79.0,3.0,24.2,,,242.0,73.5040504050405
2014,Engineering: electronic and electrical,61,61.0,0.0,Southampton Solent,33.4,79.5,83.8383838383838,3.0,22.1,,1.0,229.0,64.8702594810379
2013,Engineering: electronic and electrical,56,35.0,21.0,Staffordshire,31.4,80.952380952381,74.0,5.0,21.1,,,247.0,60.878243512974
2014,Engineering: electronic and electrical,58,56.0,2.0,Staffordshire,42.9,76.6917293233083,67.0,4.0,17.9,,,231.0,58.1673306772908
2013,Engineering: electronic and electrical,14,19.0,-5.0,Strathclyde,73.4,81.75,94.0,6.0,13.2,81.0,2.0,452.0,74.4968947520621
2014,Engineering: electronic and electrical,13,14.0,-1.0,Strathclyde,75.6,82.5,92.0,7.0,13.1,72.0,6.0,467.0,63.6
2013,Engineering: electronic and electrical,8,3.0,5.0,Surrey,79.2,75.0,78.2178217821782,9.0,10.8,,9.0,398.0,57.8186818681868
2014,Engineering: electronic and electrical,2,8.0,-6.0,Surrey,98.7,87.9396984924623,93.0,10.0,10.6,78.0,8.0,473.0,78.9579158316633
2013,Engineering: electronic and electrical,32,23.0,9.0,Sussex,50.5,88.0,92.0,4.0,20.0,,,300.0,75.2
2013,Engineering: electronic and electrical,53,37.0,16.0,Swansea,33.8,66.8057553956834,74.0,4.0,14.9,,3.0,338.0,45.5326732673267
2014,Engineering: electronic and electrical,50,53.0,-3.0,Swansea,51.2,80.5,79.7979797979798,5.0,15.8,,2.0,344.0,54.2168674698795
2013,Engineering: electronic and electrical,58,58.0,0.0,Teesside,31.1,75.7871287128713,84.0,6.0,23.4,44.0,3.0,279.0,73.5236686390533
2014,Engineering: electronic and electrical,53,58.0,-5.0,Teesside,46.3,83.7092731829574,82.0,5.0,23.2,40.0,5.0,321.0,77.6
2013,Engineering: electronic and electrical,23,25.0,-2.0,The Liverpool Institute for Performing Arts,62.3,97.2323232323232,96.0396039603961,2.0,17.2,,5.0,336.0,83.3936193619362
2014,Engineering: electronic and electrical,22,23.0,-1.0,The Liverpool Institute for Performing Arts,68.7,92.2305764411027,96.0,2.0,17.7,,7.0,342.0,82.7655310621243
2013,Engineering: electronic and electrical,9,5.0,4.0,UCL,77.9,80.0334455667789,78.7878787878788,9.0,13.3,,8.0,444.0,65.5313131313131
2014,Engineering: electronic and electrical,14,9.0,5.0,UCL,75.5,72.5,83.0,9.0,15.5,,8.0,465.0,60.8
2013,Engineering: electronic and electrical,40,48.0,-8.0,Ulster,43.0,69.75,76.7676767676768,3.0,6.8,,,237.0,53.8
2014,Engineering: electronic and electrical,32,40.0,-8.0,Ulster,63.3,84.5386533665835,87.0,4.0,7.1,,,248.0,63.6546184738956
2013,Engineering: electronic and electrical,27,40.0,-13.0,UWE Bristol,59.0,90.1944444444444,85.8585858585858,4.0,22.0,70.0,10.0,306.0,61.9645521480408
2014,Engineering: electronic and electrical,31,27.0,4.0,UWE Bristol,63.4,90.5,86.1386138613861,3.0,22.0,,10.0,299.0,60.9218436873748
2013,Engineering: electronic and electrical,60,59.0,1.0,Westminster,29.7,77.0,73.2673267326733,2.0,18.7,,,263.0,64.9545917894542
2014,Engineering: electronic and electrical,41,60.0,-19.0,Westminster,54.6,80.75,78.0,3.0,17.9,,3.0,283.0,79.4
2013,Engineering: electronic and electrical,11,8.0,3.0,York,76.3,92.7649603047671,94.0,5.0,15.5,80.0,5.0,395.0,87.6034403440344
2014,Engineering: electronic and electrical,18,11.0,7.0,York,71.4,88.5635419356393,87.0,6.0,15.3,77.0,4.0,391.0,73.9356964337282
2013,Engineering: general,18,16.0,2.0,Aberdeen,58.9,69.9199395696622,69.6203924634192,4.0,18.0,77.0,6.0,381.0,49.0478746436074
2014,Engineering: general,14,18.0,-4.0,Aberdeen,56.5,78.0336016515914,82.8557597659482,4.0,20.7,82.0,5.0,414.0,58.1772028876331
2015,Engineering: general,11,14.0,-3.0,Aberdeen,56.8,79.2186805775595,79.9199480059841,4.0,20.0,89.0,6.0,431.0,51.7557659145827
2013,Engineering: general,9,11.0,-2.0,Birmingham,67.4,67.5684460898458,67.7103503708304,8.0,18.4,,5.0,451.0,54.9496746704394
2013,Engineering: general,20,23.0,-3.0,Birmingham City,55.6,78.9924242424242,66.3366336633663,4.0,18.8,,4.0,240.0,60.6
2014,Engineering: general,20,20.0,0.0,Birmingham City,49.8,83.7905236907731,76.2376237623763,3.0,20.1,,4.0,293.0,65.9362549800797
2013,Engineering: general,3,14.0,-11.0,Bournemouth,92.1,,,8.0,12.1,100.0,10.0,300.0,
2014,Engineering: general,21,3.0,18.0,Bournemouth,49.0,72.2222222222222,61.6161616161616,6.0,22.4,80.0,7.0,280.0,62.1730382293762
2015,Engineering: general,18,21.0,-3.0,Bournemouth,46.8,78.25,75.0,4.0,21.0,,,304.0,66.4682539682539
2013,Engineering: general,21,10.0,11.0,Bradford,54.7,70.9273182957394,77.7777777777778,7.0,17.6,,,161.0,49.1017964071856
2014,Engineering: general,17,21.0,-4.0,Bradford,54.2,78.8029925187032,77.7777777777778,7.0,18.0,,,239.0,57.7154308617234
2013,Engineering: general,19,21.0,-2.0,Brighton,57.4,76.7436318631863,83.0939393939394,3.0,18.4,,4.0,304.0,59.7026422642264
2014,Engineering: general,25,19.0,6.0,Brighton,37.9,72.8630967967182,73.2280701754386,3.0,19.5,,3.0,298.0,60.1218615400777
2015,Engineering: general,20,25.0,-5.0,Brighton,37.1,71.1848462443708,69.2837465564738,2.0,22.0,65.0,4.0,321.0,62.8976095617529
2013,Engineering: general,1,1.0,0.0,Cambridge,100.0,85.9691429868062,89.0,10.0,11.8,93.0,4.0,613.0,71.00744260192
2014,Engineering: general,1,1.0,0.0,Cambridge,100.0,85.75,88.8888888888889,10.0,12.9,89.0,7.0,631.0,71.2
2015,Engineering: general,1,1.0,0.0,Cambridge,100.0,86.25,90.9090909090909,9.0,12.8,96.0,7.0,647.0,61.1222444889779
2013,Engineering: general,10,17.0,-7.0,Central Lancashire,66.8,89.8263027295285,87.0,5.0,15.8,,,326.0,67.6706827309237
2014,Engineering: general,23,10.0,13.0,Central Lancashire,47.5,78.894472361809,85.0,5.0,17.3,,1.0,271.0,71.6
2015,Engineering: general,15,23.0,-8.0,Central Lancashire,52.9,83.5,85.1485148514851,5.0,,46.0,3.0,312.0,82.7999999999999
2013,Engineering: general,12,14.0,-2.0,De Montfort,61.6,70.4785478547855,67.0,4.0,11.8,,,190.0,62.7060906090609
2014,Engineering: general,22,12.0,10.0,De Montfort,48.9,66.5835411471322,70.0,3.0,12.6,,,183.0,59.0818363273453
2013,Engineering: general,15,15.0,0.0,Durham,60.1,74.7121212121212,81.0,4.0,12.9,,1.0,522.0,53.590099009901
2014,Engineering: general,4,15.0,-11.0,Durham,80.1,89.25,91.0,4.0,13.6,86.0,4.0,542.0,76.4471057884232
2015,Engineering: general,8,4.0,4.0,Durham,77.5999999999999,84.0796019900497,84.1584158415841,4.0,13.9,89.0,4.0,569.0,71.5705765407554
2013,Engineering: general,11,11.0,0.0,Edinburgh Napier,63.6,81.2970297029703,82.0,3.0,13.3,69.0,8.0,294.0,55.2257425742574
2014,Engineering: general,18,11.0,7.0,Edinburgh Napier,52.1,81.453634085213,84.0,3.0,16.1,,6.0,327.0,51.6
2015,Engineering: general,7,18.0,-11.0,Edinburgh Napier,77.7,90.5707196029776,90.9090909090908,3.0,5.5,85.0,7.0,339.0,72.5450901803607
2013,Engineering: general,5,5.0,0.0,Exeter,84.2,87.5618811881188,92.0792079207921,7.0,11.7,67.0,8.0,439.0,69.9287128712871
2014,Engineering: general,5,5.0,0.0,Exeter,74.5,88.9447236180905,93.0,7.0,12.2,75.0,6.0,437.0,62.3246492985972
2015,Engineering: general,5,5.0,0.0,Exeter,83.0,91.1442786069651,90.0,7.0,13.2,90.0,6.0,432.0,64.5857095333143
2013,Engineering: general,24,22.0,2.0,Glasgow Caledonian,43.2,75.0540554055406,66.3366336633664,3.0,19.6,,4.0,290.0,45.7009900990099
2014,Engineering: general,16,24.0,-8.0,Glasgow Caledonian,55.1,81.2967581047382,83.1683168316832,7.0,17.6,66.0,6.0,303.0,56.686626746507
2015,Engineering: general,19,16.0,3.0,Glasgow Caledonian,42.2,76.4999999999999,72.2772277227722,4.0,19.3,,6.0,316.0,53.8152610441767
2013,Engineering: general,26,,,Glyndwr,32.3,,,3.0,34.4,46.0,5.0,227.0,
2014,Engineering: general,27,26.0,1.0,Glyndwr,29.9,72.636815920398,64.3564356435644,3.0,26.3,,,251.0,56.1122244488978
2013,Engineering: general,14,19.0,-5.0,Greenwich,60.5,83.98845830529,74.6560196560196,4.0,23.8,54.0,,251.0,73.0482938115548
2014,Engineering: general,15,14.0,1.0,Greenwich,55.4,89.2584866635971,92.4661016949152,4.0,21.1,47.0,8.0,275.0,74.5260462126594
2015,Engineering: general,16,15.0,1.0,Greenwich,47.7,83.2025900382364,86.0487804878048,3.0,18.2,56.0,4.0,309.0,69.156342745526
2013,Engineering: general,16,9.0,7.0,Hull,59.9,83.3694132344269,78.2586206896552,5.0,19.0,,2.0,308.0,67.2252206317433
2014,Engineering: general,12,16.0,-4.0,Hull,57.7,84.8532197841028,83.6701030927835,7.0,20.7,82.0,3.0,321.0,73.0177594795896
2015,Engineering: general,10,12.0,-2.0,Hull,60.1,91.9230743880307,90.9363909363909,5.0,20.1,52.0,6.0,320.0,79.4755513454308
2013,Engineering: general,2,3.0,-1.0,Imperial College,94.3,91.2171717171717,90.9090909090909,9.0,12.1,,7.0,503.0,72.7961964513283
2014,Engineering: general,3,2.0,1.0,Imperial College,92.8,89.9244332493703,94.0,9.0,14.3,,4.0,549.0,79.8403193612774
2015,Engineering: general,4,3.0,1.0,Imperial College,86.8,85.0,90.0,8.0,14.4,74.0,7.0,575.0,68.4630738522954
2015,Engineering: general,3,6.0,-3.0,Leeds,89.3,92.964824120603,91.0,7.0,14.8,,7.0,439.0,82.0
2013,Engineering: general,7,7.0,0.0,Leicester,73.5,80.55,79.9333333333333,7.0,13.8,68.0,8.0,352.0,60.9068804275217
2014,Engineering: general,7,7.0,0.0,Leicester,66.9,73.5774240868417,84.5327897495632,7.0,12.1,80.0,4.0,367.0,64.7752060014099
2015,Engineering: general,14,7.0,7.0,Leicester,53.1,70.7466674495379,78.5215517241379,6.0,13.7,73.0,4.0,368.0,53.230232127825
2013,Engineering: general,13,20.0,-7.0,Liverpool John Moores,61.2,78.9698855190178,77.0,3.0,18.3,,,279.0,72.5845272206304
2014,Engineering: general,13,13.0,0.0,Liverpool John Moores,56.9,75.3731343283582,66.3366336633663,5.0,10.3,,8.0,279.0,53.8922155688623
2015,Engineering: general,13,13.0,0.0,Liverpool John Moores,54.5,81.0,71.2871287128712,2.0,12.3,,,354.0,59.3561368209255
2013,Engineering: general,24,21.0,3.0,London South Bank,43.2,66.4282178217822,51.0,2.0,23.2,,,223.0,54.2634263426343
2014,Engineering: general,24,24.0,0.0,London South Bank,41.1,64.070351758794,69.0,2.0,,,8.0,169.0,61.5230460921844
2013,Engineering: general,8,8.0,0.0,Loughborough,70.4,86.4785903206965,79.7571744577199,4.0,16.9,74.0,6.0,366.0,66.823362074933
2014,Engineering: general,8,8.0,0.0,Loughborough,61.5,89.5522388059702,93.9393939393939,4.0,15.7,,3.0,339.0,69.2614770459082
2015,Engineering: general,12,8.0,4.0,Loughborough,55.6,85.0746268656716,87.0,4.0,13.9,80.0,2.0,329.0,64.2714570858283
2014,Engineering: general,11,,,Northampton,59.0,73.134328358209,67.0,3.0,21.9,,10.0,,57.9681274900398
2015,Engineering: general,9,11.0,-2.0,Northampton,69.3,70.6467661691542,57.8431372549019,4.0,14.5,81.0,10.0,,58.5999999999999
2014,Engineering: general,9,,,Nottingham,60.0,89.2230576441103,94.0,3.0,22.6,,,459.0,65.2
2013,Engineering: general,4,2.0,2.0,Oxford,88.1,,,10.0,10.8,65.0,4.0,588.0,
2014,Engineering: general,2,4.0,-2.0,Oxford,96.9,87.9699248120301,84.0,10.0,11.3,82.0,7.0,591.0,64.8702594810379
2015,Engineering: general,2,2.0,0.0,Oxford,95.0,83.2080200501253,78.0,10.0,11.1,70.0,8.0,593.0,61.7234468937875
2015,Engineering: general,17,,,Salford,47.1,79.5,78.0,3.0,19.2,,,333.0,62.0758483033932
2013,Engineering: general,23,18.0,5.0,Sheffield Hallam,49.5,77.2995754000897,77.0950101100244,3.0,26.1,54.0,9.0,249.0,55.6520068003552
2014,Engineering: general,26,23.0,3.0,Sheffield Hallam,31.2,67.5227973767526,59.9969090909091,3.0,22.7,69.0,6.0,275.0,47.1802042073953
2015,Engineering: general,22,26.0,-4.0,Sheffield Hallam,31.4,77.4436090225563,71.2871287128712,3.0,25.6,69.0,6.0,283.0,54.2914171656686
2013,Engineering: general,17,11.0,6.0,Swansea,59.7,74.9130001757572,81.0,4.0,14.9,,,283.0,51.7485888775794
2014,Engineering: general,19,17.0,2.0,Swansea,51.0,70.6467661691542,74.7474747474748,5.0,15.8,,,338.0,53.6
2015,Engineering: general,21,19.0,2.0,Swansea,34.0,62.8428927680798,56.5656565656565,4.0,17.6,,3.0,336.0,57.8313253012048
2013,Engineering: general,22,,,Ulster,52.6,61.0,69.6969696969697,4.0,16.6,,,262.0,55.9855760724001
2014,Engineering: general,9,22.0,-13.0,Ulster,60.0,85.2911563016929,80.8277970654208,4.0,16.6,,8.0,276.0,61.2506483972188
2013,Engineering: general,6,4.0,2.0,Warwick,80.2,79.3571654892762,89.4402203856749,9.0,12.9,75.0,6.0,451.0,55.9536695547054
2014,Engineering: general,6,6.0,0.0,Warwick,72.9,79.7161976544032,83.3448494042953,10.0,12.0,80.0,3.0,460.0,54.2257468303137
2015,Engineering: general,6,6.0,0.0,Warwick,79.8,83.4043930176603,85.378550014704,10.0,11.8,84.0,4.0,460.0,59.8303614002486
2015,Engineering: materials and mineral,6,,,Birmingham,52.1,89.6638765119984,87.3459337562636,7.0,16.5,82.0,5.0,408.0,61.4640565400071
2015,Engineering: materials and mineral,8,,,Bucks New University,37.5,89.5,86.0,2.0,13.5,35.0,4.0,317.0,80.7615230460921
2015,Engineering: materials and mineral,2,,,Exeter,74.5999999999999,95.8802999925744,93.3809739182873,3.0,13.1,84.0,7.0,412.0,76.603627281917
2015,Engineering: materials and mineral,3,,,Imperial College,71.7,86.0349127182044,85.0,6.0,12.5,,7.0,542.0,69.6606786427145
2015,Engineering: materials and mineral,4,,,Loughborough,64.9,83.2080200501253,86.0,5.0,10.4,96.0,6.0,376.0,72.3446893787575
2015,Engineering: materials and mineral,10,,,Manchester,28.2,85.9951802532374,81.9448884537651,5.0,16.8,64.0,3.0,416.0,58.6757683146842
2015,Engineering: materials and mineral,1,,,Oxford,100.0,86.7830423940149,97.0,10.0,10.1,,8.0,608.0,70.9741550695825
2015,Engineering: materials and mineral,9,,,Queen Mary,36.7999999999999,94.4584382871536,93.0,2.0,21.7,67.0,3.0,381.0,66.4658634538152
2015,Engineering: materials and mineral,7,,,Sheffield,43.3,90.7035175879397,89.9999999999999,7.0,13.1,,2.0,418.0,62.2
2015,Engineering: materials and mineral,5,,,Swansea,53.8,96.2593516209476,97.0,3.0,17.6,,9.0,316.0,67.1314741035856
2013,Engineering: materials and mineral,5,3.0,2.0,Birmingham,45.2,85.5836104132801,89.1089108910891,7.0,15.6,,5.0,373.0,60.8880166588087
2014,Engineering: materials and mineral,6,5.0,1.0,Birmingham,50.2,85.4562352499175,89.4790321868082,8.0,15.9,,3.0,405.0,61.5218649273209
2013,Engineering: materials and mineral,7,9.0,-2.0,Bucks New University,40.2,90.0272277227723,74.0,2.0,16.2,40.0,9.0,268.0,74.7719490824584
2014,Engineering: materials and mineral,11,7.0,4.0,Bucks New University,26.1,76.0,69.0,2.0,17.7,38.0,4.0,246.0,75.3012048192771
2013,Engineering: materials and mineral,2,5.0,-3.0,Exeter,60.7,88.5586567463008,89.4076973255055,3.0,16.0,91.0,9.0,389.0,69.5910693743869
2014,Engineering: materials and mineral,4,2.0,2.0,Exeter,65.0,90.9106909191341,89.9575846473536,3.0,13.8,86.0,7.0,416.0,63.3604845883697
2013,Engineering: materials and mineral,3,2.0,1.0,Imperial College,55.1,76.969696969697,89.0,7.0,12.1,,4.0,502.0,63.0148414841484
2014,Engineering: materials and mineral,3,3.0,0.0,Imperial College,69.6,80.6532663316583,84.8484848484849,6.0,12.5,,8.0,548.0,65.7314629258517
2013,Engineering: materials and mineral,11,13.0,-2.0,London Met,22.5,71.109245803341,59.0017825311943,3.0,10.3,39.0,8.0,232.0,43.7225193107546
2014,Engineering: materials and mineral,9,11.0,-2.0,London Met,29.1,63.7220342002138,41.7001414427157,3.0,9.3,34.0,8.0,261.0,47.120692722953
2013,Engineering: materials and mineral,6,8.0,-2.0,Loughborough,44.7,86.279702970297,83.1683168316832,6.0,11.9,76.0,1.0,328.0,70.2140814081408
2014,Engineering: materials and mineral,2,6.0,-4.0,Loughborough,70.0,97.0,92.0,6.0,11.8,64.0,6.0,362.0,76.0
2013,Engineering: materials and mineral,9,10.0,-1.0,Manchester,27.4,72.3999712757354,66.4412298125918,6.0,16.9,54.0,7.0,386.0,44.4128231900225
2014,Engineering: materials and mineral,8,9.0,-1.0,Manchester,44.4,77.1481937782599,76.2304201244813,5.0,17.2,62.0,6.0,429.0,58.505992997001
2013,Engineering: materials and mineral,1,1.0,0.0,Oxford,100.0,90.5116761676168,91.0891089108911,10.0,10.2,,6.0,570.0,73.9400832028193
2014,Engineering: materials and mineral,1,1.0,0.0,Oxford,100.0,91.4786967418546,90.0,10.0,10.4,,,610.0,79.4411177644711
2013,Engineering: materials and mineral,8,7.0,1.0,Queen Mary,31.7,84.5445544554456,92.0792079207921,3.0,19.1,,2.0,373.0,70.6886954652912
2014,Engineering: materials and mineral,10,8.0,2.0,Queen Mary,26.3,83.75,87.1287128712871,3.0,21.0,62.0,1.0,359.0,64.8
2013,Engineering: materials and mineral,4,4.0,0.0,Sheffield,52.0,86.3638789553943,83.7689477557027,6.0,11.1,,6.0,396.0,53.4353561667014
2014,Engineering: materials and mineral,7,4.0,3.0,Sheffield,47.8,87.8583091751765,87.9300891364763,6.0,13.4,,3.0,400.0,49.0221209820299
2013,Engineering: materials and mineral,10,11.0,-1.0,Swansea,26.3,77.3067331670823,82.0,3.0,14.9,,5.0,334.0,53.8922155688623
2014,Engineering: materials and mineral,5,10.0,-5.0,Swansea,53.4,91.7705735660848,91.0,3.0,15.8,,9.0,337.0,62.5250501002004
2014,Engineering: mechanical,35,,,Anglia Ruskin,63.2,83.2080200501253,71.0,4.0,20.7,,,218.0,77.9559118236473
2015,Engineering: mechanical,22,35.0,-13.0,Anglia Ruskin,73.0,86.8811881188118,89.1089108910891,4.0,21.2,,10.0,223.0,80.6324110671936
2013,Engineering: mechanical,36,28.0,8.0,Aston,70.8,70.6400255995181,80.0,7.0,19.6,65.0,6.0,356.0,52.6916418635729
2014,Engineering: mechanical,47,36.0,11.0,Aston,54.2,73.3333333333333,67.3267326732673,5.0,21.3,75.0,4.0,366.0,51.0978043912176
2015,Engineering: mechanical,50,47.0,3.0,Aston,51.2,77.0,69.6969696969696,5.0,20.3999999999999,71.0,3.0,367.0,68.2092555331991
2013,Engineering: mechanical,2,14.0,-12.0,Bath,96.3,92.4498783788414,91.8166089965398,6.0,17.9,84.0,5.0,496.0,70.9135447201552
2014,Engineering: mechanical,3,2.0,1.0,Bath,98.1,92.6612857520686,93.225,7.0,18.9,92.0,7.0,508.0,76.0399600798403
2015,Engineering: mechanical,6,3.0,3.0,Bath,86.6,92.3026219984211,96.7710128811045,6.0,19.6,87.0,6.0,521.0,74.2233671266949
2013,Engineering: mechanical,12,15.0,-3.0,Birmingham,87.1,75.8836633663366,81.1881188118812,9.0,21.6,69.0,7.0,434.0,67.3782178217822
2014,Engineering: mechanical,13,12.0,1.0,Birmingham,82.3,81.203007518797,85.8585858585859,9.0,21.8,81.0,7.0,464.0,58.6826347305389
2015,Engineering: mechanical,13,13.0,0.0,Birmingham,81.3,74.3718592964823,79.2079207920792,9.0,20.3999999999999,87.0,10.0,437.0,57.1142284569138
2013,Engineering: mechanical,41,25.0,16.0,Birmingham City,63.6,76.5208770877088,68.3168316831683,3.0,12.6,,3.0,224.0,53.609900990099
2014,Engineering: mechanical,40,41.0,-1.0,Birmingham City,60.2,76.75,73.2673267326733,4.0,13.7,59.0,8.0,306.0,63.2
2015,Engineering: mechanical,44,40.0,4.0,Birmingham City,56.9,70.9273182957393,73.2673267326732,3.0,15.3,81.0,8.0,276.0,62.3505976095617
2013,Engineering: mechanical,42,49.0,-7.0,Bolton,63.3,77.7658265826583,77.2277227722772,2.0,13.9,,3.0,178.0,72.4858085808581
2014,Engineering: mechanical,44,42.0,2.0,Bolton,58.2,78.8557213930348,77.2277227722772,2.0,15.6,,,237.0,82.2
2015,Engineering: mechanical,59,44.0,15.0,Bolton,37.7,77.4049439473055,70.6301726946888,4.0,16.3999999999999,40.0,3.0,206.0,75.7718855982303
2013,Engineering: mechanical,47,30.0,17.0,Bradford,61.3,74.2330334056276,81.2938488418978,4.0,13.1,,2.0,243.0,49.210263201284
2014,Engineering: mechanical,37,47.0,-10.0,Bradford,61.5,82.505807819308,77.8674670616668,4.0,16.0,,3.0,293.0,62.9643176141111
2015,Engineering: mechanical,42,37.0,5.0,Bradford,57.6,83.5148933021967,88.4072398190045,4.0,13.4,,2.0,290.0,66.3043806998174
2013,Engineering: mechanical,9,7.0,2.0,Bristol,89.9,85.6281049488597,88.935582237469,3.0,14.1,79.0,4.0,522.0,62.0170271938777
2014,Engineering: mechanical,11,9.0,2.0,Bristol,85.0,87.5490283724651,83.811320754717,4.0,14.9,88.0,6.0,527.0,55.2992558069608
2015,Engineering: mechanical,23,11.0,12.0,Bristol,72.7,76.7878479476983,82.870434070434,4.0,14.6,89.0,5.0,527.0,46.6757123590656
2013,Engineering: mechanical,22,26.0,-4.0,Brunel,79.4,77.565280951172,82.8283605283605,7.0,21.1,59.0,8.0,371.0,76.1452855862509
2014,Engineering: mechanical,21,22.0,-1.0,Brunel,74.2,80.2896658043024,90.568345323741,7.0,19.4,74.0,7.0,375.0,68.6825910268921
2015,Engineering: mechanical,15,21.0,-6.0,Brunel,79.4,87.5105932613313,93.9931924226905,8.0,17.8,74.0,8.0,377.0,75.714349429729
2015,Engineering: mechanical,57,,,Bucks New University,40.1,81.5461346633416,72.0,2.0,24.7,,,235.0,66.6666666666666
2013,Engineering: mechanical,4,8.0,-4.0,Cardiff,93.0,84.1742424242424,91.0,8.0,14.9,89.0,4.0,441.0,64.7346534653465
2014,Engineering: mechanical,7,4.0,3.0,Cardiff,89.6,88.7218045112782,91.9191919191919,9.0,14.1,83.0,5.0,437.0,69.061876247505
2015,Engineering: mechanical,4,7.0,-3.0,Cardiff,87.3,85.4636591478696,92.0,9.0,12.3,88.0,3.0,419.0,76.0
2013,Engineering: mechanical,42,45.0,-3.0,City,63.3,77.2573221607875,69.8571428571429,7.0,23.8,33.0,6.0,341.0,60.6519499008724
2014,Engineering: mechanical,32,42.0,-10.0,City,65.1,78.1818181818182,82.2178217821782,6.0,24.4,,9.0,360.0,66.0370168753402
2015,Engineering: mechanical,32,32.0,0.0,City,63.2,83.585253733137,90.6812705366922,4.0,20.5,,7.0,351.0,67.344578313253
2013,Engineering: mechanical,18,34.0,-16.0,Coventry,83.1,85.1548933606589,80.144190028759,3.0,10.1,75.0,7.0,284.0,70.2302546354194
2014,Engineering: mechanical,24,18.0,6.0,Coventry,72.0,86.3849324401235,80.9798927261147,2.0,11.9,73.0,7.0,301.0,76.8589100547466
2015,Engineering: mechanical,19,24.0,-5.0,Coventry,77.0999999999999,90.1183957388513,87.7036829836829,3.0,10.5,77.0,6.0,344.0,81.4548991910295
2015,Engineering: mechanical,25,36.0,-11.0,De Montfort,71.5999999999999,85.0,86.0,4.0,11.6,,6.0,266.0,74.8
2013,Engineering: mechanical,23,48.0,-25.0,Derby,78.1,90.2255639097744,84.8484848484849,3.0,18.9,,,195.0,81.2
2015,Engineering: mechanical,11,23.0,-12.0,Derby,82.9,96.0,96.0,4.0,16.0,96.0,,283.0,80.6
2013,Engineering: mechanical,26,23.0,3.0,Dundee,76.1,70.3170317031703,74.0,10.0,13.2,,3.0,347.0,49.1261267917837
2014,Engineering: mechanical,4,26.0,-22.0,Dundee,90.1,73.8154613466334,79.0,10.0,10.9,,6.0,348.0,58.0
2015,Engineering: mechanical,10,4.0,6.0,Dundee,84.1,86.3979848866498,94.0,10.0,12.0,,2.0,400.0,66.1971830985915
2013,Engineering: mechanical,30,33.0,-3.0,Edinburgh,73.7,82.3069306930693,87.1287128712871,6.0,24.0,85.0,6.0,485.0,41.6767132595612
2014,Engineering: mechanical,43,30.0,13.0,Edinburgh,59.8,73.3830845771144,78.0,6.0,26.6,77.0,6.0,499.0,36.5269461077844
2015,Engineering: mechanical,38,43.0,-5.0,Edinburgh,59.5,69.75,66.0,9.0,22.0,84.0,7.0,510.0,31.6
2013,Engineering: mechanical,50,40.0,10.0,Glamorgan,57.2,72.7801117949633,73.0840651632731,3.0,32.9,,8.0,239.0,65.2994523776702
2013,Engineering: mechanical,21,21.0,0.0,Glasgow,80.0,84.9772800345563,89.3077727431161,6.0,22.8,77.0,4.0,447.0,56.23001136022
2014,Engineering: mechanical,32,21.0,11.0,Glasgow,65.1,85.138266859039,86.1995440995967,4.0,23.4,82.0,2.0,458.0,59.6800033009652
2015,Engineering: mechanical,42,32.0,10.0,Glasgow,57.6,83.4365158515067,75.8484349970474,7.0,,77.0,3.0,471.0,51.9578892911227
2014,Engineering: mechanical,55,,,Glasgow Caledonian,35.0,54.0,64.0,2.0,12.3,,1.0,,46.4
2015,Engineering: mechanical,47,55.0,-8.0,Glasgow Caledonian,54.5,81.704260651629,75.9999999999999,2.0,10.1,,2.0,338.0,54.9295774647887
2014,Engineering: mechanical,51,,,Glyndwr,42.4,71.469845124032,71.3157894736842,3.0,26.3,,,213.0,50.7245239425655
2015,Engineering: mechanical,52,51.0,1.0,Glyndwr,49.1,54.9500527527335,64.2379564879564,4.0,12.9,,7.0,277.0,59.1254509018036
2014,Engineering: mechanical,30,,,Harper Adams,67.1,85.7142857142857,85.0,3.0,13.8,77.0,4.0,312.0,64.9193548387097
2015,Engineering: mechanical,20,30.0,-10.0,Harper Adams,76.3,95.9798994974876,96.9999999999999,3.0,14.2,89.0,5.0,319.0,73.4
2013,Engineering: mechanical,25,24.0,1.0,Harper Adams UC,76.7,84.0,79.0,3.0,17.7,83.0,7.0,305.0,62.5070707070707
2013,Engineering: mechanical,7,13.0,-6.0,Heriot-Watt,92.0,89.7469746974697,93.0,8.0,14.3,78.0,4.0,404.0,64.1495149514952
2014,Engineering: mechanical,9,7.0,2.0,Heriot-Watt,87.2,92.5,98.0,6.0,17.7,90.0,2.0,424.0,81.8
2015,Engineering: mechanical,18,9.0,9.0,Heriot-Watt,78.5,88.8059701492537,92.0,4.0,16.3,86.0,6.0,444.0,68.4630738522954
2013,Engineering: mechanical,51,46.0,5.0,Hertfordshire,55.0,72.9981445114208,70.0993849384938,2.0,28.4,55.0,9.0,293.0,50.2847753501069
2014,Engineering: mechanical,48,51.0,-3.0,Hertfordshire,54.1,82.7679051490887,78.5122008263818,2.0,26.2,75.0,7.0,307.0,61.0964302124925
2015,Engineering: mechanical,45,48.0,-3.0,Hertfordshire,55.9,80.4236277511097,81.6796407185628,4.0,23.8,66.0,10.0,330.0,59.0392169951913
2013,Engineering: mechanical,40,50.0,-10.0,Huddersfield,64.1,72.1717171717172,68.3168316831683,3.0,27.3,77.0,8.0,270.0,66.3937282229965
2014,Engineering: mechanical,24,40.0,-16.0,Huddersfield,72.0,89.3034825870647,89.8989898989899,3.0,21.3,89.0,7.0,300.0,77.6447105788423
2015,Engineering: mechanical,26,24.0,2.0,Huddersfield,71.2,85.929648241206,85.1485148514851,4.0,11.7,,6.0,358.0,74.4
2013,Engineering: mechanical,4,3.0,1.0,Imperial College,93.0,75.9235159817352,81.0228310502283,10.0,19.1,86.0,5.0,561.0,55.0488938953607
2014,Engineering: mechanical,1,4.0,-3.0,Imperial College,100.0,86.5520750968108,89.3736826257152,10.0,18.9,81.0,8.0,567.0,68.8579370122359
2015,Engineering: mechanical,1,1.0,0.0,Imperial College,100.0,85.8769108452892,89.6440677966101,9.0,17.5,83.0,9.0,577.0,68.6381780038045
2013,Engineering: mechanical,33,37.0,-4.0,Kingston,72.5,72.4096089465062,77.3381294964029,8.0,16.2,49.0,9.0,273.0,52.0489493553672
2014,Engineering: mechanical,49,33.0,16.0,Kingston,53.9,72.6131012199423,72.4761904761905,6.0,20.3,71.0,6.0,276.0,52.7459337723065
2015,Engineering: mechanical,55,49.0,6.0,Kingston,43.8,70.0930122509069,72.013986013986,5.0,19.3,61.0,4.0,301.0,60.6495989100362
2013,Engineering: mechanical,15,5.0,10.0,Lancaster,85.9,85.2171592117002,91.4012813046011,6.0,15.3,,4.0,391.0,68.863952123665
2014,Engineering: mechanical,19,15.0,4.0,Lancaster,76.3,83.9429513492841,87.6999022482893,7.0,17.3,,3.0,426.0,65.8260908914603
2015,Engineering: mechanical,8,19.0,-11.0,Lancaster,85.9,85.0149189085829,96.4511549057003,7.0,12.3,,5.0,449.0,69.8201834094049
2013,Engineering: mechanical,10,19.0,-9.0,Leeds,87.5,86.3790440019612,91.4542381067375,7.0,22.0,72.0,6.0,411.0,74.5560907310243
2014,Engineering: mechanical,10,10.0,0.0,Leeds,85.3,91.9124677365054,88.688,6.0,22.5,82.0,8.0,418.0,80.5173652694611
2015,Engineering: mechanical,5,10.0,-5.0,Leeds,86.7,94.5136960741298,95.5945945945945,5.0,19.3999999999999,79.0,8.0,440.0,86.3850490329363
2013,Engineering: mechanical,17,27.0,-10.0,Liverpool,84.9,74.4242139186749,87.8859085791088,9.0,21.4,75.0,5.0,407.0,65.1608562648011
2014,Engineering: mechanical,45,17.0,28.0,Liverpool,57.4,73.2339941863074,91.5866690880782,8.0,23.4,71.0,2.0,403.0,47.9720939242554
2015,Engineering: mechanical,46,45.0,1.0,Liverpool,54.7,78.6321868802724,83.5285069085266,7.0,24.2,75.0,3.0,414.0,60.9360089582149
2013,Engineering: mechanical,39,42.0,-3.0,Liverpool John Moores,67.5,76.5603359133444,74.3050693479144,6.0,15.3,50.0,4.0,277.0,72.2048023142014
2014,Engineering: mechanical,46,39.0,7.0,Liverpool John Moores,55.8,84.6123205914098,78.63582827691,4.0,24.6,71.0,3.0,316.0,74.4348848525775
2015,Engineering: mechanical,51,46.0,5.0,Liverpool John Moores,50.0,81.3980631190219,77.8087514633816,3.0,25.3,67.0,4.0,321.0,78.2824213663134
2013,Engineering: mechanical,54,55.0,-1.0,London South Bank,37.7,67.0,46.0,2.0,27.0,,,214.0,52.5702370237024
2014,Engineering: mechanical,54,54.0,0.0,London South Bank,36.6,69.4029850746269,56.0,2.0,26.7,,,243.0,54.6906187624751
2015,Engineering: mechanical,58,54.0,4.0,London South Bank,39.9,76.8304804765945,77.3111395646606,2.0,20.6,61.0,4.0,231.0,65.1864108071745
2013,Engineering: mechanical,6,9.0,-3.0,Loughborough,92.5,86.4565706990867,89.6171802054155,8.0,13.6,82.0,3.0,417.0,71.1542293052835
2014,Engineering: mechanical,5,6.0,-1.0,Loughborough,90.0,92.0597999558166,92.9292929292929,7.0,12.8,85.0,4.0,443.0,72.0267619080206
2015,Engineering: mechanical,9,5.0,4.0,Loughborough,85.1,88.837025369019,87.8129602356406,8.0,11.7,85.0,4.0,438.0,69.7805679104896
2013,Engineering: mechanical,27,30.0,-3.0,Manchester,74.3,67.0981785380066,66.5216349715201,10.0,16.6,81.0,2.0,424.0,50.4082870889087
2014,Engineering: mechanical,23,27.0,-4.0,Manchester,72.4,69.9206694422005,67.4156878497767,10.0,15.8,80.0,3.0,439.0,54.7170424148274
2015,Engineering: mechanical,16,23.0,-7.0,Manchester,79.3,81.5655470198013,84.0287551573412,9.0,15.2,75.0,5.0,438.0,67.9949043998323
2013,Engineering: mechanical,44,48.0,-4.0,Manchester Met,62.4,73.3292079207921,73.0,2.0,15.6,,6.0,255.0,63.0344834483448
2014,Engineering: mechanical,40,44.0,-4.0,Manchester Met,60.2,73.3292079207921,73.0,3.0,16.8,,5.0,316.0,63.0344834483448
2015,Engineering: mechanical,39,40.0,-1.0,Manchester Met,59.1,86.2842892768079,85.0,3.0,12.4,62.0,2.0,329.0,78.2868525896414
2013,Engineering: mechanical,11,16.0,-5.0,Newcastle,87.2,79.7995163057972,83.7666666666667,9.0,16.5,91.0,3.0,410.0,55.2592706770677
2014,Engineering: mechanical,8,11.0,-3.0,Newcastle,88.5,82.8628714643752,90.2857142857143,9.0,15.1,89.0,5.0,437.0,57.2668576388591
2015,Engineering: mechanical,21,8.0,13.0,Newcastle,73.4,86.5515179627722,91.5153583617747,8.0,16.0,90.0,3.0,422.0,53.6291838000116
2013,Engineering: mechanical,53,38.0,15.0,Northumbria,44.7,70.4810231023102,69.0,2.0,28.9,59.0,3.0,269.0,55.6909090909091
2014,Engineering: mechanical,50,53.0,-3.0,Northumbria,47.6,76.5,78.0,3.0,25.9,59.0,8.0,317.0,62.5498007968127
2015,Engineering: mechanical,49,50.0,-1.0,Northumbria,52.2,77.0,79.0,3.0,24.4,75.0,6.0,354.0,68.4630738522954
2013,Engineering: mechanical,3,2.0,1.0,Nottingham,94.5,88.3168316831683,93.9393939393939,10.0,12.7,70.0,4.0,420.0,65.6445144514452
2014,Engineering: mechanical,16,3.0,13.0,Nottingham,81.3,88.5286783042394,93.0693069306931,9.0,14.1,76.0,3.0,426.0,64.0
2015,Engineering: mechanical,7,16.0,-9.0,Nottingham,86.0,84.5,88.9999999999999,9.0,15.1,87.0,5.0,454.0,61.0
2013,Engineering: mechanical,37,52.0,-15.0,Oxford Brookes,69.6,84.1969696969697,77.0,6.0,31.5,65.0,9.0,325.0,59.005600560056
2014,Engineering: mechanical,22,37.0,-15.0,Oxford Brookes,73.7,86.7167919799499,88.0,5.0,25.7,77.0,10.0,366.0,64.6
2015,Engineering: mechanical,35,22.0,13.0,Oxford Brookes,61.6,76.6169154228855,72.0,3.0,21.0,68.0,10.0,446.0,63.2206759443339
2013,Engineering: mechanical,13,17.0,-4.0,Plymouth,86.7,81.8490099009901,83.0,7.0,16.2,78.0,9.0,289.0,63.3151515151515
2014,Engineering: mechanical,31,13.0,18.0,Plymouth,65.7,92.25,100.0,4.0,21.6,78.0,3.0,310.0,75.0
2015,Engineering: mechanical,36,31.0,5.0,Plymouth,61.1,86.0696517412935,91.0,4.0,19.5,91.0,2.0,302.0,71.2574850299401
2013,Engineering: mechanical,45,47.0,-2.0,Portsmouth,62.1,73.6237373737374,71.0,3.0,20.6,69.0,6.0,262.0,54.1651618223047
2014,Engineering: mechanical,20,45.0,-25.0,Portsmouth,74.3,85.6598016781083,87.8863538527766,3.0,18.2,71.0,10.0,293.0,75.0636757318552
2015,Engineering: mechanical,36,20.0,16.0,Portsmouth,61.1,81.5874211986907,78.4335664335664,4.0,21.4,68.0,10.0,301.0,71.328755079264
2013,Engineering: mechanical,38,35.0,3.0,Queen Mary,68.3,84.8612036624544,94.7162162162162,7.0,22.6,56.0,2.0,354.0,63.4956142911588
2014,Engineering: mechanical,27,38.0,-11.0,Queen Mary,69.6,83.8276836158192,86.12272752699,7.0,13.3,72.0,2.0,377.0,59.756292245508
2015,Engineering: mechanical,29,27.0,2.0,Queen Mary,69.0999999999999,87.1456372772955,89.6602387511478,7.0,14.5,63.0,3.0,408.0,66.0169938428105
2013,Engineering: mechanical,20,18.0,2.0,"Queen's, Belfast",81.4,78.4875183946966,77.8359264497878,5.0,17.0,85.0,7.0,375.0,55.3161422264675
2014,Engineering: mechanical,18,20.0,-2.0,"Queen's, Belfast",76.7,88.2916666666667,91.3696369636964,5.0,17.1,78.0,3.0,384.0,75.3182434594259
2015,Engineering: mechanical,30,18.0,12.0,"Queen's, Belfast",66.8,85.9205663004143,90.96875,4.0,19.3,78.0,5.0,385.0,71.596875
2013,Engineering: mechanical,27,12.0,15.0,Robert Gordon,74.3,85.9766226622662,94.059405940594,3.0,14.9,,1.0,346.0,72.5489348934894
2014,Engineering: mechanical,17,27.0,-10.0,Robert Gordon,76.8,70.75,78.0,7.0,14.8,87.0,7.0,371.0,61.8
2015,Engineering: mechanical,17,17.0,0.0,Robert Gordon,78.7,74.6268656716417,83.0,6.0,14.0,96.0,7.0,404.0,62.4254473161033
2013,Engineering: mechanical,33,44.0,-11.0,Salford,72.5,81.5077414095925,75.7242153981284,3.0,12.6,59.0,8.0,298.0,48.2471077340615
2014,Engineering: mechanical,28,33.0,-5.0,Salford,68.9,72.9550928740924,79.8905242905243,4.0,11.1,77.0,8.0,299.0,52.2318987956388
2015,Engineering: mechanical,55,28.0,27.0,Salford,43.8,77.6034520360687,79.4136926438455,3.0,20.3,65.0,3.0,318.0,58.2017458077115
2013,Engineering: mechanical,14,5.0,9.0,Sheffield,86.4,82.6388106828899,92.276029999026,8.0,21.8,80.0,6.0,452.0,57.7730140264998
2014,Engineering: mechanical,12,14.0,-2.0,Sheffield,84.0,83.2907775232184,94.6902996263788,8.0,18.4,82.0,7.0,452.0,65.4042195434157
2015,Engineering: mechanical,3,12.0,-9.0,Sheffield,87.6,84.3667868885456,90.7322956684125,10.0,19.6,91.0,6.0,471.0,65.7778936168786
2013,Engineering: mechanical,49,39.0,10.0,Sheffield Hallam,57.3,73.2346783127925,73.7686946989273,3.0,20.8,57.0,8.0,260.0,45.9035413156664
2014,Engineering: mechanical,52,49.0,3.0,Sheffield Hallam,41.0,65.515602590781,59.9702100798458,3.0,19.8,,4.0,269.0,47.808835608368
2015,Engineering: mechanical,60,52.0,8.0,Sheffield Hallam,33.2999999999999,76.2259569009197,62.9618826648989,3.0,24.3,67.0,4.0,281.0,48.6450990147347
2015,Engineering: mechanical,54,,,South Wales,45.1,74.1496796077503,73.4920661877508,2.0,27.3,72.0,7.0,321.0,65.9522088353413
2013,Engineering: mechanical,1,1.0,0.0,Southampton,100.0,81.9668902663156,90.9805144807026,7.0,8.0,93.0,6.0,484.0,58.7025676038271
2014,Engineering: mechanical,2,1.0,1.0,Southampton,98.8,83.2001064223997,91.3702105823983,7.0,8.7,88.0,8.0,501.0,63.4190921822634
2015,Engineering: mechanical,2,2.0,0.0,Southampton,92.0,84.8486447149404,91.217432369218,6.0,9.8,90.0,7.0,482.0,66.6446534234995
2013,Engineering: mechanical,48,53.0,-5.0,Southampton Solent,57.7,83.4838433320684,86.1900047147572,4.0,28.9,,3.0,241.0,60.319194984552
2014,Engineering: mechanical,42,48.0,-6.0,Southampton Solent,59.9,83.9974937343358,85.6166666666667,6.0,26.5,,4.0,325.0,66.6926087784672
2015,Engineering: mechanical,48,42.0,6.0,Southampton Solent,52.8,89.5,89.0074211502782,6.0,20.9,,2.0,282.0,61.484875815008
2013,Engineering: mechanical,52,51.0,1.0,Staffordshire,54.8,84.0668316831683,82.0,2.0,22.7,58.0,2.0,256.0,60.2291914780998
2014,Engineering: mechanical,53,52.0,1.0,Staffordshire,40.7,71.3649425287356,64.2148628655969,3.0,21.6,61.0,5.0,245.0,51.6395615795405
2015,Engineering: mechanical,40,53.0,-13.0,Staffordshire,58.7,97.7902696559377,95.7148102815177,3.0,17.1,75.0,3.0,258.0,71.9140013479489
2013,Engineering: mechanical,19,20.0,-1.0,Strathclyde,81.9,76.9703300094463,83.0535331905782,6.0,16.7,72.0,7.0,468.0,48.5154276231058
2014,Engineering: mechanical,14,19.0,-5.0,Strathclyde,82.2,81.0017746983278,91.0605932113554,7.0,17.5,84.0,6.0,494.0,59.1061681304039
2015,Engineering: mechanical,27,14.0,13.0,Strathclyde,71.0,81.440914941648,87.0762987012987,6.0,20.3999999999999,83.0,6.0,486.0,55.8211064987117
2013,Engineering: mechanical,32,41.0,-9.0,Sunderland,73.4,68.5643564356436,67.3267326732673,6.0,20.3,,10.0,290.0,64.6053993516408
2014,Engineering: mechanical,26,32.0,-6.0,Sunderland,71.8,80.8457711442786,79.2079207920792,,24.6,,10.0,266.0,72.4752475247525
2015,Engineering: mechanical,14,26.0,-12.0,Sunderland,80.5999999999999,82.0895522388059,86.0,10.0,18.6,,10.0,283.0,76.2475049900199
2013,Engineering: mechanical,8,4.0,4.0,Surrey,91.4,88.6994616628593,91.9222961320522,8.0,21.7,73.0,5.0,417.0,75.0232796938231
2014,Engineering: mechanical,5,8.0,-3.0,Surrey,90.0,94.1512351106866,98.5433381433382,8.0,20.3,83.0,5.0,433.0,85.8997896347294
2015,Engineering: mechanical,12,5.0,7.0,Surrey,82.6,91.896725440806,92.5925925925926,9.0,21.4,87.0,4.0,452.0,72.2172222022221
2013,Engineering: mechanical,16,10.0,6.0,Sussex,85.1,89.9646464646465,95.959595959596,3.0,20.0,64.0,8.0,346.0,79.1333333333333
2014,Engineering: mechanical,38,16.0,22.0,Sussex,61.2,80.3482587064677,79.2079207920792,3.0,17.7,,4.0,340.0,59.6421471172962
2015,Engineering: mechanical,28,38.0,-10.0,Sussex,70.5999999999999,81.4070351758793,79.7979797979798,6.0,14.4,,7.0,367.0,60.9657947686116
2013,Engineering: mechanical,24,22.0,2.0,Swansea,77.3,80.5328871676038,84.8362528560548,4.0,14.9,87.0,4.0,352.0,53.612257315117
2014,Engineering: mechanical,29,24.0,5.0,Swansea,67.5,72.9408895344058,79.1302361005332,5.0,15.8,87.0,3.0,379.0,54.1997341475919
2015,Engineering: mechanical,31,29.0,2.0,Swansea,64.5,83.0313986845787,92.7904975682753,5.0,17.6,79.0,4.0,342.0,65.0560899576931
2013,Engineering: mechanical,29,43.0,-14.0,Teesside,73.9,72.7733523352335,71.2871287128713,6.0,23.8,,8.0,305.0,59.012301230123
2014,Engineering: mechanical,15,29.0,-14.0,Teesside,81.6,86.6834170854271,86.0,6.0,18.3,,7.0,381.0,73.0538922155689
2015,Engineering: mechanical,24,15.0,9.0,Teesside,71.9,82.2942643391521,88.0,8.0,15.2,,3.0,332.0,73.5999999999999
2013,Engineering: mechanical,35,11.0,24.0,UCL,71.1,72.5266421531456,69.7541972627297,7.0,18.2,,5.0,440.0,41.8836226401983
2014,Engineering: mechanical,36,35.0,1.0,UCL,62.9,65.0348317238299,72.1629928593604,8.0,18.5,72.0,3.0,479.0,46.1152268576786
2015,Engineering: mechanical,33,36.0,-3.0,UCL,62.6,58.3959899749373,60.3960396039603,10.0,17.8,,6.0,525.0,39.2785571142284
2013,Engineering: mechanical,46,54.0,-8.0,Ulster,61.5,72.9356435643564,85.0,4.0,16.6,57.0,5.0,225.0,59.9564356435644
2014,Engineering: mechanical,39,46.0,-7.0,Ulster,60.6,89.6039603960396,94.059405940594,4.0,16.6,,3.0,273.0,67.065868263473
2015,Engineering: mechanical,34,39.0,-5.0,Ulster,62.3,83.4818377821258,83.223085212461,4.0,20.9,79.0,7.0,296.0,71.6975668149091
2013,Engineering: mechanical,31,32.0,-1.0,UWE Bristol,73.5,77.6278585894304,74.5911598302688,2.0,20.5,,10.0,315.0,49.8508407983655
2014,Engineering: mechanical,34,31.0,3.0,UWE Bristol,64.8,79.1618044040917,71.2125806451613,2.0,19.9,88.0,8.0,319.0,48.2251612903226
2015,Engineering: mechanical,40,34.0,6.0,UWE Bristol,58.7,81.967845583882,82.5426283923356,3.0,21.2,91.0,5.0,327.0,63.2407971291283
2015,Engineering: mechanical,53,,,West of Scotland,46.6,69.6741854636591,68.0,4.0,,,5.0,331.0,56.2248995983935
2013,English,16,22.0,-6.0,Aberdeen,80.5,93.8915853862009,94.7359591539023,7.0,18.6,50.0,9.0,373.0,77.604412439303
2014,English,26,16.0,10.0,Aberdeen,72.7,94.3101348471106,94.9715639810427,6.0,18.5,55.0,8.0,447.0,71.277696363521
2013,English,64,37.0,27.0,Aberystwyth,63.3,87.5346534653466,83.1683168316832,3.0,16.5,51.0,6.0,341.0,69.8653465346534
2014,English,69,64.0,5.0,Aberystwyth,57.0,90.9774436090226,90.9090909090909,4.0,17.5,51.0,3.0,366.0,70.8582834331337
2013,English,29,49.0,-20.0,Anglia Ruskin,74.2,89.059405940594,91.0891089108911,10.0,17.0,30.0,4.0,251.0,84.6712871287129
2014,English,31,29.0,2.0,Anglia Ruskin,70.5,92.75,92.9292929292929,10.0,17.3,49.0,4.0,270.0,79.8
2013,English,48,35.0,13.0,Aston,67.5,79.7121212121212,82.0,,12.5,,7.0,378.0,51.2247474747475
2014,English,16,48.0,-32.0,Aston,76.0,91.75,85.0,10.0,11.0,,7.0,373.0,68.1362725450902
2013,English,87,95.0,-8.0,Bangor,55.9,86.9577755702516,72.8170459971351,4.0,17.2,33.0,5.0,309.0,68.0830050868119
2014,English,80,87.0,-7.0,Bangor,54.0,81.7554736588662,66.55847501288,4.0,15.0,59.0,6.0,333.0,58.7242115957545
2013,English,90,52.0,38.0,Bath Spa,54.8,82.9396425043964,78.4501216545012,2.0,21.1,42.0,7.0,321.0,66.7107324844406
2014,English,81,90.0,-9.0,Bath Spa,53.9,89.5932123443526,84.5891271141503,3.0,23.2,47.0,7.0,355.0,72.5395780598861
2013,English,43,102.0,-59.0,Bedfordshire,69.8,96.4949494949495,93.0,4.0,22.8,48.0,9.0,218.0,83.2949494949495
2014,English,59,43.0,16.0,Bedfordshire,60.3,90.5,92.0,8.0,16.9,54.0,4.0,217.0,73.0
2013,English,28,38.0,-10.0,Birmingham,75.0,88.25,80.1980198019802,9.0,20.6,64.0,6.0,434.0,67.8740874087409
2014,English,23,28.0,-5.0,Birmingham,73.1,89.9749373433584,80.1980198019802,9.0,19.8,74.0,7.0,443.0,68.8755020080321
2013,English,83,68.0,15.0,Birmingham City,56.5,82.2707270727073,77.0,6.0,24.9,56.0,7.0,291.0,65.1212121212121
2014,English,67,83.0,-16.0,Birmingham City,57.3,93.0348258706468,93.0,5.0,26.9,53.0,3.0,305.0,81.4741035856574
2014,English,74,,,Bishop Grosseteste,55.9,99.0,100.0,1.0,29.1,,2.0,255.0,88.8
2013,English,100,104.0,-4.0,Bishop Grosseteste UC,43.2,89.9545454545455,81.0,1.0,23.6,,1.0,250.0,78.2206620662066
2013,English,101,99.0,2.0,Bolton,38.2,80.5014115047868,77.0825611486769,2.0,33.8,28.0,6.0,253.0,69.078811021598
2014,English,101,101.0,0.0,Bolton,38.8,83.3146249283623,70.944099378882,4.0,26.5,,2.0,250.0,70.3136670512852
2013,English,102,105.0,-3.0,Bradford,33.9,75.7103044413871,67.345593697903,4.0,,,1.0,237.0,60.6504319814985
2013,English,85,93.0,-8.0,Brighton,56.2,86.5272277227723,86.8686868686868,4.0,21.7,42.0,7.0,334.0,64.7650365036504
2014,English,85,85.0,0.0,Brighton,52.8,88.7218045112782,81.0,3.0,21.6,43.0,5.0,333.0,74.8
2013,English,6,13.0,-7.0,Bristol,86.4,97.0049504950495,89.0,8.0,19.4,61.0,8.0,509.0,73.2182126107348
2014,English,11,6.0,5.0,Bristol,81.0,91.4572864321608,85.8585858585858,6.0,18.1,83.0,8.0,498.0,75.3012048192771
2013,English,18,38.0,-20.0,Brunel,79.8,90.2169046535442,84.6577118704778,10.0,11.1,46.0,7.0,344.0,79.6375148642279
2014,English,38,18.0,20.0,Brunel,68.5,85.7997737556561,79.4188948306596,10.0,11.3,49.0,7.0,362.0,65.8974056710706
2013,English,14,7.0,7.0,Buckingham,82.0,90.9090909090909,96.0,7.0,7.3,,3.0,271.0,89.8989898989899
2014,English,18,14.0,4.0,Buckingham,74.6,91.5,97.0,6.0,10.4,,2.0,310.0,89.1566265060241
2013,English,2,2.0,0.0,Cambridge,97.1,96.2498418722328,96.0,,14.6,70.0,7.0,533.0,78.1272757974886
2014,English,3,2.0,1.0,Cambridge,91.1,96.9849246231156,96.969696969697,,14.5,67.0,7.0,562.0,79.4
2013,English,97,71.0,26.0,Canterbury Christ Church,51.2,86.6527373325568,84.0,2.0,17.4,32.0,4.0,275.0,65.0138613861386
2014,English,94,97.0,-3.0,Canterbury Christ Church,50.1,89.9749373433584,89.0,3.0,19.5,43.0,3.0,290.0,76.7535070140281
2013,English,35,43.0,-8.0,Cardiff,73.0,93.9848484848485,91.0,3.0,21.6,62.0,5.0,480.0,69.460340642406
2014,English,36,35.0,1.0,Cardiff,68.8,96.0,92.0,5.0,20.1,60.0,6.0,449.0,73.6
2013,English,73,63.0,10.0,Central Lancashire,60.8,88.0,80.1980198019802,8.0,20.0,56.0,2.0,309.0,67.242204220422
2014,English,88,73.0,15.0,Central Lancashire,52.0,83.0,81.1881188118812,7.0,19.1,52.0,2.0,299.0,66.0642570281124
2013,English,30,56.0,-26.0,Chester,74.0,96.437450095816,95.357546843394,4.0,19.1,49.0,4.0,307.0,88.8909706696476
2014,English,50,30.0,20.0,Chester,63.9,95.078649397494,93.706512301013,3.0,21.4,51.0,5.0,314.0,83.0340805248194
2013,English,51,56.0,-5.0,Chichester,65.8,94.154129897678,91.7332431435248,2.0,20.8,41.0,7.0,296.0,86.430362468051
2014,English,62,51.0,11.0,Chichester,59.6,95.5780971623556,93.6895864223058,2.0,23.6,34.0,7.0,329.0,87.0992182207274
2013,English,41,77.0,-36.0,Coventry,70.5,95.479797979798,97.0,3.0,15.3,58.0,3.0,276.0,86.3878787878788
2014,English,69,41.0,28.0,Coventry,57.0,93.0174563591022,85.0,4.0,24.5,60.0,4.0,291.0,78.4431137724551
2013,English,51,17.0,34.0,Cumbria,65.8,83.9374087888436,81.0969464762568,,17.6,51.0,3.0,267.0,77.5947101482064
2014,English,75,51.0,24.0,Cumbria,55.2,90.8818861936069,92.1,1.0,21.3,52.0,4.0,222.0,82.9123088023088
2013,English,67,75.0,-8.0,De Montfort,62.7,92.5346534653465,95.0,4.0,20.6,32.0,4.0,305.0,80.659405940594
2014,English,73,67.0,6.0,De Montfort,56.4,92.5,88.0,4.0,22.4,50.0,4.0,308.0,74.9003984063745
2013,English,58,65.0,-7.0,Derby,64.8,93.5247524752475,89.0,5.0,15.4,,,266.0,76.2184818481848
2013,English,45,12.0,33.0,Dundee,69.2,91.4646464646465,96.0,6.0,22.4,43.0,8.0,374.0,75.3656565656566
2014,English,36,45.0,-9.0,Dundee,68.8,98.2543640897756,92.0,6.0,23.9,45.0,8.0,382.0,85.7715430861723
2013,English,3,4.0,-1.0,Durham,93.0,94.2846534653465,91.0891089108911,7.0,15.6,74.0,7.0,530.0,82.4447844784479
2014,English,2,3.0,-1.0,Durham,93.5,96.2406015037594,94.0,7.0,15.8,81.0,8.0,557.0,86.8263473053892
2014,English,46,69.0,-23.0,East London,65.6,92.5,85.8585858585858,3.0,8.1,,7.0,238.0,77.9559118236473
2013,English,80,73.0,7.0,Edge Hill,58.3,89.1178687336288,86.3106942973832,3.0,19.0,36.0,3.0,262.0,79.3793395533057
2014,English,77,80.0,-3.0,Edge Hill,54.2,95.0389273356401,90.8621398472027,4.0,21.2,48.0,2.0,299.0,80.2114857495515
2013,English,12,18.0,-6.0,Edinburgh,83.3,95.2846534653465,88.0,10.0,16.9,44.0,8.0,467.0,64.4554455445544
2014,English,10,12.0,-2.0,Edinburgh,81.5,92.713567839196,88.0,10.0,16.9,69.0,8.0,494.0,58.9178356713427
2014,English,72,87.0,-15.0,Edinburgh Napier,56.5,94.2211055276382,89.8989898989899,3.0,38.1,,,371.0,83.5341365461847
2013,English,40,29.0,11.0,Essex,71.3,90.5266276627663,86.8686868686869,8.0,12.3,36.0,3.0,337.0,79.5599589247628
2014,English,33,40.0,-7.0,Essex,69.3,93.2668329177058,96.0,6.0,12.7,58.0,4.0,400.0,74.5526838966203
2013,English,8,10.0,-2.0,Exeter,85.1,95.979797979798,93.0,5.0,17.5,63.0,7.0,496.0,77.8330221388264
2014,English,8,8.0,0.0,Exeter,83.7,96.5087281795511,94.0,7.0,16.4,72.0,7.0,502.0,79.0
2014,English,53,,,Falmouth,62.6,94.2643391521197,93.0693069306931,5.0,29.6,48.0,9.0,282.0,83.0339321357286
2013,English,44,79.0,-35.0,Glamorgan,69.7,90.1742424242424,84.0,4.0,10.6,41.0,4.0,289.0,84.1288128812881
2013,English,9,14.0,-5.0,Glasgow,85.0,95.2722772277228,94.0,9.0,18.6,59.0,8.0,454.0,76.4407581517026
2014,English,21,9.0,12.0,Glasgow,74.3,94.25,94.0,7.0,18.9,62.0,5.0,473.0,74.3486973947896
2013,English,34,19.0,15.0,Gloucestershire,73.3,90.5272277227723,88.8888888888889,8.0,15.8,42.0,9.0,307.0,78.6
2014,English,28,34.0,-6.0,Gloucestershire,70.9,94.75,93.0,7.0,15.6,42.0,10.0,307.0,76.0479041916168
2013,English,93,100.0,-7.0,Glyndwr,53.0,90.8542520918758,89.4141914191419,3.0,32.3,,,225.0,81.8311931193119
2014,English,95,93.0,2.0,Glyndwr,48.1,86.2902047207562,76.6279069767442,3.0,30.6,,,252.0,76.741957944576
2013,English,81,77.0,4.0,Goldsmiths,57.5,88.6836703743367,84.1510793415108,2.0,22.9,53.0,3.0,379.0,72.3864113584846
2014,English,71,81.0,-10.0,Goldsmiths,56.6,92.2035660944801,87.8985148514852,2.0,25.0,52.0,3.0,392.0,81.4557631724503
2013,English,76,91.0,-15.0,Greenwich,60.2,88.708619463345,89.5524475524476,3.0,26.8,42.0,,242.0,80.591955209507
2014,English,90,76.0,14.0,Greenwich,51.5,85.4481299718618,84.8361697011125,3.0,29.9,46.0,9.0,287.0,73.2619835139535
2013,English,65,64.0,1.0,Hertfordshire,62.8,90.1952606836246,83.4243364850955,3.0,16.8,40.0,8.0,316.0,68.899941234098
2014,English,63,65.0,-2.0,Hertfordshire,59.4,89.5590339952408,90.0362278740657,3.0,16.6,47.0,7.0,334.0,71.387091664284
2013,English,53,58.0,-5.0,Huddersfield,65.4,88.2821782178218,81.8181818181818,6.0,16.7,47.0,4.0,339.0,77.3656565656566
2014,English,42,53.0,-11.0,Huddersfield,67.7,90.5236907730673,89.0,6.0,13.4,55.0,7.0,353.0,71.9681908548708
2013,English,42,45.0,-3.0,Hull,70.0,93.3615794060022,92.5715524750603,3.0,18.2,56.0,4.0,362.0,75.9235202875462
2014,English,43,42.0,1.0,Hull,66.6,94.8069201710802,90.7756266443989,3.0,19.6,63.0,7.0,351.0,80.1264974701394
2013,English,36,36.0,0.0,Keele,72.9,91.7045454545454,91.0,3.0,19.7,60.0,8.0,346.0,77.9695957571709
2014,English,27,36.0,-9.0,Keele,72.5,95.75,91.9191919191919,3.0,23.0,75.0,9.0,363.0,78.0439121756487
2013,English,20,31.0,-11.0,Kent,79.1,91.75,91.0,6.0,12.7,67.0,7.0,390.0,71.2808080808081
2014,English,12,20.0,-8.0,Kent,79.3,94.2786069651741,94.0,7.0,11.8,66.0,8.0,409.0,79.5180722891566
2013,English,15,27.0,-12.0,King's College London,80.8,90.4772727272727,84.8484848484848,8.0,12.7,53.0,8.0,498.0,55.6563056305631
2014,English,6,15.0,-9.0,King's College London,85.4,93.7810945273632,82.8282828282828,8.0,13.6,81.0,7.0,472.0,70.5179282868526
2013,English,77,81.0,-4.0,Kingston,60.1,89.1142587692971,91.9191919191919,4.0,23.2,38.0,9.0,303.0,70.7172330040886
2014,English,76,77.0,-1.0,Kingston,54.9,88.9095667769257,88.3620155491904,5.0,24.2,51.0,7.0,312.0,66.9959886337836
2013,English,21,25.0,-4.0,Lancaster,78.2,93.9083503649097,93.6740135953894,5.0,17.0,66.0,6.0,436.0,72.8187584988324
2014,English,14,21.0,-7.0,Lancaster,76.5,95.5275990893977,94.8750382614019,4.0,16.7,72.0,8.0,464.0,72.8314765895427
2013,English,17,23.0,-6.0,Leeds,80.3,96.0,93.0,5.0,20.3,74.0,7.0,459.0,74.3373737373737
2014,English,24,17.0,7.0,Leeds,73.0,94.75,91.0891089108911,7.0,22.6,70.0,7.0,451.0,73.6947791164659
2013,English,99,98.0,1.0,Leeds Met,45.5,90.7722772277228,82.0,4.0,26.5,37.0,2.0,273.0,63.7564356435644
2014,English,96,99.0,-3.0,Leeds Met,47.6,91.0,86.0,3.0,22.1,43.0,3.0,283.0,67.7354709418838
2014,English,88,,,Leeds Trinity,52.0,91.5,91.0,2.0,23.2,,2.0,289.0,80.5220883534136
2013,English,79,26.0,53.0,Leeds Trinity University College,59.0,86.6994949494949,81.0,1.0,21.8,60.0,6.0,286.0,76.4349442379182
2013,English,27,16.0,11.0,Leicester,75.6,92.002456276162,90.9090909090909,8.0,16.2,60.0,3.0,424.0,71.0673267326733
2014,English,15,27.0,-12.0,Leicester,76.1,92.8039702233251,93.0693069306931,8.0,14.7,59.0,5.0,419.0,78.2435129740519
2013,English,39,51.0,-12.0,Lincoln,71.7,92.2620762076208,93.0,4.0,27.4,64.0,8.0,324.0,83.0088208820882
2014,English,52,39.0,13.0,Lincoln,63.0,88.7780548628429,93.0,4.0,26.8,66.0,8.0,341.0,78.6
2013,English,24,20.0,4.0,Liverpool,76.8,95.049504950495,94.0594059405941,9.0,17.8,51.0,7.0,421.0,65.8221704523394
2014,English,43,24.0,19.0,Liverpool,66.6,90.2255639097744,88.1188118811881,8.0,20.5,51.0,7.0,443.0,66.0678642714571
2013,English,77,86.0,-9.0,Liverpool John Moores,60.1,90.7484021129386,90.3472941044104,4.0,25.8,19.0,10.0,311.0,77.2543720531224
2014,English,28,77.0,-49.0,Liverpool John Moores,70.9,93.8266447020218,92.0554821439591,5.0,18.2,50.0,10.0,335.0,77.4167373060948
2013,English,32,66.0,-34.0,London Met,73.8,83.2117467629116,71.0941176470588,9.0,7.4,60.0,7.0,217.0,65.0072891995082
2014,English,64,32.0,32.0,London Met,57.9,86.1647021293173,89.7061988807576,6.0,7.7,38.0,7.0,223.0,63.6913043478261
2014,English,100,101.0,-1.0,London South Bank,40.2,71.7785954693685,66.3811136358391,3.0,,,3.0,248.0,68.206993006993
2013,English,19,15.0,4.0,Loughborough,79.4,94.7449494949495,93.9393939393939,6.0,22.2,65.0,7.0,415.0,82.1228322832283
2014,English,13,19.0,-6.0,Loughborough,76.7,94.2355889724311,96.969696969697,6.0,23.2,73.0,8.0,418.0,79.9599198396794
2013,English,47,48.0,-1.0,Manchester,68.4,84.25,72.0,10.0,20.1,54.0,5.0,444.0,59.6000607405966
2014,English,32,47.0,-15.0,Manchester,70.2,86.1809045226131,72.7272727272727,10.0,17.9,60.0,4.0,476.0,64.8
2013,English,96,92.0,4.0,Manchester Met,51.8,90.2171717171717,83.1683168316832,2.0,22.0,36.0,6.0,307.0,65.5010101010101
2014,English,81,96.0,-15.0,Manchester Met,53.9,93.5162094763092,93.0,3.0,23.1,38.0,8.0,336.0,68.3266932270916
2013,English,50,83.0,-33.0,Middlesex,65.9,89.4741474147415,89.8989898989899,9.0,13.2,,2.0,230.0,76.1090909090909
2014,English,86,50.0,36.0,Middlesex,52.4,82.3383084577114,71.0,10.0,14.1,,2.0,263.0,63.855421686747
2013,English,33,33.0,0.0,Newcastle,73.6,92.2222222222222,87.0,5.0,21.0,64.0,6.0,464.0,68.5867120294119
2014,English,30,33.0,-3.0,Newcastle,70.8,94.25,93.0,5.0,19.7,63.0,5.0,454.0,78.0
2014,English,66,,,Newman University,57.8,90.7730673316708,86.0,4.0,19.9,51.0,6.0,309.0,75.2988047808765
2013,English,75,76.0,-1.0,Newman University College,60.3,93.5,90.0990099009901,4.0,21.1,49.0,3.0,258.0,80.6336633663366
2013,English,86,34.0,52.0,Newport,56.1,84.459595959596,84.0,4.0,19.8,,,238.0,64.9001500150015
2013,English,60,30.0,30.0,Northampton,64.5,95.4025301695677,94.1724617524339,4.0,26.5,47.0,8.0,251.0,89.8077043031146
2014,English,56,60.0,-4.0,Northampton,61.1,95.655462184874,85.7710292037607,4.0,27.1,45.0,9.0,304.0,83.6768809462602
2013,English,49,47.0,2.0,Northumbria,66.9,86.5222772277228,89.0,6.0,15.1,43.0,5.0,339.0,73.7107688256977
2014,English,58,49.0,9.0,Northumbria,60.7,92.5187032418953,93.0,6.0,14.6,44.0,4.0,351.0,73.0538922155689
2013,English,25,28.0,-3.0,Nottingham,76.1,92.2920792079208,88.0,5.0,18.8,64.0,7.0,460.0,70.6801880188019
2014,English,22,25.0,-3.0,Nottingham,74.1,93.2835820895522,90.0,6.0,18.6,64.0,7.0,473.0,75.7936507936508
2013,English,89,84.0,5.0,Nottingham Trent,55.8,89.4747474747475,84.8484848484848,6.0,19.6,35.0,2.0,321.0,73.759595959596
2014,English,97,89.0,8.0,Nottingham Trent,45.6,88.1612090680101,90.0,5.0,18.2,32.0,1.0,321.0,69.2
2013,English,4,3.0,1.0,Oxford,92.4,91.8019801980198,92.0792079207921,,13.9,62.0,8.0,550.0,74.2198206027499
2014,English,5,4.0,1.0,Oxford,87.1,95.25,93.0,,13.5,64.0,7.0,542.0,78.4431137724551
2013,English,69,44.0,25.0,Oxford Brookes,62.5,87.7217221722172,83.8383838383838,5.0,15.2,45.0,4.0,335.0,73.3298329832983
2014,English,43,69.0,-26.0,Oxford Brookes,66.6,90.7268170426065,89.0,7.0,15.7,51.0,5.0,370.0,76.0
2013,English,93,58.0,35.0,Plymouth,53.0,81.2810781078108,74.0,4.0,19.3,48.0,,304.0,65.4186046511628
2014,English,91,93.0,-2.0,Plymouth,51.3,90.0249376558603,85.1485148514852,6.0,20.8,51.0,1.0,328.0,72.7454909819639
2013,English,98,72.0,26.0,Portsmouth,50.5,85.0227232853364,85.7945464540069,5.0,25.2,51.0,1.0,318.0,72.0100701161673
2014,English,79,98.0,-19.0,Portsmouth,54.1,84.0,86.0,7.0,21.2,58.0,2.0,325.0,71.7434869739479
2013,English,10,9.0,1.0,Queen Mary,84.8,93.7667605310778,90.0,,16.8,67.0,8.0,422.0,73.8505153545658
2014,English,20,10.0,10.0,Queen Mary,74.5,95.273631840796,94.0,6.0,19.0,62.0,8.0,426.0,74.7514910536779
2013,English,58,62.0,-4.0,"Queen's, Belfast",64.8,90.6944444444444,80.0,7.0,16.1,38.0,4.0,395.0,63.6452313598707
2014,English,48,58.0,-10.0,"Queen's, Belfast",64.3,91.4786967418546,91.0891089108911,6.0,16.4,56.0,3.0,396.0,69.6787148594378
2013,English,38,41.0,-3.0,Reading,71.8,92.25,90.0,6.0,15.9,51.0,5.0,394.0,67.8
2014,English,39,38.0,1.0,Reading,68.3,93.0348258706468,90.0990099009901,7.0,14.9,54.0,6.0,395.0,69.0
2013,English,61,50.0,11.0,Roehampton,64.4,91.994499449945,87.0,2.0,18.4,61.0,5.0,285.0,72.3867186718672
2014,English,54,61.0,-7.0,Roehampton,62.1,95.7605985037406,92.0,3.0,18.6,55.0,6.0,305.0,78.6427145708583
2013,English,30,32.0,-2.0,Royal Holloway,74.0,90.8059221244705,81.7154296074769,7.0,15.8,62.0,6.0,440.0,62.7207448364093
2014,English,25,30.0,-5.0,Royal Holloway,72.8,94.2087839920657,89.8629392351,4.0,15.9,73.0,7.0,427.0,71.058848735105
2013,English,56,96.0,-40.0,Salford,65.1,88.7165341329215,88.6835865963646,6.0,13.8,37.0,4.0,271.0,77.5394223247462
2014,English,55,56.0,-1.0,Salford,61.4,91.5312808490386,90.6696395720194,4.0,14.3,51.0,4.0,306.0,79.2570795340279
2013,English,46,42.0,4.0,Sheffield,69.0,89.9848484848485,88.0,4.0,22.1,58.0,7.0,464.0,64.5604479028278
2014,English,41,46.0,-5.0,Sheffield,68.0,93.5162094763092,92.9292929292929,5.0,22.9,63.0,7.0,464.0,69.2614770459082
2013,English,87,61.0,26.0,Sheffield Hallam,55.9,88.2747524752475,86.0,5.0,23.5,33.0,7.0,338.0,63.2222222222222
2014,English,92,87.0,5.0,Sheffield Hallam,50.4,83.75,77.0,6.0,23.8,47.0,5.0,340.0,66.0
2013,English,26,24.0,2.0,Southampton,75.8,95.2572757275728,94.0,4.0,18.9,60.0,7.0,462.0,71.8187218721872
2014,English,18,26.0,-8.0,Southampton,74.6,97.5,98.0,5.0,20.3,51.0,8.0,452.0,81.0
2013,English,82,103.0,-21.0,Southampton Solent,56.6,94.769801980198,95.0,4.0,19.7,,1.0,297.0,86.4231623162316
2014,English,68,82.0,-14.0,Southampton Solent,57.1,93.25,92.9292929292929,5.0,21.1,,3.0,278.0,80.6387225548902
2013,English,5,5.0,0.0,St Andrews,87.7,95.279702970297,94.0,9.0,12.9,48.0,8.0,504.0,76.969696969697
2014,English,4,5.0,-1.0,St Andrews,89.1,94.0149625935162,92.0792079207921,9.0,12.7,72.0,7.0,519.0,79.2
2014,English,87,,,St Mark and St John,52.1,94.5409429280397,92.0,2.0,29.3,,4.0,247.0,86.372745490982
2013,English,95,97.0,-2.0,"St Mary's UC, Twickenham",52.4,91.550782763881,88.0703404874855,3.0,21.7,37.0,2.0,264.0,75.8925063449863
2014,English,99,95.0,4.0,"St Mary's UC, Twickenham",41.3,90.1156570951654,83.8061470510768,2.0,27.1,50.0,1.0,298.0,68.5000699065255
2013,English,74,54.0,20.0,Staffordshire,60.4,96.5,94.0,6.0,19.3,53.0,1.0,261.0,76.5029702970297
2014,English,93,74.0,19.0,Staffordshire,50.2,88.5286783042394,90.0,7.0,18.8,39.0,2.0,239.0,76.5873015873016
2013,English,23,40.0,-17.0,Stirling,77.6,97.6937571001623,99.9621383301852,4.0,19.4,60.0,7.0,375.0,76.7936385996472
2014,English,34,23.0,11.0,Stirling,69.0,91.2718204488778,90.0990099009901,5.0,15.9,49.0,6.0,392.0,81.9085487077535
2013,English,57,46.0,11.0,Strathclyde,65.0,91.5120262026203,77.0,4.0,19.8,42.0,7.0,408.0,67.64200420042
2014,English,40,57.0,-17.0,Strathclyde,68.2,94.9748743718593,89.0,7.0,13.8,45.0,4.0,463.0,76.0
2013,English,54,52.0,2.0,Sunderland,65.3,86.0539215686274,89.0,5.0,19.2,39.0,8.0,276.0,79.4727272727272
2014,English,64,54.0,10.0,Sunderland,57.9,92.0199501246883,92.0792079207921,4.0,25.3,37.0,8.0,283.0,84.7695390781563
2013,English,37,94.0,-57.0,Surrey,72.7,91.0009111835795,79.408377760853,7.0,19.0,,9.0,403.0,61.9825641025641
2014,English,59,37.0,22.0,Surrey,60.3,91.1478759463142,83.2823781801146,6.0,19.5,44.0,8.0,436.0,56.9277651111099
2013,English,22,8.0,14.0,Sussex,78.1,92.4492372706658,86.0,7.0,20.4,56.0,8.0,408.0,77.5280788507261
2014,English,34,22.0,12.0,Sussex,69.0,92.2110552763819,89.1089108910891,6.0,23.5,65.0,8.0,429.0,69.1235059760956
2013,English,72,82.0,-10.0,Swansea,60.9,84.25,80.0,6.0,18.4,48.0,5.0,356.0,63.3232323232323
2014,English,61,72.0,-11.0,Swansea,60.1,88.5,86.0,7.0,17.1,54.0,4.0,353.0,64.7887323943662
2013,English,55,54.0,1.0,Teesside,65.2,93.9873737373738,96.039603960396,4.0,20.8,36.0,7.0,299.0,77.8693069306931
2014,English,47,55.0,-8.0,Teesside,64.7,94.5544554455446,94.059405940594,4.0,20.5,44.0,6.0,341.0,87.2255489021956
2013,English,90,88.0,2.0,Trinity Saint David,54.8,86.5,57.4257425742574,4.0,20.9,,8.0,247.0,64.5110830527497
2014,English,102,90.0,12.0,Trinity Saint David,32.1,76.0,52.4752475247525,3.0,22.5,,3.0,208.0,60.4
2013,English,83,90.0,-7.0,UC Falmouth,56.5,80.4090909090909,73.0,5.0,,42.0,7.0,264.0,74.1686274509804
2013,English,65,84.0,-19.0,UC Suffolk,62.8,91.8168316831683,89.0,,22.9,,3.0,270.0,78.4
2014,English,81,65.0,16.0,UC Suffolk,53.9,94.8510638297872,95.1969665051612,,19.7,26.0,1.0,304.0,80.5259582486156
2013,English,1,1.0,0.0,UCL,100.0,97.5,96.0,9.0,13.3,64.0,7.0,510.0,80.5798259313111
2014,English,1,1.0,0.0,UCL,100.0,96.2593516209476,92.0,10.0,14.0,85.0,9.0,498.0,82.0359281437126
2013,English,11,11.0,0.0,UEA,84.7,93.8250103925479,89.7952119570727,10.0,15.9,48.0,8.0,425.0,72.8087770882826
2014,English,7,11.0,-4.0,UEA,84.9,97.0601975887475,96.0947722367682,9.0,14.5,66.0,7.0,454.0,75.5446639652154
2013,English,92,89.0,3.0,Ulster,53.6,88.484398439844,91.0,3.0,17.1,23.0,2.0,276.0,79.0
2014,English,84,92.0,-8.0,Ulster,53.0,94.2355889724311,94.0,4.0,17.6,45.0,1.0,281.0,80.561122244489
2013,English,62,74.0,-12.0,UWE Bristol,64.3,92.9545454545454,89.8989898989899,5.0,17.7,39.0,6.0,306.0,74.6574257425743
2014,English,48,62.0,-14.0,UWE Bristol,64.3,92.2110552763819,90.0,5.0,19.0,50.0,8.0,339.0,75.8483033932136
2013,English,7,5.0,2.0,Warwick,85.7,91.3366336633663,93.0,9.0,14.3,66.0,6.0,502.0,69.6446644664466
2014,English,9,7.0,2.0,Warwick,83.1,95.5223880597015,93.0,9.0,14.3,66.0,8.0,518.0,69.3386773547094
2013,English,71,66.0,5.0,Westminster,61.6,84.0396039603961,78.0,7.0,16.9,39.0,7.0,283.0,70.409800980098
2014,English,51,71.0,-20.0,Westminster,63.1,87.5311720698254,86.0,7.0,18.2,48.0,8.0,316.0,76.0479041916168
2013,English,67,70.0,-3.0,Winchester,62.7,92.25,92.0,3.0,16.3,47.0,4.0,313.0,69.9808580858086
2014,English,57,67.0,-10.0,Winchester,60.8,92.7318295739348,90.9090909090909,3.0,16.1,58.0,5.0,327.0,73.4406438631791
2013,English,70,79.0,-9.0,Worcester,62.0,89.2045454545454,88.8888888888889,4.0,13.6,43.0,4.0,316.0,78.4594059405941
2014,English,77,70.0,7.0,Worcester,54.2,89.1687657430731,90.9090909090909,3.0,22.6,51.0,4.0,290.0,75.4527162977867
2013,English,13,20.0,-7.0,York,83.0,93.519501950195,90.0990099009901,7.0,19.1,69.0,7.0,515.0,70.2006093279485
2014,English,17,13.0,4.0,York,75.4,93.2668329177057,82.8282828282828,7.0,18.6,68.0,7.0,514.0,66.6003976143141
2013,English,62,58.0,4.0,York St John,64.3,92.289603960396,89.8989898989899,10.0,21.0,31.0,3.0,292.0,79.3730173017302
2014,English,98,62.0,36.0,York St John,43.7,87.5621890547264,79.0,7.0,24.1,39.0,1.0,299.0,62.0278330019881
2015,English & Creative Writing,28,,,Aberdeen,73.9,92.9364352831002,88.2498224505994,6.0,23.0,61.0,8.0,446.0,76.0734192042135
2015,English & Creative Writing,90,,,Aberystwyth,57.6,86.7824368764186,82.2461807071147,2.0,22.2,48.0,7.0,340.0,71.7104967174847
2015,English & Creative Writing,72,,,Anglia Ruskin,61.9,91.4768064395203,81.9724770642201,10.0,24.9,46.0,3.0,261.0,75.6437448564926
2015,English & Creative Writing,13,,,Aston,81.0999999999999,96.2406015037594,98.0,10.0,10.5,,8.0,353.0,72.3446893787575
2015,English & Creative Writing,61,,,Bangor,65.9,89.4643392277608,84.4321351219943,6.0,13.1,61.0,5.0,305.0,69.960706190494
2015,English & Creative Writing,66,,,Bath Spa,63.9,89.049348626264,87.0344541085408,3.0,21.2,53.0,7.0,339.0,76.2484118217268
2015,English & Creative Writing,46,,,Bedfordshire,70.2,89.6753989762119,89.9541173629557,9.0,6.8,43.0,4.0,209.0,82.4146725561743
2015,English & Creative Writing,17,,,Birmingham,78.0,88.7034362964909,82.8739594741135,9.0,16.5,72.0,7.0,418.0,71.2777109441395
2015,English & Creative Writing,79,,,Birmingham City,60.2,90.3592913450969,84.2322274881516,4.0,24.4,56.9999999999999,3.0,294.0,73.1619213016412
2015,English & Creative Writing,102,,,Bishop Grosseteste UC,45.2,97.0,87.9999999999999,1.0,39.4,,1.0,237.0,83.2
2015,English & Creative Writing,103,,,Bolton,43.1,83.4847795383653,71.3430656934306,3.0,29.2,38.0,5.0,233.0,74.7004627628043
2015,English & Creative Writing,76,,,Bournemouth,60.4,86.7093488194973,79.5658796648895,8.0,21.4,35.0,6.0,352.0,75.0171573917064
2015,English & Creative Writing,76,,,Brighton,60.4,89.3364720555183,83.0497249140444,4.0,16.6,43.0,6.0,323.0,70.8785256086825
2015,English & Creative Writing,21,,,Bristol,77.0999999999999,95.4659949622166,84.8484848484848,5.0,24.8,77.0,7.0,486.0,67.5999999999999
2015,English & Creative Writing,6,,,Brunel,88.2,93.8671825869005,96.5236925236925,10.0,8.9,49.0,7.0,349.0,85.3589142132537
2015,English & Creative Writing,30,,,Buckingham,73.5,97.9949874686716,100.0,4.0,11.5,,1.0,325.0,91.816367265469
2015,English & Creative Writing,1,,,Cambridge,100.0,96.9849246231155,96.9696969696969,10.0,17.8999999999999,80.0,7.0,565.0,79.4
2015,English & Creative Writing,72,,,Canterbury Christ Church,61.9,92.7456896551724,95.6810344827586,4.0,11.0,36.0,6.0,270.0,74.8120689655172
2015,English & Creative Writing,39,,,Cardiff,72.2,92.7860696517413,89.108910891089,5.0,16.0,69.0,5.0,422.0,68.7872763419483
2015,English & Creative Writing,67,,,Cardiff Met,63.0,93.4673366834171,91.9191919191919,3.0,,50.0,6.0,303.0,86.5191146881287
2015,English & Creative Writing,68,,,Central Lancashire,62.9,89.8503176193749,91.0270881762458,8.0,11.2,34.0,2.0,351.0,75.4410624323142
2015,English & Creative Writing,47,,,Chester,68.8,96.0613312230276,96.469450750069,3.0,21.3,59.0,4.0,314.0,85.9650065979335
2015,English & Creative Writing,75,,,Chichester,61.2,90.6716743820421,84.9129622718582,2.0,20.3,52.0,5.0,279.0,81.9724424672517
2015,English & Creative Writing,49,,,Coventry,68.5,94.2928039702233,92.0,4.0,19.3,67.0,4.0,290.0,84.5070422535211
2015,English & Creative Writing,83,,,Cumbria,59.3,95.2651486158948,98.4273504273504,1.0,38.9,,4.0,233.0,94.0284832045311
2015,English & Creative Writing,64,,,De Montfort,64.2,93.6734921623585,91.9478811786504,4.0,19.8999999999999,47.0,6.0,293.0,78.0660755779117
2015,English & Creative Writing,94,,,Derby,55.9,91.627835046415,84.455147046185,8.0,12.8,33.0,1.0,312.0,67.6804583984042
2015,English & Creative Writing,34,,,Dundee,72.8,95.7499999999999,93.0,5.0,22.6,41.0,8.0,421.0,83.6327345309381
2015,English & Creative Writing,3,,,Durham,93.2,96.4824120603015,93.069306930693,5.0,13.5,86.0,7.0,572.0,83.8
2015,English & Creative Writing,92,,,East London,56.5,87.9093198992443,86.0,8.0,,37.0,7.0,246.0,67.065868263473
2015,English & Creative Writing,78,,,Edge Hill,60.3,91.3449805703581,90.0,3.0,17.2,53.0,1.0,328.0,82.3356587229875
2015,English & Creative Writing,12,,,Edinburgh,82.3,91.6666666666666,86.9999999999999,10.0,17.3,72.0,7.0,495.0,60.6786427145708
2015,English & Creative Writing,57,,,Edinburgh Napier,66.4,99.0,95.9999999999999,4.0,33.0,,,368.0,88.4
2015,English & Creative Writing,19,,,Essex,77.5,97.442582551038,98.7493145031008,7.0,9.69999999999999,44.0,7.0,348.0,84.6936756597097
2015,English & Creative Writing,8,,,Exeter,85.3,95.25,92.9999999999999,7.0,17.1,72.0,7.0,479.0,80.0796812749004
2015,English & Creative Writing,63,,,Falmouth,64.5999999999999,88.5,84.0,4.0,25.1,51.0,8.0,295.0,80.8
2015,English & Creative Writing,40,,,Glasgow,72.0,92.3726092463584,91.7728942368587,6.0,20.8,56.9999999999999,5.0,473.0,73.0255306813754
2015,English & Creative Writing,16,,,Gloucestershire,78.3,95.7220487115223,92.7029785029785,8.0,16.7,55.0,7.0,304.0,85.7852036540231
2015,English & Creative Writing,80,,,Glyndwr,60.0,81.8744230054663,70.2903225806451,5.0,20.7,,,267.0,75.2774193548386
2015,English & Creative Writing,69,,,Goldsmiths,62.5,92.5000512767921,87.0090061484282,3.0,21.3,49.0,4.0,367.0,81.6736436272776
2015,English & Creative Writing,86,,,Greenwich,58.1,87.201006552573,84.1859114015976,3.0,39.2,54.0,9.0,309.0,74.6655364222165
2015,English & Creative Writing,91,,,Hertfordshire,57.2,88.0032998974311,86.9671484888304,3.0,19.8999999999999,45.0,4.0,349.0,70.2331163930609
2015,English & Creative Writing,29,,,Huddersfield,73.8,91.5067452999074,87.0512129380053,6.0,11.3,63.0,7.0,342.0,75.640719414391
2015,English & Creative Writing,88,,,Hull,57.9,93.9137415082982,87.6521653314756,4.0,30.4,49.0,5.0,330.0,73.5459202271374
2015,English & Creative Writing,25,,,Keele,74.5999999999999,93.0,95.9595959595959,4.0,17.2,59.0,9.0,398.0,70.8835341365461
2015,English & Creative Writing,13,,,Kent,81.0999999999999,90.0062133128716,90.6707692307692,9.0,10.1,66.0,8.0,379.0,75.4086147311374
2015,English & Creative Writing,50,,,King's College London,68.4,82.6320319504916,71.714182903593,7.0,12.9,56.9999999999999,8.0,484.0,56.9145298578469
2015,English & Creative Writing,57,,,Kingston,66.4,90.7257980285919,91.8966868943569,6.0,16.7,56.9999999999999,8.0,285.0,67.1143606991427
2015,English & Creative Writing,15,,,Lancaster,78.4,94.1824440619621,91.9938155605577,6.0,17.1,67.0,7.0,468.0,73.5619747986737
2015,English & Creative Writing,30,,,Leeds,73.5,92.0595533498759,86.1386138613861,6.0,19.8,67.0,7.0,465.0,69.5999999999999
2015,English & Creative Writing,99,,,Leeds Met,47.9,90.25,87.1287128712871,5.0,30.1,44.0,2.0,256.0,70.5410821643286
2015,English & Creative Writing,101,,,Leeds Trinity,45.6,78.8029925187032,73.7373737373737,2.0,24.9,38.0,3.0,249.0,75.4491017964071
2015,English & Creative Writing,36,,,Leicester,72.5999999999999,91.4786967418546,91.9999999999999,6.0,22.3,69.0,7.0,411.0,71.4570858283433
2015,English & Creative Writing,53,,,Lincoln,67.5999999999999,93.7343358395989,90.9999999999999,4.0,29.1,65.0,7.0,331.0,81.7635270541082
2015,English & Creative Writing,30,,,Liverpool,73.5,92.0199501246882,91.0,6.0,19.5,60.0,7.0,417.0,73.7474949899799
2015,English & Creative Writing,51,,,Liverpool John Moores,68.2,94.3750118872588,93.6151254760277,3.0,21.6,35.0,10.0,321.0,80.94200319385
2015,English & Creative Writing,33,,,London Met,73.4,94.3420282471439,85.4792899408284,3.0,12.3,,10.0,229.0,80.9545875810936
2015,English & Creative Writing,105,,,London South Bank,33.9,75.6763194055677,79.1836734693877,3.0,40.7999999999999,42.0,1.0,227.0,73.4411753973546
2015,English & Creative Writing,38,,,Loughborough,72.3,92.7318295739348,92.0,6.0,24.6,56.0,8.0,403.0,81.1623246492985
2015,English & Creative Writing,41,,,Manchester,71.4,87.5,78.0,7.0,15.6,61.0,6.0,439.0,73.5470941883767
2015,English & Creative Writing,65,,,Manchester Met,64.0,93.689606741573,90.0579597285571,3.0,23.1,50.0,8.0,333.0,72.7266397964468
2015,English & Creative Writing,104,,,Middlesex,37.7,82.4934268136968,71.1876247504989,5.0,35.7999999999999,48.0,1.0,251.0,63.2240122585988
2015,English & Creative Writing,22,,,Newcastle,76.7,92.9824561403508,92.0,5.0,17.2,74.0,5.0,455.0,75.2
2015,English & Creative Writing,71,,,Newman University,62.1,95.9905766646505,86.1422742560106,4.0,21.5,76.0,1.0,291.0,80.6318250587914
2015,English & Creative Writing,42,,,Northampton,71.0,94.5766253645392,94.0695529406955,5.0,28.2,63.0,6.0,281.0,87.8032034872665
2015,English & Creative Writing,60,,,Northumbria,66.0,89.7755610972568,87.1287128712871,4.0,10.7,50.0,3.0,358.0,80.0804828973843
2015,English & Creative Writing,24,,,Nottingham,74.8,88.5333166160571,87.3798747066625,7.0,18.6,72.0,6.0,461.0,71.3160418998841
2015,English & Creative Writing,98,,,Nottingham Trent,52.4,87.96992481203,81.0,6.0,20.1,48.0,1.0,293.0,71.3426853707414
2015,English & Creative Writing,5,,,Oxford,89.6,95.25,91.089108910891,,13.3,68.0,7.0,551.0,77.9559118236472
2015,English & Creative Writing,20,,,Oxford Brookes,77.3,94.9999999999999,90.9999999999999,9.0,11.5,48.0,7.0,353.0,81.0379241516966
2015,English & Creative Writing,56,,,Plymouth,66.5,92.6141175084248,90.5108305590384,6.0,19.7,50.0,3.0,312.0,81.6109745574353
2015,English & Creative Writing,93,,,Portsmouth,56.2,90.1876137879254,87.2343189060546,6.0,21.8,51.0,2.0,311.0,69.3534292823462
2015,English & Creative Writing,17,,,Queen Mary,78.0,95.7286432160804,92.9292929292929,6.0,16.7,65.0,7.0,444.0,69.5390781563126
2015,English & Creative Writing,59,,,"Queen's, Belfast",66.0999999999999,94.5472478485663,87.6198319138135,5.0,16.2,52.0,3.0,383.0,73.7946389808234
2015,English & Creative Writing,27,,,Reading,74.2,91.5702736318408,90.7462686567164,8.0,9.5,51.0,6.0,372.0,72.9196015216202
2015,English & Creative Writing,84,,,Roehampton,59.0,90.2029937005826,88.0228989723616,4.0,15.9,52.0,3.0,289.0,71.7689658427899
2015,English & Creative Writing,26,,,Royal Holloway,74.3,93.8220900112509,88.5764895330112,3.0,17.1,68.0,7.0,423.0,71.9021260364349
2015,English & Creative Writing,74,,,Salford,61.7,88.699344021732,88.937925666472,4.0,21.6,56.0,5.0,335.0,78.8154392819094
2015,English & Creative Writing,35,,,Sheffield,72.7,93.5162094763092,93.0,5.0,18.2,61.0,7.0,446.0,71.5430861723446
2015,English & Creative Writing,82,,,Sheffield Hallam,59.4,89.2917303572304,81.4733842884925,6.0,21.7,40.0,6.0,327.0,70.2779755530934
2015,English & Creative Writing,62,,,South Wales,65.2,92.52382200139,89.0697074506902,4.0,26.7,55.0,7.0,306.0,78.5836133013369
2015,English & Creative Writing,10,,,Southampton,83.0,95.4773869346733,90.0,8.0,8.5,61.0,7.0,430.0,73.4
2015,English & Creative Writing,85,,,Southampton Solent,58.5,91.006353607116,84.4137931034482,5.0,23.0,38.0,4.0,297.0,79.1172413793103
2015,English & Creative Writing,4,,,St Andrews,91.7,92.7680798004987,90.09900990099,8.0,11.8,78.0,7.0,524.0,82.2355289421157
2015,English & Creative Writing,95,,,St Mark and St John,53.4,94.3443931525292,90.9898057318712,2.0,27.5,,2.0,235.0,81.1503648959776
2015,English & Creative Writing,81,,,"St Mary's UC, Twickenham",59.6,92.6836362087996,93.1834182114855,2.0,20.6,52.0,3.0,292.0,79.3387167804057
2015,English & Creative Writing,100,,,Staffordshire,47.0,80.2929362880886,73.066985645933,5.0,26.5,43.0,3.0,216.0,68.9856901289367
2015,English & Creative Writing,52,,,Stirling,68.0,96.0099750623441,81.0,4.0,15.8,45.0,7.0,377.0,75.8
2015,English & Creative Writing,44,,,Strathclyde,70.4,95.5,93.069306930693,4.0,10.4,39.0,6.0,446.0,73.0
2015,English & Creative Writing,47,,,Sunderland,68.8,96.2610878295791,95.4371724932227,4.0,25.4,44.0,8.0,303.0,88.0328046543546
2015,English & Creative Writing,37,,,Surrey,72.5,93.7817725752508,91.4916387959866,8.0,15.9,56.9999999999999,6.0,424.0,66.3710967084671
2015,English & Creative Writing,23,,,Sussex,75.5,94.2643391521196,90.0,6.0,18.7,56.0,8.0,423.0,77.755511022044
2015,English & Creative Writing,55,,,Swansea,67.2,86.5671641791044,86.0,3.0,14.8,77.0,6.0,343.0,69.5999999999999
2015,English & Creative Writing,89,,,Teesside,57.8,87.0646766169154,89.0,3.0,26.6,43.0,7.0,289.0,78.4860557768924
2015,English & Creative Writing,2,,,UCL,99.9,99.0,100.0,9.0,14.8,78.0,7.0,527.0,88.4
2015,English & Creative Writing,9,,,UEA,84.8,96.5585059975473,97.4235649873103,9.0,14.7,61.0,7.0,461.0,71.7564913998519
2015,English & Creative Writing,97,,,Ulster,52.5,89.9749373433583,88.0,4.0,18.8,34.0,1.0,300.0,79.8
2015,English & Creative Writing,54,,,University Campus Suffolk,67.4,96.25,98.0,,18.5,47.0,,335.0,78.714859437751
2015,English & Creative Writing,45,,,UWE Bristol,70.3,94.5452496337202,89.9026669262215,3.0,19.1,56.0,8.0,341.0,83.7773111461943
2015,English & Creative Writing,6,,,Warwick,88.2,94.6525652180748,90.0650775633749,10.0,11.2,70.0,7.0,504.0,70.4500571312917
2015,English & Creative Writing,70,,,Westminster,62.3,83.5729303842169,79.1807818447193,7.0,19.7,53.0,8.0,306.0,68.3638074457929
2015,English & Creative Writing,42,,,Winchester,71.0,94.5387030837694,93.0,3.0,14.6,56.0,8.0,336.0,76.8470026806492
2015,English & Creative Writing,96,,,Worcester,52.9,91.5988054687543,88.978135257006,3.0,28.7,40.0,3.0,291.0,81.7033207496696
2015,English & Creative Writing,11,,,York,82.7,93.984962406015,89.0,7.0,16.5,72.0,7.0,495.0,73.293172690763
2015,English & Creative Writing,87,,,York St John,58.0,92.2885572139303,89.8989898989898,8.0,28.9,49.0,3.0,305.0,72.6546906187624
2015,Fashion & Textiles,25,,,Anglia Ruskin,79.9,91.4786967418546,93.069306930693,8.0,23.5,,,262.0,75.7028112449799
2015,Fashion & Textiles,8,,,Arts University Bournemouth,90.8,93.5,91.0,4.0,10.6,51.0,6.0,315.0,80.1603206412825
2015,Fashion & Textiles,29,,,Bath Spa,77.0999999999999,83.3746898263027,79.2079207920792,6.0,17.6,38.0,3.0,409.0,70.8
2015,Fashion & Textiles,38,,,Bedfordshire,66.0,76.6917293233082,74.0,5.0,22.2,,,244.0,76.9539078156312
2015,Fashion & Textiles,39,,,Birmingham City,64.0,75.187969924812,65.9999999999999,5.0,22.0,43.0,2.0,342.0,65.3386454183266
2015,Fashion & Textiles,16,,,Brighton,87.1,91.25,90.9999999999999,7.0,20.6,35.0,,371.0,83.9679358717434
2015,Fashion & Textiles,30,,,Bucks New University,77.0,83.5411471321695,81.0,3.0,14.8,,,309.0,78.4
2015,Fashion & Textiles,33,,,Cardiff Met,72.4,82.5870646766169,77.9999999999999,4.0,16.5,23.0,,334.0,73.1999999999999
2015,Fashion & Textiles,17,,,Central Lancashire,86.6,85.5361596009975,83.8383838383838,4.0,19.6,51.0,9.0,328.0,80.5611222444889
2015,Fashion & Textiles,23,,,Coventry,82.9,87.2180451127819,82.0,4.0,16.3,,,361.0,78.3999999999999
2015,Fashion & Textiles,28,,,De Montfort,78.0,83.7283444281857,81.7232632354144,3.0,12.5,50.0,3.0,345.0,73.1709571466385
2015,Fashion & Textiles,3,,,Derby,96.1,86.5,86.0,9.0,13.4,47.0,4.0,357.0,84.3373493975903
2015,Fashion & Textiles,40,,,East London,61.8,69.576059850374,61.3861386138613,7.0,29.1,45.0,4.0,352.0,60.5577689243027
2015,Fashion & Textiles,2,,,Edinburgh,97.6,81.704260651629,77.0,10.0,17.7,,,449.0,68.2539682539682
2015,Fashion & Textiles,20,,,Falmouth,85.3,90.2743142144638,90.9999999999999,5.0,23.4,56.0,5.0,354.0,80.3999999999999
2015,Fashion & Textiles,42,,,Glasgow Caledonian,60.1,67.8304239401496,69.3069306930693,2.0,21.0,28.0,9.0,388.0,46.3073852295409
2015,Fashion & Textiles,4,,,Glasgow School of Art,93.8,79.9498746867167,75.2475247524752,10.0,20.1,,,415.0,65.7314629258516
2015,Fashion & Textiles,26,,,Heriot-Watt,78.5,70.25,70.2970297029702,8.0,28.1,79.0,6.0,405.0,48.1113320079522
2015,Fashion & Textiles,36,,,Hertfordshire,69.8,80.3482587064676,74.0,8.0,21.8,,1.0,347.0,70.2594810379241
2015,Fashion & Textiles,31,,,Huddersfield,75.8,86.5336658354114,80.1980198019801,3.0,29.1,57.9999999999999,4.0,367.0,82.0359281437125
2015,Fashion & Textiles,5,,,Kingston,93.5,85.7142857142857,80.0,6.0,16.5,67.0,5.0,444.0,66.6666666666666
2015,Fashion & Textiles,13,,,Leeds,89.1,80.0995024875621,77.7777777777777,6.0,19.3999999999999,68.0,6.0,418.0,70.7414829659318
2015,Fashion & Textiles,11,,,Leeds College of Art,90.0,89.2768079800498,90.9999999999999,3.0,10.6,45.0,6.0,367.0,77.7999999999999
2015,Fashion & Textiles,18,,,Liverpool John Moores,86.3,,,4.0,13.7,21.0,10.0,371.0,
2015,Fashion & Textiles,43,,,London Met,40.4,69.172932330827,54.0,2.0,31.1,,,235.0,65.8
2015,Fashion & Textiles,1,,,Loughborough,100.0,87.0324189526184,82.8282828282828,9.0,16.1,38.0,9.0,449.0,76.8
2015,Fashion & Textiles,7,,,Manchester Met,91.2,83.9999999999999,81.1881188118811,3.0,16.0,60.0,6.0,434.0,76.3527054108216
2015,Fashion & Textiles,14,,,Middlesex,88.3,88.2205513784461,84.1584158415841,8.0,19.6,56.9999999999999,6.0,325.0,80.9236947791164
2015,Fashion & Textiles,15,,,Norwich University of the Arts,87.6,92.1914357682619,95.0,4.0,17.6,,5.0,333.0,85.3413654618474
2015,Fashion & Textiles,10,,,Nottingham Trent,90.2,84.0,82.8282828282828,5.0,14.5,65.0,7.0,372.0,73.6526946107784
2015,Fashion & Textiles,24,,,Portsmouth,80.9,88.1909547738693,77.0,5.0,21.9,,8.0,319.0,75.5999999999999
2015,Fashion & Textiles,41,,,Ravensbourne,60.9,66.0049627791563,60.3960396039603,2.0,18.5,61.0,4.0,284.0,60.0397614314115
2015,Fashion & Textiles,22,,,Robert Gordon,83.0,77.1929824561403,74.0,4.0,16.5,54.0,8.0,364.0,75.4
2015,Fashion & Textiles,35,,,Sheffield Hallam,71.4,81.2030075187969,80.1980198019802,4.0,18.0,,2.0,361.0,68.937875751503
2015,Fashion & Textiles,37,,,South Wales,66.8,82.6196473551637,78.7878787878787,3.0,26.8,33.0,7.0,329.0,73.8
2015,Fashion & Textiles,9,,,Southampton,90.3,93.2330827067669,89.0,8.0,17.0,44.0,3.0,379.0,83.4661354581673
2015,Fashion & Textiles,34,,,Southampton Solent,72.0,75.8706467661691,73.0,3.0,19.3999999999999,48.0,8.0,332.0,65.0698602794411
2015,Fashion & Textiles,5,,,Staffordshire,93.5,88.5286783042393,90.9090909090909,,15.3,,4.0,423.0,73.5999999999999
2015,Fashion & Textiles,19,,,Sunderland,85.8,83.4586466165413,83.0,8.0,15.8,,,315.0,76.4
2015,Fashion & Textiles,32,,,Ulster,74.5,88.5,87.8787878787878,3.0,23.8,,4.0,323.0,85.0894632206759
2015,Fashion & Textiles,27,,,University for the Creative Arts,78.0999999999999,83.8308457711442,79.0,4.0,12.1,48.0,2.0,348.0,76.2475049900199
2015,Fashion & Textiles,12,,,University of the Arts London,89.2,81.5,76.0,10.0,23.4,49.0,7.0,369.0,75.5020080321285
2015,Fashion & Textiles,21,,,Westminster,83.8,67.4739229144164,63.4100672025299,5.0,23.0,70.0,9.0,447.0,58.6437211753854
2015,Film Production & Photography,59,,,Aberystwyth,55.9,77.59127167934,71.6024978087122,4.0,17.1,34.0,3.0,309.0,65.4635787250131
2015,Film Production & Photography,43,,,Anglia Ruskin,63.2,78.5,74.2574257425742,8.0,23.0,42.0,,282.0,69.4610778443113
2015,Film Production & Photography,13,,,Arts University Bournemouth,77.4,84.4221105527638,78.0,4.0,,78.0,6.0,336.0,63.8
2015,Film Production & Photography,25,,,Bath Spa,68.8,85.929648241206,80.0,7.0,17.7,,,320.0,69.7211155378486
2015,Film Production & Photography,62,,,Bedfordshire,52.9,82.4691358024691,77.2277227722771,4.0,27.6,,,217.0,78.7401574803149
2015,Film Production & Photography,35,,,Birmingham City,65.5999999999999,73.1343283582089,63.3663366336633,5.0,22.0,50.0,7.0,355.0,76.8
2015,Film Production & Photography,24,,,Bolton,69.4,89.4736842105263,89.108910891089,3.0,19.8999999999999,31.0,7.0,331.0,81.0379241516966
2015,Film Production & Photography,21,,,Bournemouth,69.5999999999999,81.5,72.0,8.0,16.7,,4.0,388.0,57.1999999999999
2015,Film Production & Photography,12,,,Brighton,77.9,85.2130325814536,76.0,7.0,14.4,44.0,9.0,318.0,67.1342685370741
2015,Film Production & Photography,8,,,Brunel,81.3,91.25,87.0,10.0,13.3,36.0,4.0,320.0,86.5731462925851
2015,Film Production & Photography,51,,,Bucks New University,60.5,83.1234256926952,84.8484848484848,3.0,20.9,,8.0,255.0,78.5140562248996
2015,Film Production & Photography,44,,,Canterbury Christ Church,62.9,86.43216080402,80.392156862745,3.0,18.2,42.0,7.0,283.0,69.1999999999999
2015,Film Production & Photography,31,,,Central Lancashire,67.5999999999999,83.0,81.0,7.0,16.2,48.0,2.0,324.0,73.5470941883767
2015,Film Production & Photography,34,,,Chester,66.2,83.0,71.9999999999999,5.0,18.3999999999999,,,325.0,75.301204819277
2015,Film Production & Photography,1,,,Coventry,100.0,94.0,92.0,5.0,11.9,,9.0,413.0,91.2
2015,Film Production & Photography,61,,,Cumbria,54.1,90.2743142144638,83.0,2.0,34.7999999999999,,6.0,260.0,78.9156626506023
2015,Film Production & Photography,39,,,De Montfort,65.0,80.7017543859649,76.0,3.0,17.5,53.0,3.0,351.0,71.1422845691382
2015,Film Production & Photography,57,,,Derby,56.8,81.1083123425692,80.1980198019801,5.0,25.0,49.0,1.0,311.0,75.3507014028056
2015,Film Production & Photography,55,,,East London,58.8,78.0548628428927,64.9999999999999,10.0,23.6,24.0,6.0,254.0,76.9999999999999
2015,Film Production & Photography,16,,,Edge Hill,74.9,85.5,87.0,4.0,15.6,,,354.0,79.1583166332665
2015,Film Production & Photography,3,,,Edinburgh,91.6,81.2030075187969,76.0,10.0,11.7,,8.0,380.0,71.0261569416499
2015,Film Production & Photography,37,,,Edinburgh Napier,65.2,83.291770573566,65.3465346534653,4.0,14.5,48.0,3.0,369.0,66.1322645290581
2015,Film Production & Photography,53,,,Essex,60.1,91.0,81.8181818181818,6.0,15.6,12.0,2.0,265.0,85.0597609561752
2015,Film Production & Photography,46,,,Falmouth,62.1,70.0,64.0,8.0,20.3,62.0,3.0,310.0,56.312625250501
2015,Film Production & Photography,4,,,Glasgow,87.3,94.235588972431,85.8585858585858,5.0,16.2,,7.0,460.0,69.6606786427145
2015,Film Production & Photography,38,,,Gloucestershire,65.0999999999999,80.0,63.9999999999999,3.0,,44.0,8.0,290.0,72.4346076458752
2015,Film Production & Photography,30,,,Greenwich,68.0,88.1909547738693,89.8989898989899,6.0,29.4,,9.0,311.0,77.7108433734939
2015,Film Production & Photography,16,,,Hertfordshire,74.9,66.4999999999999,60.0,9.0,7.3,47.0,6.0,361.0,52.3046092184368
2015,Film Production & Photography,7,,,Huddersfield,82.7,96.7581047381546,91.0,3.0,15.4,,,332.0,94.2
2015,Film Production & Photography,2,,,Kent,94.7,96.9924812030075,94.0,6.0,12.1,66.0,9.0,368.0,87.9759519038076
2015,Film Production & Photography,45,,,Kingston,62.8,81.1414392059553,78.0,6.0,16.0,31.0,4.0,315.0,71.8562874251497
2015,Film Production & Photography,11,,,Leeds,78.5999999999999,91.7705735660847,82.1782178217821,6.0,14.3,,,403.0,72.8
2015,Film Production & Photography,49,,,Leeds Met,61.5,84.0,82.0,3.0,23.0,54.0,9.0,255.0,74.7494989979959
2015,Film Production & Photography,20,,,Lincoln,71.5,78.9473684210526,74.0,4.0,16.3,,,334.0,82.4
2015,Film Production & Photography,41,,,Liverpool John Moores,64.8,89.0274314214464,66.0,3.0,19.8999999999999,,,351.0,66.9338677354709
2015,Film Production & Photography,64,,,London Met,34.0,54.2713567839196,47.4747474747474,3.0,31.1,21.0,3.0,,62.4497991967871
2015,Film Production & Photography,50,,,London South Bank,60.6,89.1959798994974,82.1782178217821,9.0,26.8,42.0,2.0,258.0,74.9498997995991
2015,Film Production & Photography,35,,,Manchester Met,65.5999999999999,70.1754385964912,50.0,3.0,17.6,56.9999999999999,6.0,412.0,62.4497991967871
2015,Film Production & Photography,10,,,Middlesex,78.7,85.1485148514851,80.0,10.0,15.4,43.0,5.0,317.0,79.718875502008
2015,Film Production & Photography,29,,,Northampton,68.2,93.25,94.0,5.0,21.7,,,240.0,92.8
2015,Film Production & Photography,25,,,Norwich University of the Arts,68.8,82.9573934837092,84.0,4.0,17.6,56.0,3.0,294.0,84.1683366733467
2015,Film Production & Photography,6,,,Nottingham,83.3,91.7293233082706,89.9999999999999,8.0,13.5,56.0,5.0,364.0,78.6427145708582
2015,Film Production & Photography,14,,,Nottingham Trent,75.9,85.6783919597989,83.0,5.0,14.5,61.0,4.0,357.0,73.8522954091816
2015,Film Production & Photography,18,,,Plymouth,74.7,88.2205513784461,86.9999999999999,8.0,14.8,26.0,7.0,352.0,66.599597585513
2015,Film Production & Photography,25,,,Portsmouth,68.8,82.4120603015075,83.1683168316831,4.0,22.6,42.0,9.0,339.0,70.6
2015,Film Production & Photography,54,,,Ravensbourne,59.3,73.8805970149253,51.0,3.0,,,9.0,297.0,67.9358717434869
2015,Film Production & Photography,33,,,Roehampton,66.7,84.7499999999999,84.0,3.0,15.2,45.0,7.0,272.0,71.8
2015,Film Production & Photography,19,,,Royal Holloway,72.2,86.25,85.0,5.0,14.0,,3.0,389.0,64.2
2015,Film Production & Photography,47,,,Salford,62.0,76.25,61.0,4.0,21.4,,,359.0,68.5999999999999
2015,Film Production & Photography,48,,,Sheffield Hallam,61.9,76.3092269326683,63.9999999999999,4.0,19.1,41.0,6.0,335.0,77.6892430278884
2015,Film Production & Photography,28,,,South Wales,68.7,70.2499999999999,61.0,9.0,17.6,51.0,6.0,315.0,63.12625250501
2015,Film Production & Photography,56,,,Southampton Solent,57.9,81.1557788944723,75.2475247524752,3.0,16.8,34.0,3.0,299.0,69.3386773547094
2015,Film Production & Photography,60,,,"St Mary's UC, Twickenham",54.9,86.0349127182044,91.0,4.0,27.8,,,255.0,73.7474949899799
2015,Film Production & Photography,58,,,Staffordshire,56.6,87.6884422110552,83.1683168316831,3.0,18.6,28.9999999999999,3.0,276.0,80.1999999999999
2015,Film Production & Photography,32,,,Sunderland,67.4,80.2005012531328,83.0,8.0,15.8,33.0,,292.0,74.1482965931863
2015,Film Production & Photography,15,,,Ulster,75.7,89.2230576441102,75.9999999999999,4.0,12.2,,,304.0,80.8
2015,Film Production & Photography,41,,,University for the Creative Arts,64.8,79.1796724509718,69.3740259740259,4.0,13.8,54.0,3.0,318.0,63.8898576373526
2015,Film Production & Photography,9,,,University of the Arts London,80.2,66.4160401002506,57.0,10.0,9.1,59.0,6.0,311.0,68.1999999999999
2015,Film Production & Photography,23,,,West London,69.5,75.538756825156,63.3716475095785,6.0,10.1,64.0,6.0,260.0,63.4686073434779
2015,Film Production & Photography,21,,,West of Scotland,69.5999999999999,92.0,91.9999999999999,2.0,,30.0,8.0,344.0,77.2
2015,Film Production & Photography,52,,,Westminster,60.3,67.8217821782178,62.0,6.0,20.3999999999999,50.0,7.0,309.0,57.7154308617234
2015,Film Production & Photography,40,,,Worcester,64.9,84.1708542713568,69.6969696969696,4.0,16.8,,,313.0,70.3629032258064
2015,Film Production & Photography,5,,,York,83.6,75.5610972568578,73.2673267326732,10.0,17.6,,9.0,457.0,36.2725450901803
2015,Film Production & Photography,63,,,York St John,43.2,62.2828784119106,52.4752475247524,4.0,15.3,39.0,1.0,312.0,43.313373253493
2015,Forensic Science & Archaeology,13,,,Aberdeen,68.5,94.5137157107231,86.9999999999999,4.0,10.9,,,410.0,76.3419483101391
2015,Forensic Science & Archaeology,19,,,Birmingham,64.0999999999999,95.5,81.0,6.0,21.7,,,410.0,78.0876494023904
2015,Forensic Science & Archaeology,30,,,Bournemouth,50.3,86.1707373361392,84.5639459559504,7.0,14.1,50.0,1.0,320.0,68.4856375066865
2015,Forensic Science & Archaeology,20,,,Bradford,60.8,90.7268170426065,96.9999999999999,4.0,11.7,,7.0,269.0,68.7374749498997
2015,Forensic Science & Archaeology,23,,,Bristol,56.2,91.2060301507537,64.0,4.0,18.3,64.0,7.0,374.0,52.4096385542168
2015,Forensic Science & Archaeology,3,,,Cambridge,85.5,93.21608040201,90.09900990099,8.0,10.8,,6.0,536.0,80.0399201596806
2015,Forensic Science & Archaeology,15,,,Cardiff,66.7,96.2311557788944,98.9999999999999,4.0,13.7,52.0,7.0,354.0,82.565130260521
2015,Forensic Science & Archaeology,29,,,Central Lancashire,50.8,93.0521091811414,95.049504950495,3.0,,36.0,2.0,325.0,86.4271457085828
2015,Forensic Science & Archaeology,24,,,Chester,56.1,95.5112219451371,94.0,3.0,14.3,,,286.0,72.8
2015,Forensic Science & Archaeology,33,,,De Montfort,47.1,91.4999999999999,94.059405940594,4.0,16.3999999999999,57.9999999999999,1.0,282.0,69.3227091633466
2015,Forensic Science & Archaeology,34,,,Derby,45.5,93.4837092731829,83.0,4.0,26.2,50.0,4.0,278.0,71.9438877755511
2015,Forensic Science & Archaeology,4,,,Durham,81.7,93.75,91.0,5.0,11.8,81.0,7.0,473.0,76.3527054108216
2015,Forensic Science & Archaeology,21,,,Edinburgh,60.7,82.7930174563591,77.0,6.0,12.1,,,483.0,45.3815261044176
2015,Forensic Science & Archaeology,18,,,Exeter,64.5999999999999,81.8407960199005,71.0,3.0,10.5,,9.0,413.0,59.1633466135458
2015,Forensic Science & Archaeology,7,,,Glasgow,78.3,99.8208889540853,95.9029411764705,5.0,12.5,,,426.0,82.8129552940053
2015,Forensic Science & Archaeology,31,,,Greenwich,49.4,72.5,80.0,5.0,15.9,,,325.0,61.4770459081836
2015,Forensic Science & Archaeology,12,,,Keele,70.0999999999999,93.5323383084577,100.0,7.0,13.0,,,389.0,83.4661354581673
2015,Forensic Science & Archaeology,27,,,Kent,54.8,81.8181818181818,86.8686868686868,5.0,12.8,63.0,4.0,299.0,60.2794411177644
2015,Forensic Science & Archaeology,8,,,Leicester,76.5999999999999,94.9696592210427,84.9871622516649,7.0,8.69999999999999,61.0,,375.0,84.7481470199151
2015,Forensic Science & Archaeology,5,,,Liverpool,80.3,98.004987531172,88.9999999999999,7.0,9.0,,9.0,381.0,86.9999999999999
2015,Forensic Science & Archaeology,36,,,London South Bank,32.0,70.6467661691542,79.2079207920792,5.0,24.6,,,226.0,57.9999999999999
2015,Forensic Science & Archaeology,14,,,Manchester,68.4,94.7630922693266,93.0,5.0,9.8,41.0,8.0,320.0,83.0339321357285
2015,Forensic Science & Archaeology,22,,,Newcastle,58.7,96.0099750623441,96.0,3.0,24.9,,6.0,352.0,82.7037773359841
2015,Forensic Science & Archaeology,17,,,Nottingham,65.5999999999999,98.2456140350877,91.089108910891,4.0,14.8,59.0,6.0,365.0,80.3607214428857
2015,Forensic Science & Archaeology,2,,,Oxford,91.2,96.0099750623441,96.0,10.0,14.2,,,546.0,79.2
2015,Forensic Science & Archaeology,10,,,"Queen's, Belfast",71.9,92.9999999999999,96.039603960396,4.0,14.6,,,326.0,92.4302788844621
2015,Forensic Science & Archaeology,11,,,Reading,71.3,99.0055540862205,99.3263157894736,8.0,11.5,50.0,6.0,344.0,78.8580194814658
2015,Forensic Science & Archaeology,25,,,Robert Gordon,55.4,83.2080200501253,88.0,4.0,17.5,,,383.0,62.9482071713147
2015,Forensic Science & Archaeology,16,,,Sheffield,65.8,95.3365790070278,87.4217821782178,4.0,12.3,53.0,,370.0,75.8383995195793
2015,Forensic Science & Archaeology,9,,,Southampton,72.0,96.3388432588254,95.788990825688,5.0,9.9,,7.0,371.0,72.0611645308966
2015,Forensic Science & Archaeology,32,,,Staffordshire,48.8,91.2280701754385,84.0,3.0,17.0,42.0,3.0,299.0,72.8370221327967
2015,Forensic Science & Archaeology,35,,,Teesside,44.0,85.286783042394,81.1881188118812,4.0,22.7,38.0,6.0,339.0,63.0738522954091
2015,Forensic Science & Archaeology,1,,,UCL,100.0,97.4891745787827,99.4379562043795,10.0,8.8,62.0,8.0,503.0,88.9528663165747
2015,Forensic Science & Archaeology,25,,,Winchester,55.4,98.75,100.0,2.0,21.0,,,288.0,85.0597609561752
2015,Forensic Science & Archaeology,28,,,Worcester,53.6,91.25,93.9393939393939,2.0,,,6.0,278.0,75.2
2015,Forensic Science & Archaeology,6,,,York,80.0,99.7493734335839,98.9999999999999,6.0,18.3999999999999,78.0,5.0,387.0,97.2
2013,Geography & Environmental Studies,47,47.0,0.0,Aberdeen,56.1,84.6057490295462,82.8982696046586,7.0,13.0,62.0,2.0,360.0,57.8809577551516
2014,Geography & Environmental Studies,38,47.0,-9.0,Aberdeen,70.4,89.2442435272402,87.2273737562436,6.0,12.5,63.0,2.0,418.0,61.1787432664802
2015,Geography & Environmental Studies,40,38.0,2.0,Aberdeen,62.5,89.2146168575245,88.1768646864686,5.0,15.0,73.0,1.0,450.0,65.1849862448727
2013,Geography & Environmental Studies,27,27.0,0.0,Aberystwyth,64.3,95.4128778212594,98.1623092330831,4.0,15.3,49.0,5.0,345.0,76.6987483142083
2014,Geography & Environmental Studies,46,27.0,19.0,Aberystwyth,64.8,86.6549287600296,82.3795775919663,7.0,15.6,64.0,3.0,353.0,60.3872113327752
2015,Geography & Environmental Studies,42,46.0,-4.0,Aberystwyth,62.1,90.0213321825441,87.9879436401491,7.0,17.2,55.0,4.0,335.0,71.8601197748416
2013,Geography & Environmental Studies,40,64.0,-24.0,Bangor,59.9,85.8653846153846,85.7166793602437,9.0,11.8,44.0,3.0,301.0,63.5595656731665
2014,Geography & Environmental Studies,47,40.0,7.0,Bangor,64.3,84.3998009362559,82.3288170922355,7.0,15.7,56.0,5.0,329.0,59.5178942119277
2015,Geography & Environmental Studies,37,47.0,-10.0,Bangor,66.4,90.9171123495992,85.032679738562,5.0,14.2,63.0,7.0,286.0,73.9361075091359
2013,Geography & Environmental Studies,64,57.0,7.0,Bath Spa,36.1,84.719696969697,85.0,2.0,26.8,40.0,4.0,260.0,76.0930693069307
2014,Geography & Environmental Studies,57,64.0,-7.0,Bath Spa,52.7,90.2255639097744,89.0,2.0,27.9,57.0,3.0,298.0,80.7157057654076
2015,Geography & Environmental Studies,59,57.0,2.0,Bath Spa,42.8,90.2255639097744,90.09900990099,2.0,20.7,38.0,4.0,273.0,70.2811244979919
2013,Geography & Environmental Studies,25,21.0,4.0,Birmingham,65.8,87.1965887078543,87.5886128758861,8.0,18.6,62.0,7.0,427.0,56.4391487740123
2014,Geography & Environmental Studies,27,25.0,2.0,Birmingham,73.3,88.1925740929339,84.8442480546366,8.0,17.7,66.0,7.0,424.0,62.1653954729764
2015,Geography & Environmental Studies,34,27.0,7.0,Birmingham,68.3,93.0359978126268,88.0549385110709,6.0,21.8,74.0,6.0,426.0,66.2729445028087
2014,Geography & Environmental Studies,62,,,Bournemouth,41.8,68.5785536159601,45.5445544554455,6.0,27.7,,6.0,306.0,49.1053677932406
2015,Geography & Environmental Studies,62,62.0,0.0,Bournemouth,34.0,74.5635910224438,57.0,6.0,23.4,,1.0,311.0,62.2754491017964
2013,Geography & Environmental Studies,61,43.0,18.0,Bradford,40.6,72.3835988839114,72.0808931957025,7.0,12.1,,1.0,232.0,67.3186770399734
2013,Geography & Environmental Studies,52,,,Brighton,47.6,87.769801980198,82.0,4.0,15.8,26.0,8.0,281.0,56.0848484848485
2014,Geography & Environmental Studies,48,52.0,-4.0,Brighton,63.1,87.75,88.0,4.0,16.9,49.0,7.0,318.0,66.0678642714571
2015,Geography & Environmental Studies,56,48.0,8.0,Brighton,47.7,85.6423173803526,89.8989898989898,3.0,18.1,44.0,6.0,298.0,63.9839034205231
2013,Geography & Environmental Studies,4,5.0,-1.0,Bristol,84.3,93.8118811881188,82.1782178217822,8.0,13.3,65.0,8.0,497.0,66.488837119006
2014,Geography & Environmental Studies,7,4.0,3.0,Bristol,90.2,94.5,88.0,9.0,13.9,72.0,7.0,490.0,68.8
2015,Geography & Environmental Studies,9,7.0,2.0,Bristol,81.8,91.4357682619647,92.0,8.0,13.3,80.0,7.0,492.0,56.4870259481037
2013,Geography & Environmental Studies,1,1.0,0.0,Cambridge,100.0,95.754759204734,95.0,10.0,12.3,72.0,7.0,563.0,77.419801980198
2014,Geography & Environmental Studies,1,1.0,0.0,Cambridge,100.0,98.0049875311721,90.9090909090909,,12.0,74.0,7.0,566.0,77.2455089820359
2015,Geography & Environmental Studies,1,1.0,0.0,Cambridge,100.0,92.2693266832917,94.059405940594,10.0,11.7,83.0,5.0,555.0,78.9579158316633
2013,Geography & Environmental Studies,66,41.0,25.0,Canterbury Christ Church,32.4,81.1893939393939,73.0,2.0,25.4,,3.0,257.0,74.4574257425743
2014,Geography & Environmental Studies,55,66.0,-11.0,Canterbury Christ Church,53.8,91.0,94.0,2.0,25.5,,2.0,291.0,83.1325301204819
2015,Geography & Environmental Studies,60,55.0,5.0,Canterbury Christ Church,42.7,87.25,95.0,2.0,30.6,43.0,3.0,267.0,77.9116465863453
2013,Geography & Environmental Studies,16,,,Cardiff,72.1,92.209595959596,95.0,8.0,15.2,68.0,7.0,396.0,56.5663366336634
2014,Geography & Environmental Studies,14,16.0,-2.0,Cardiff,82.5,93.5038399544894,90.7547169811321,10.0,15.5,,6.0,371.0,64.148518038859
2015,Geography & Environmental Studies,4,14.0,-10.0,Cardiff,89.8,97.0,100.0,10.0,5.0,78.0,4.0,367.0,77.2455089820359
2015,Geography & Environmental Studies,41,,,Central Lancashire,62.3,92.5187032418952,96.0,5.0,14.4,,2.0,288.0,80.2788844621513
2013,Geography & Environmental Studies,11,25.0,-14.0,Chester,74.7,94.7372561440372,94.2167381252061,3.0,14.6,66.0,4.0,289.0,92.5504695694822
2014,Geography & Environmental Studies,43,11.0,32.0,Chester,66.6,98.0563513513514,97.5565110565111,3.0,19.0,52.0,2.0,304.0,88.2018090234523
2015,Geography & Environmental Studies,44,43.0,1.0,Chester,61.4,94.5,92.9292929292929,2.0,21.8,67.0,2.0,305.0,88.7775551102204
2013,Geography & Environmental Studies,33,37.0,-4.0,Coventry,61.7,91.0649920255183,81.9276315789474,3.0,11.9,63.0,7.0,298.0,67.212428348098
2014,Geography & Environmental Studies,24,33.0,-9.0,Coventry,73.7,93.652460327877,92.6666666666667,4.0,11.7,56.0,8.0,315.0,74.3135851557323
2015,Geography & Environmental Studies,27,24.0,3.0,Coventry,71.2,98.6653677700125,96.3505371813777,3.0,15.5,62.0,5.0,318.0,86.5272574970682
2013,Geography & Environmental Studies,62,59.0,3.0,Cumbria,40.3,88.7045454545454,80.3921568627451,4.0,26.6,46.0,3.0,271.0,72.985798579858
2014,Geography & Environmental Studies,64,62.0,2.0,Cumbria,35.4,62.155388471178,60.0,2.0,17.5,37.0,5.0,244.0,48.502994011976
2013,Geography & Environmental Studies,55,53.0,2.0,Derby,46.0,87.2868636432068,79.9502982107356,7.0,20.7,,1.0,246.0,74.8167225602613
2014,Geography & Environmental Studies,56,55.0,1.0,Derby,52.9,82.75,82.0,8.0,21.6,,1.0,266.0,69.6606786427146
2015,Geography & Environmental Studies,23,56.0,-33.0,Derby,74.7,96.5087281795511,95.0,9.0,13.1,,1.0,315.0,89.5791583166332
2013,Geography & Environmental Studies,19,12.0,7.0,Dundee,68.6,92.4055626319111,94.4202661685734,3.0,16.0,47.0,10.0,360.0,73.3486637616916
2014,Geography & Environmental Studies,19,19.0,0.0,Dundee,78.3,95.721065458471,99.3178538633084,3.0,17.2,66.0,9.0,404.0,70.5995366848958
2015,Geography & Environmental Studies,18,19.0,-1.0,Dundee,76.8,93.2888697389214,96.5601728453221,4.0,16.1,54.0,10.0,401.0,75.5328676299022
2013,Geography & Environmental Studies,9,6.0,3.0,Durham,77.8,91.3867980187316,91.3614900314795,6.0,14.6,74.0,6.0,497.0,63.4203630016727
2014,Geography & Environmental Studies,2,9.0,-7.0,Durham,93.1,91.7689634182261,89.9493623903073,8.0,12.4,76.0,7.0,512.0,74.6644764594806
2015,Geography & Environmental Studies,2,2.0,0.0,Durham,93.6,92.9445257474106,90.566061436565,7.0,13.0,87.0,7.0,542.0,77.4150279776179
2013,Geography & Environmental Studies,37,29.0,8.0,Edge Hill,61.0,91.2822859750764,96.1971830985915,6.0,17.3,,2.0,262.0,78.6981453074885
2013,Geography & Environmental Studies,8,3.0,5.0,Edinburgh,79.3,85.0,84.8484848484848,,12.7,65.0,8.0,499.0,61.8
2014,Geography & Environmental Studies,11,8.0,3.0,Edinburgh,84.5,92.7680798004988,93.9393939393939,,12.3,64.0,5.0,500.0,65.4
2015,Geography & Environmental Studies,10,11.0,-1.0,Edinburgh,79.8,87.5311720698254,83.1683168316831,10.0,10.6,69.0,5.0,466.0,57.7689243027888
2013,Geography & Environmental Studies,22,25.0,-3.0,Exeter,67.1,93.857846853677,90.3739518000322,4.0,19.7,59.0,6.0,427.0,71.3622208771294
2014,Geography & Environmental Studies,13,22.0,-9.0,Exeter,82.9,90.3890938686924,87.9277725710715,5.0,17.3,70.0,8.0,441.0,76.7180004509028
2015,Geography & Environmental Studies,12,13.0,-1.0,Exeter,79.5,93.8690476190476,91.7046657046657,5.0,16.0,70.0,8.0,441.0,75.0093720356668
2013,Geography & Environmental Studies,56,23.0,33.0,Glamorgan,45.9,85.862430812187,79.9147385136792,4.0,8.9,27.0,4.0,267.0,52.7706540980974
2013,Geography & Environmental Studies,14,7.0,7.0,Glasgow,73.0,94.8371854134566,93.8808423215203,7.0,20.5,61.0,8.0,442.0,71.4166752268447
2014,Geography & Environmental Studies,5,14.0,-9.0,Glasgow,91.7,97.1232394366197,94.0556872588668,8.0,15.3,80.0,9.0,456.0,68.2538294634624
2015,Geography & Environmental Studies,8,5.0,3.0,Glasgow,84.6,93.7880026810452,92.8314723982992,6.0,14.3,71.0,9.0,473.0,72.798308695356
2013,Geography & Environmental Studies,24,48.0,-24.0,Gloucestershire,66.2,94.029702970297,96.0,3.0,19.4,,8.0,296.0,82.9085308530853
2014,Geography & Environmental Studies,50,24.0,26.0,Gloucestershire,62.3,89.0,90.0,3.0,25.2,,6.0,272.0,86.4541832669323
2015,Geography & Environmental Studies,53,50.0,3.0,Gloucestershire,53.0,95.9899749373433,100.0,3.0,35.7999999999999,,7.0,272.0,82.7655310621242
2013,Geography & Environmental Studies,58,60.0,-2.0,Hertfordshire,44.1,81.3104493952577,77.9320145520691,2.0,22.7,52.0,5.0,288.0,73.2847405386287
2014,Geography & Environmental Studies,54,58.0,-4.0,Hertfordshire,55.1,91.0224438902743,91.0,2.0,21.1,44.0,3.0,306.0,77.8
2015,Geography & Environmental Studies,46,54.0,-8.0,Hertfordshire,59.3,85.4636591478696,88.9999999999999,7.0,15.8,41.0,7.0,306.0,66.2674650698602
2013,Geography & Environmental Studies,44,36.0,8.0,Hull,57.7,93.238573161625,96.2302921495022,5.0,20.1,44.0,5.0,326.0,79.4208019724773
2014,Geography & Environmental Studies,40,44.0,-4.0,Hull,69.0,91.8598714001994,84.2330823057655,5.0,20.1,59.0,7.0,336.0,76.2264683813586
2015,Geography & Environmental Studies,37,40.0,-3.0,Hull,66.4,90.7902420731434,91.0566732982915,4.0,15.9,56.0,7.0,311.0,80.6350838588655
2013,Geography & Environmental Studies,5,22.0,-17.0,Keele,83.7,97.3036498260963,95.2128534153054,7.0,11.0,57.0,8.0,337.0,86.9224926824813
2014,Geography & Environmental Studies,12,5.0,7.0,Keele,84.0,98.3905764171251,96.7152610979826,6.0,12.0,69.0,6.0,359.0,81.8075791796112
2015,Geography & Environmental Studies,29,12.0,17.0,Keele,70.9,93.8293479767984,91.9440274302659,5.0,22.7,73.0,6.0,353.0,81.0965122906363
2013,Geography & Environmental Studies,19,31.0,-12.0,King's College London,68.6,92.82860367568,88.6103800496917,5.0,17.7,61.0,7.0,408.0,68.9054887517834
2014,Geography & Environmental Studies,25,19.0,6.0,King's College London,73.6,88.1652892561984,81.900826446281,4.0,18.8,80.0,7.0,428.0,59.0469441282724
2015,Geography & Environmental Studies,24,25.0,-1.0,King's College London,73.8,90.2166821905101,80.9102023245802,5.0,15.0,69.0,8.0,414.0,62.3207428621018
2013,Geography & Environmental Studies,54,45.0,9.0,Kingston,46.5,86.1379724316038,78.8706806977977,3.0,18.2,43.0,9.0,245.0,56.1531873447193
2014,Geography & Environmental Studies,60,54.0,6.0,Kingston,47.4,75.8677795692039,62.6858006042296,3.0,21.9,54.0,6.0,296.0,50.7969788519638
2015,Geography & Environmental Studies,55,60.0,-5.0,Kingston,50.4,79.2631244202703,73.6299404439631,8.0,13.0,56.9999999999999,4.0,253.0,52.7124500327075
2013,Geography & Environmental Studies,13,4.0,9.0,Lancaster,73.7,93.2382478892061,89.8136123428294,9.0,21.9,67.0,5.0,419.0,76.8145827866168
2014,Geography & Environmental Studies,3,13.0,-10.0,Lancaster,92.4,93.0833912251663,96.2685920577617,10.0,13.1,74.0,4.0,434.0,72.7733462662788
2015,Geography & Environmental Studies,6,3.0,3.0,Lancaster,85.2,93.7345264631716,91.0571532013536,10.0,14.6,68.0,5.0,448.0,78.2976990442538
2013,Geography & Environmental Studies,29,38.0,-9.0,Leeds,63.6,90.3840144970399,88.1723285996088,3.0,18.0,69.0,7.0,427.0,60.7843349045836
2014,Geography & Environmental Studies,35,29.0,6.0,Leeds,70.9,84.8333854714114,86.2804470766354,5.0,17.7,65.0,7.0,440.0,60.3448603223808
2015,Geography & Environmental Studies,33,35.0,-2.0,Leeds,69.4,86.5694246268802,87.24521523849,7.0,14.7,63.0,8.0,437.0,64.0685931559538
2013,Geography & Environmental Studies,38,30.0,8.0,Leicester,60.9,80.8650700435897,73.7503018594542,7.0,16.2,60.0,5.0,408.0,63.6690028155858
2014,Geography & Environmental Studies,16,38.0,-22.0,Leicester,80.4,93.2205215498413,87.2105263157895,8.0,16.4,63.0,6.0,413.0,73.7214708766573
2015,Geography & Environmental Studies,16,16.0,0.0,Leicester,77.0,86.7179306171843,79.7567567567567,8.0,13.4,73.0,5.0,393.0,78.0271942067163
2013,Geography & Environmental Studies,35,35.0,0.0,Liverpool,61.4,88.8045317781442,86.2960288808664,5.0,14.0,48.0,8.0,378.0,58.5807652486067
2014,Geography & Environmental Studies,26,35.0,-9.0,Liverpool,73.5,87.5659813130646,82.3186877909769,6.0,11.3,55.0,8.0,399.0,63.4904075885262
2015,Geography & Environmental Studies,11,26.0,-15.0,Liverpool,79.5999999999999,89.9942153280728,91.5365096473167,7.0,6.9,56.9999999999999,8.0,406.0,71.4119085131151
2013,Geography & Environmental Studies,63,63.0,0.0,Liverpool John Moores,39.4,85.9984084002365,86.1100855848297,2.0,,30.0,3.0,282.0,69.8046195226016
2014,Geography & Environmental Studies,52,63.0,-11.0,Liverpool John Moores,58.3,86.783042394015,86.1386138613862,2.0,,45.0,6.0,301.0,77.5100401606426
2013,Geography & Environmental Studies,6,15.0,-9.0,London School of Economics,80.8,84.25,85.0,5.0,12.6,88.0,7.0,473.0,66.7515151515152
2014,Geography & Environmental Studies,10,6.0,4.0,London School of Economics,88.0,89.9244332493703,81.0,5.0,11.4,88.0,6.0,472.0,78.0
2015,Geography & Environmental Studies,22,10.0,12.0,London School of Economics,75.0,88.833746898263,89.0,4.0,12.8,78.0,5.0,487.0,64.6706586826347
2013,Geography & Environmental Studies,36,17.0,19.0,Loughborough,61.1,90.3117702090762,91.7815517566842,5.0,17.6,54.0,3.0,381.0,76.2256932670011
2014,Geography & Environmental Studies,20,36.0,-16.0,Loughborough,78.2,92.5484890679324,94.4550056471586,6.0,18.1,59.0,8.0,409.0,80.7825193270928
2015,Geography & Environmental Studies,27,20.0,7.0,Loughborough,71.2,92.4721143416274,96.9099979751655,5.0,17.1,69.0,6.0,385.0,76.8348842369997
2013,Geography & Environmental Studies,43,46.0,-3.0,Manchester,57.9,88.8980370429681,79.1165644171779,8.0,20.5,55.0,3.0,419.0,66.9721757451819
2014,Geography & Environmental Studies,23,43.0,-20.0,Manchester,73.9,90.6219744755758,88.0,8.0,18.9,60.0,3.0,439.0,74.2502036911053
2015,Geography & Environmental Studies,13,23.0,-10.0,Manchester,78.4,94.216287480483,89.1100277220151,5.0,16.0,67.0,7.0,418.0,81.5012301572219
2013,Geography & Environmental Studies,41,49.0,-8.0,Manchester Met,59.0,86.3498854087089,87.6770946002163,4.0,12.2,49.0,6.0,289.0,70.6797083223769
2014,Geography & Environmental Studies,51,41.0,10.0,Manchester Met,61.5,88.4760081965012,88.962962962963,4.0,16.2,51.0,4.0,303.0,73.380993479351
2015,Geography & Environmental Studies,52,51.0,1.0,Manchester Met,53.4,85.4800216078829,83.7931034482758,3.0,19.5,49.0,8.0,324.0,68.4260200577002
2013,Geography & Environmental Studies,26,23.0,3.0,Newcastle,65.6,89.0750947670944,91.628808864266,5.0,16.8,60.0,6.0,392.0,69.7506741073419
2014,Geography & Environmental Studies,21,26.0,-5.0,Newcastle,74.4,91.2658976838421,87.3989501312336,4.0,17.3,71.0,7.0,403.0,66.3513233808001
2015,Geography & Environmental Studies,35,21.0,14.0,Newcastle,68.0,86.9413721644411,88.712708531127,4.0,18.8999999999999,78.0,7.0,413.0,65.7405550827682
2013,Geography & Environmental Studies,30,18.0,12.0,Northampton,63.3,90.624081763015,88.241935483871,3.0,,,8.0,245.0,86.5610899799657
2014,Geography & Environmental Studies,36,30.0,6.0,Northampton,70.8,93.7969556118443,92.3042402066294,3.0,,,8.0,284.0,81.5197101777187
2015,Geography & Environmental Studies,39,36.0,3.0,Northampton,64.0999999999999,92.787108316166,93.0434782608695,2.0,,,7.0,261.0,81.8521739130434
2013,Geography & Environmental Studies,23,33.0,-10.0,Northumbria,66.8,89.9510131245683,93.794456189805,7.0,12.9,49.0,6.0,315.0,75.9355556485881
2014,Geography & Environmental Studies,42,23.0,19.0,Northumbria,66.7,91.2763187099131,88.2724530685701,5.0,17.9,47.0,6.0,328.0,79.3780359729778
2015,Geography & Environmental Studies,48,42.0,6.0,Northumbria,58.1,91.8919019561174,94.2767414283809,3.0,20.3,48.0,6.0,333.0,78.2701703738181
2013,Geography & Environmental Studies,15,14.0,1.0,Nottingham,72.5,90.7331075218251,86.8966780566014,5.0,17.0,69.0,8.0,452.0,65.3840422682441
2014,Geography & Environmental Studies,34,15.0,19.0,Nottingham,71.2,84.6226207906296,77.4170810199614,6.0,16.4,56.0,8.0,451.0,61.5115973276479
2015,Geography & Environmental Studies,24,34.0,-10.0,Nottingham,73.8,90.7855645703583,85.0588095619377,5.0,15.8,77.0,7.0,443.0,67.9760145075159
2013,Geography & Environmental Studies,65,54.0,11.0,Nottingham Trent,32.8,78.643216080402,65.0,4.0,18.5,,2.0,276.0,61.6465863453815
2014,Geography & Environmental Studies,59,65.0,-6.0,Nottingham Trent,48.8,81.5,65.3465346534654,7.0,15.5,,1.0,293.0,55.9760956175299
2015,Geography & Environmental Studies,54,59.0,-5.0,Nottingham Trent,51.7,83.2499999999999,85.8585858585858,3.0,15.4,,1.0,285.0,79.7216699801192
2013,Geography & Environmental Studies,2,2.0,0.0,Oxford,90.6,90.199494949495,86.0,10.0,15.1,61.0,9.0,533.0,72.8106174305214
2014,Geography & Environmental Studies,4,2.0,2.0,Oxford,92.2,92.7172055887296,90.2333065164924,,15.8,67.0,8.0,576.0,64.7682911629066
2015,Geography & Environmental Studies,7,4.0,3.0,Oxford,85.0,91.4749989617508,88.595041322314,,13.7,77.0,8.0,551.0,59.551746201013
2013,Geography & Environmental Studies,28,44.0,-16.0,Oxford Brookes,63.9,90.7681570788658,80.1578947368421,8.0,16.3,52.0,7.0,314.0,75.4586321790074
2014,Geography & Environmental Studies,37,28.0,9.0,Oxford Brookes,70.6,87.5582535318395,83.647896039604,3.0,14.6,59.0,7.0,324.0,81.2102667893773
2015,Geography & Environmental Studies,49,37.0,12.0,Oxford Brookes,57.1,93.5082264560077,88.7444299985553,4.0,14.0,44.0,2.0,321.0,81.0789133823201
2013,Geography & Environmental Studies,45,56.0,-11.0,Plymouth,56.9,89.5572878716443,93.0060220307745,7.0,14.9,53.0,3.0,300.0,57.8439746868263
2014,Geography & Environmental Studies,44,45.0,-1.0,Plymouth,65.7,90.2538696576092,92.9161028992537,5.0,16.5,57.0,4.0,321.0,67.6889225959672
2015,Geography & Environmental Studies,50,44.0,6.0,Plymouth,55.6,91.130586260167,91.5245242562315,5.0,17.6,54.0,4.0,310.0,65.3872567622834
2013,Geography & Environmental Studies,39,55.0,-16.0,Portsmouth,60.2,94.6503160186171,95.559417233178,4.0,23.0,48.0,6.0,307.0,87.7878224328064
2014,Geography & Environmental Studies,33,39.0,-6.0,Portsmouth,71.9,96.0014518330654,94.9582593245473,4.0,23.6,54.0,8.0,319.0,86.7998497266788
2015,Geography & Environmental Studies,43,33.0,10.0,Portsmouth,61.6,95.3946321549164,96.2712155901669,3.0,22.0,49.0,8.0,297.0,78.2136202320029
2013,Geography & Environmental Studies,10,16.0,-6.0,Queen Mary,77.3,89.2186659290929,87.6771427142714,8.0,11.2,58.0,6.0,376.0,80.653483852587
2014,Geography & Environmental Studies,22,10.0,12.0,Queen Mary,74.3,90.2102895683832,90.0815673730508,5.0,11.5,62.0,3.0,390.0,74.1279795897272
2015,Geography & Environmental Studies,14,22.0,-8.0,Queen Mary,78.0,94.0081406030139,93.3989753442202,6.0,10.5,59.0,5.0,371.0,79.9224478242536
2013,Geography & Environmental Studies,49,58.0,-9.0,"Queen's, Belfast",55.2,79.75,78.2178217821782,7.0,14.9,46.0,6.0,349.0,63.2514851485148
2014,Geography & Environmental Studies,39,49.0,-10.0,"Queen's, Belfast",70.0,89.6498756218906,89.0544554455446,6.0,16.4,46.0,8.0,340.0,70.7171314741036
2015,Geography & Environmental Studies,31,39.0,-8.0,"Queen's, Belfast",70.5999999999999,95.4659949622166,96.0,6.0,14.3,50.0,5.0,352.0,80.1603206412825
2013,Geography & Environmental Studies,32,42.0,-10.0,Reading,62.6,91.0602934309179,89.5905511811024,4.0,20.8,58.0,9.0,378.0,66.0675903810853
2014,Geography & Environmental Studies,32,32.0,0.0,Reading,72.0,92.5024112497974,90.4148479364066,6.0,23.6,65.0,8.0,389.0,63.4936539746159
2015,Geography & Environmental Studies,36,32.0,4.0,Reading,66.9,91.4614054516135,89.0,7.0,25.6,70.0,7.0,357.0,66.5336184473986
2013,Geography & Environmental Studies,17,11.0,6.0,Royal Holloway,71.1,97.3785460006675,99.4325842696629,7.0,12.0,55.0,3.0,375.0,66.8228662192062
2014,Geography & Environmental Studies,18,17.0,1.0,Royal Holloway,78.7,95.462386559664,98.3582089552239,6.0,13.6,65.0,3.0,371.0,80.8069651741294
2015,Geography & Environmental Studies,26,18.0,8.0,Royal Holloway,72.9,97.5170768730347,94.7826086956521,5.0,14.2,53.0,4.0,391.0,82.4761240265585
2013,Geography & Environmental Studies,59,62.0,-3.0,Salford,42.0,90.777811719466,95.1379310344828,3.0,22.1,,3.0,241.0,60.7283122638337
2014,Geography & Environmental Studies,58,59.0,-1.0,Salford,52.1,79.9333755164328,80.6780678067807,3.0,20.2,63.0,2.0,254.0,67.3220364523249
2015,Geography & Environmental Studies,61,58.0,3.0,Salford,41.8,86.8329970939726,80.7545461331947,4.0,26.5,50.0,2.0,276.0,66.3825321684978
2013,Geography & Environmental Studies,21,28.0,-7.0,Sheffield,68.1,92.575211831528,94.3888699214749,5.0,20.7,61.0,7.0,438.0,70.2463529111532
2014,Geography & Environmental Studies,31,21.0,10.0,Sheffield,72.1,90.5205479452055,91.1277634612776,4.0,20.5,65.0,6.0,440.0,66.0252010871057
2015,Geography & Environmental Studies,19,31.0,-12.0,Sheffield,76.0,96.3492647058823,95.3970588235294,5.0,17.1,66.0,8.0,430.0,67.562128100216
2013,Geography & Environmental Studies,57,34.0,23.0,Sheffield Hallam,44.2,76.7594622927661,68.17405873613,3.0,19.9,46.0,7.0,332.0,58.5363495544066
2014,Geography & Environmental Studies,45,57.0,-12.0,Sheffield Hallam,64.9,86.0062820995463,85.8993904347064,3.0,22.0,61.0,9.0,335.0,67.9474954954429
2015,Geography & Environmental Studies,57,45.0,12.0,Sheffield Hallam,45.6,83.3571428571428,81.079207920792,3.0,19.2,40.0,7.0,316.0,67.4557768924302
2013,Geography & Environmental Studies,18,32.0,-14.0,Southampton,70.0,86.0984649055748,83.2551881480615,8.0,14.5,64.0,8.0,427.0,52.8060429676646
2014,Geography & Environmental Studies,17,18.0,-1.0,Southampton,79.1,88.5133136094675,86.9467455621302,9.0,13.7,53.0,8.0,437.0,60.1137414837691
2015,Geography & Environmental Studies,20,17.0,3.0,Southampton,75.3,89.2424258860835,89.1677973767526,9.0,15.3,69.0,6.0,417.0,63.6702452857263
2013,Geography & Environmental Studies,67,61.0,6.0,Southampton Solent,30.8,84.6363636363636,82.0,3.0,,,1.0,207.0,66.7247524752475
2014,Geography & Environmental Studies,63,67.0,-4.0,Southampton Solent,41.3,80.2005012531328,82.0,4.0,,,1.0,235.0,55.688622754491
2013,Geography & Environmental Studies,7,10.0,-3.0,St Andrews,80.0,91.9068179809052,82.6687270155587,7.0,11.2,59.0,8.0,502.0,61.3496582424382
2014,Geography & Environmental Studies,9,7.0,2.0,St Andrews,88.3,89.996504590985,80.0664680407941,7.0,10.5,75.0,7.0,526.0,63.8299043815541
2015,Geography & Environmental Studies,3,9.0,-6.0,St Andrews,91.0,92.4377517744101,92.3076923076923,7.0,10.0,70.0,8.0,491.0,73.736848793549
2013,Geography & Environmental Studies,48,40.0,8.0,"St Mary's UC, Twickenham",55.9,90.299504950495,95.0,2.0,13.8,,,261.0,82.8
2013,Geography & Environmental Studies,34,20.0,14.0,Staffordshire,61.6,91.2530022302282,97.0,10.0,13.4,41.0,3.0,223.0,74.4568705848491
2014,Geography & Environmental Studies,49,34.0,15.0,Staffordshire,62.8,84.28927680798,96.0,8.0,13.6,,1.0,243.0,74.4979919678715
2015,Geography & Environmental Studies,51,49.0,2.0,Staffordshire,54.6,92.1914357682619,89.9999999999999,8.0,12.3,60.0,1.0,231.0,82.4
2013,Geography & Environmental Studies,50,52.0,-2.0,Strathclyde,55.0,91.25,90.0,2.0,22.0,,,404.0,72.8
2014,Geography & Environmental Studies,15,50.0,-35.0,Strathclyde,80.5,95.7605985037406,86.1386138613862,3.0,11.6,,,470.0,77.0161290322581
2015,Geography & Environmental Studies,21,15.0,6.0,Strathclyde,75.2,94.0446650124069,97.0,3.0,7.8,,3.0,,75.4491017964071
2013,Geography & Environmental Studies,42,19.0,23.0,Sussex,58.6,93.2317738838752,86.2819524727039,5.0,20.1,59.0,7.0,369.0,58.3687256969098
2014,Geography & Environmental Studies,41,42.0,-1.0,Sussex,67.6,88.4433305485937,85.6868353502017,4.0,15.4,55.0,7.0,409.0,58.3999802073282
2015,Geography & Environmental Studies,45,41.0,4.0,Sussex,59.6,84.7628043660789,84.4092409240924,6.0,12.3,50.0,6.0,404.0,52.8350033400133
2013,Geography & Environmental Studies,46,39.0,7.0,Swansea,56.7,89.7677386704896,92.321554770318,5.0,14.0,51.0,3.0,345.0,61.8801154320379
2014,Geography & Environmental Studies,29,46.0,-17.0,Swansea,72.7,94.665304537721,96.0152973918082,6.0,16.3,60.0,4.0,377.0,73.1187616612535
2015,Geography & Environmental Studies,30,29.0,1.0,Swansea,70.7,89.5643409230392,89.5564153189512,5.0,15.0,83.0,6.0,365.0,68.3507901929003
2013,Geography & Environmental Studies,12,9.0,3.0,UCL,74.2,90.2870351035104,84.0807920792079,8.0,14.5,71.0,7.0,490.0,47.4313351335134
2014,Geography & Environmental Studies,8,12.0,-4.0,UCL,89.5,94.6771820448878,88.36,9.0,13.5,76.0,6.0,513.0,62.1051428571429
2015,Geography & Environmental Studies,15,8.0,7.0,UCL,77.3,82.5129670794961,73.7803567590801,9.0,10.9,76.0,7.0,499.0,51.420575920704
2013,Geography & Environmental Studies,3,8.0,-5.0,UEA,86.8,96.5,97.979797979798,10.0,10.9,53.0,9.0,411.0,63.1497549754976
2014,Geography & Environmental Studies,6,3.0,3.0,UEA,91.6,96.4646464646465,94.949494949495,9.0,11.3,70.0,8.0,442.0,69.7394789579158
2015,Geography & Environmental Studies,5,6.0,-1.0,UEA,87.8,96.9741356699625,98.0530347672363,9.0,10.3,69.0,8.0,455.0,58.2770816646024
2013,Geography & Environmental Studies,60,61.0,-1.0,Ulster,41.8,90.209595959596,88.0,3.0,22.9,35.0,5.0,277.0,65.5414141414142
2014,Geography & Environmental Studies,61,60.0,1.0,Ulster,42.1,81.5,80.0,2.0,28.5,,4.0,267.0,66.4
2015,Geography & Environmental Studies,58,61.0,-3.0,Ulster,43.2,91.0224438902743,92.079207920792,2.0,33.4,33.0,7.0,270.0,77.5551102204408
2013,Geography & Environmental Studies,31,51.0,-20.0,UWE Bristol,62.8,91.1360223684706,92.7761347563328,5.0,17.7,54.0,,307.0,82.344093370376
2014,Geography & Environmental Studies,27,31.0,-4.0,UWE Bristol,73.3,86.6728588815579,90.8785535205881,3.0,16.1,67.0,9.0,314.0,67.2133059492474
2015,Geography & Environmental Studies,32,27.0,5.0,UWE Bristol,70.4,89.3843459532985,92.8545454545454,3.0,14.1,57.9999999999999,10.0,321.0,74.2829382044306
2013,Geography & Environmental Studies,53,50.0,3.0,Worcester,46.7,86.1604143094595,90.0705276007053,3.0,18.2,,3.0,275.0,67.8799692683566
2014,Geography & Environmental Studies,53,53.0,0.0,Worcester,56.9,84.9624060150376,87.0,5.0,18.4,,2.0,303.0,66.8662674650699
2015,Geography & Environmental Studies,47,53.0,-6.0,Worcester,59.1,91.8294507046748,90.983861951019,3.0,16.2,,5.0,291.0,79.3025948889158
2013,Geography & Environmental Studies,51,13.0,38.0,York,54.2,89.7722772277228,96.0,5.0,19.8,46.0,4.0,380.0,59.1397539753975
2014,Geography & Environmental Studies,30,51.0,-21.0,York,72.2,91.25,91.0,8.0,19.1,56.0,7.0,385.0,65.4618473895582
2015,Geography & Environmental Studies,17,30.0,-13.0,York,76.9,94.0,95.049504950495,7.0,17.6,69.0,7.0,401.0,74.8502994011976
2015,Health Professions,46,,,Anglia Ruskin,69.7,98.4999999999999,98.0,7.0,21.0,91.0,1.0,291.0,76.753507014028
2015,Health Professions,1,,,Aston,100.0,92.7951928688916,92.6058563303138,5.0,16.3,98.0,8.0,425.0,87.1798449706463
2015,Health Professions,14,,,Bangor,82.3,87.25,83.0,5.0,14.7,,,403.0,76.4940239043824
2015,Health Professions,57,,,Bedfordshire,60.9,84.2105263157894,85.0,6.0,10.6,,3.0,214.0,59.5190380761522
2015,Health Professions,8,,,Birmingham,88.3,99.0049751243781,98.0,5.0,14.3,91.0,6.0,435.0,61.1999999999999
2015,Health Professions,65,,,Birmingham City,53.4,81.0443592909636,77.9727272727272,4.0,19.3999999999999,77.0,1.0,352.0,66.79635078146
2015,Health Professions,41,,,Bournemouth,71.5999999999999,93.8645894001165,86.1186953989516,5.0,18.6,72.0,8.0,338.0,74.5615865538777
2015,Health Professions,36,,,Bradford,74.8,86.1082348270383,87.5900178253119,5.0,16.3999999999999,86.0,5.0,371.0,67.5444618452983
2015,Health Professions,9,,,Brighton,87.7,96.625,98.5,3.0,16.3,90.0,9.0,351.0,81.2733532934131
2015,Health Professions,37,,,Bristol,73.8,85.4271356783919,69.0,7.0,9.4,,2.0,,62.4
2015,Health Professions,26,,,Brunel,78.2,88.8188686198636,89.0666666666666,5.0,12.6,74.0,5.0,391.0,62.3516228229315
2015,Health Professions,56,,,Canterbury Christ Church,63.7,90.1033090169334,88.1857282502443,3.0,17.3,71.0,8.0,279.0,63.5648788703199
2015,Health Professions,10,,,Cardiff,86.8,91.8807822090206,92.0200779659847,,14.9,94.0,6.0,432.0,66.6707186440358
2015,Health Professions,63,,,Cardiff Met,54.5,89.2989968284075,89.0022808732486,4.0,19.5,60.0,2.0,330.0,71.6041799160221
2015,Health Professions,51,,,Central Lancashire,67.0999999999999,84.6255369355939,81.0475237891877,6.0,18.5,70.0,7.0,353.0,74.8245436110122
2015,Health Professions,44,,,Chester,71.0,91.5211970074813,88.235294117647,5.0,17.3999999999999,,4.0,305.0,74.3027888446215
2015,Health Professions,28,,,City,77.5,91.8657045216201,92.207599002578,6.0,21.3,88.0,4.0,387.0,83.0432136509488
2015,Health Professions,21,,,Coventry,79.2,93.5350263594933,91.6800047957318,4.0,15.1,82.0,7.0,340.0,76.1234850380751
2015,Health Professions,18,,,Cumbria,79.5999999999999,94.2340646438378,96.8793774319066,2.0,16.7,81.0,8.0,336.0,78.0605704162584
2015,Health Professions,66,,,De Montfort,50.8,81.031081081081,83.5221621621621,4.0,20.7,57.9999999999999,8.0,304.0,59.6312361223498
2015,Health Professions,38,,,Derby,73.3,88.0998283358062,89.2534246575342,4.0,15.0,67.0,8.0,350.0,73.9807890738412
2015,Health Professions,31,,,Dundee,75.8,88.6934673366834,88.0,4.0,18.8,,,489.0,66.6
2015,Health Professions,33,,,East London,75.5,82.330015449104,81.6861827682386,8.0,11.1,71.0,8.0,270.0,67.4565055754847
2015,Health Professions,2,,,Exeter,99.6,92.5925925925925,94.059405940594,9.0,10.6,96.0,8.0,410.0,65.4150197628458
2015,Health Professions,55,,,Glasgow Caledonian,64.3,85.0607191316146,79.8560606060606,4.0,19.5,90.0,3.0,418.0,54.4798925553916
2015,Health Professions,61,,,Greenwich,56.2,88.4076633165829,88.2828282828282,3.0,22.5,,2.0,308.0,79.5681364543639
2015,Health Professions,35,,,Hertfordshire,74.9,89.9620763995296,89.4953310496926,4.0,16.0,89.0,7.0,354.0,61.8231059274947
2015,Health Professions,38,,,Huddersfield,73.3,86.8644536036905,88.6047653369266,4.0,16.8999999999999,70.0,8.0,359.0,75.6721444016169
2015,Health Professions,68,,,Hull,37.0,61.5577889447236,69.3069306930693,4.0,13.7,37.0,,,50.501002004008
2015,Health Professions,3,,,Keele,95.7,95.5,93.9999999999999,5.0,15.5,100.0,9.0,424.0,75.8483033932135
2015,Health Professions,13,,,King's College London,82.6,90.2255639097744,90.9999999999999,6.0,19.0,88.0,8.0,477.0,56.6265060240963
2015,Health Professions,11,,,Kingston - St George's University,85.7,94.6309594882729,93.6285714285714,7.0,15.1,88.0,7.0,310.0,76.0948571428571
2015,Health Professions,45,,,Leeds,70.5,85.7306419485876,74.3586151067937,9.0,16.0,98.0,1.0,386.0,58.9929589816833
2015,Health Professions,33,,,Leeds Met,75.5,94.269582901311,88.9942857142857,4.0,13.0,68.0,7.0,277.0,80.1808103568682
2015,Health Professions,60,,,Lincoln,56.9,81.0473815461346,81.0,5.0,21.2,82.0,4.0,321.0,63.1474103585657
2015,Health Professions,16,,,Liverpool,80.5,90.0820622539569,91.010101010101,6.0,11.5,88.0,3.0,365.0,68.3380861258442
2015,Health Professions,67,,,Liverpool John Moores,50.3,75.5610972568578,73.9999999999999,4.0,19.1,61.0,4.0,341.0,64.3863179074446
2015,Health Professions,59,,,London South Bank,58.9,81.5668604651162,69.6753396269859,4.0,19.3999999999999,94.0,5.0,329.0,57.225220569927
2015,Health Professions,19,,,Manchester,79.5,92.2757926487215,88.7182122557034,5.0,14.3,81.0,2.0,432.0,75.5615740565278
2015,Health Professions,53,,,Manchester Met,66.4,83.3482108129099,77.5926025845091,3.0,16.2,71.0,5.0,392.0,69.4727386548266
2015,Health Professions,62,,,Middlesex,56.1,84.7499999999999,85.9999999999999,5.0,17.8,57.9999999999999,2.0,331.0,69.5999999999999
2015,Health Professions,23,,,Northampton,78.7,91.8106797473307,86.7776727110913,5.0,12.6,76.0,6.0,292.0,81.0762533930473
2015,Health Professions,50,,,Northumbria,68.5999999999999,81.1774461028192,79.3563218390804,4.0,16.3,81.0,5.0,418.0,65.0715672104067
2015,Health Professions,6,,,Nottingham,89.6,95.2464950322388,93.7709976477099,6.0,14.7,83.0,9.0,397.0,74.462220691556
2015,Health Professions,5,,,Oxford Brookes,91.4,97.9588607594936,94.8123825040731,6.0,16.2,79.0,8.0,398.0,86.5635816973647
2015,Health Professions,48,,,Plymouth,69.5999999999999,90.5183265511127,86.519449397169,4.0,16.5,77.0,5.0,343.0,71.6763908733243
2015,Health Professions,4,,,Portsmouth,91.9,95.273631840796,92.0,8.0,13.6,97.0,9.0,362.0,67.1314741035856
2015,Health Professions,32,,,Queen Margaret,75.7,90.7403906541612,87.2008002170079,3.0,16.0,87.0,7.0,390.0,63.1568804152583
2015,Health Professions,42,,,Reading,71.3,87.3134328358209,85.0,7.0,18.6,,4.0,435.0,59.318637274549
2015,Health Professions,52,,,Robert Gordon,66.7,90.6318681318681,93.032967032967,3.0,19.1,83.0,2.0,404.0,65.1892000838268
2015,Health Professions,29,,,Salford,76.8,90.1386303347843,85.00630272976,4.0,14.8,76.0,6.0,377.0,75.8132659561246
2015,Health Professions,42,,,Sheffield,71.3,89.6108870057102,87.473809621626,8.0,17.8,64.0,4.0,424.0,66.1319098325651
2015,Health Professions,27,,,Sheffield Hallam,77.9,91.7282620341983,89.6342098520104,5.0,17.5,85.0,8.0,365.0,72.5670235337754
2015,Health Professions,15,,,South Wales,81.9,86.3422717826441,88.7567567567567,4.0,16.2,86.0,9.0,357.0,75.5528196559253
2015,Health Professions,17,,,Southampton,80.4,91.2031589624692,86.8963760453715,7.0,15.4,82.0,7.0,399.0,64.8027968733234
2015,Health Professions,64,,,St Mark and St John,53.9,89.4472361809044,87.9999999999999,2.0,16.1,70.0,,316.0,54.1666666666666
2015,Health Professions,54,,,Staffordshire,65.5,91.0224438902743,82.0,4.0,13.7,,,200.0,76.6932270916334
2015,Health Professions,49,,,Strathclyde,69.5,90.8787084014102,94.469102082622,,19.3999999999999,79.0,3.0,480.0,53.7368094455111
2015,Health Professions,24,,,Surrey,78.5999999999999,89.5,88.8888888888889,7.0,23.2,,,487.0,74.1482965931863
2015,Health Professions,20,,,Swansea,79.4,90.6395604395604,76.1207459207459,6.0,15.7,81.0,8.0,384.0,62.8588975894365
2015,Health Professions,25,,,Teesside,78.5,94.6793355396555,96.7009345794392,4.0,16.3999999999999,82.0,3.0,359.0,88.7562536400353
2015,Health Professions,7,,,UEA,89.1,92.374526646347,86.020202020202,8.0,12.5,72.0,8.0,432.0,65.1720820422015
2015,Health Professions,46,,,Ulster,69.7,93.6658476059,93.0132766200375,3.0,17.6,62.0,6.0,357.0,77.3026459785686
2015,Health Professions,40,,,University Campus Suffolk,73.0,85.8560794044664,85.9999999999999,,18.3,90.0,3.0,388.0,73.253493013972
2015,Health Professions,21,,,UWE Bristol,79.2,92.3253020414858,89.3030616907844,3.0,14.8,83.0,8.0,366.0,64.4781708418896
2015,Health Professions,11,,,Warwick,85.7,85.0,79.7979797979798,10.0,,,4.0,460.0,55.3106212424849
2015,Health Professions,58,,,West of Scotland,60.8,83.0,90.0,4.0,16.6,,,310.0,60.1190476190476
2015,Health Professions,30,,,York St John,76.5,94.9982394366197,94.771660264618,4.0,15.2,80.0,4.0,348.0,76.522710560552
2015,History,54,,,Aberdeen,66.3,93.0174563591022,95.0,4.0,20.3,49.0,5.0,432.0,79.6
2015,History,83,,,Aberystwyth,51.6,90.9090909090908,90.9090909090908,2.0,25.1,45.0,4.0,326.0,75.1999999999999
2015,History,36,,,Anglia Ruskin,71.8,97.2568578553615,92.0,10.0,21.5,,3.0,236.0,81.3253012048192
2015,History,79,,,Bangor,54.0,91.9031098583885,90.9968471575366,3.0,19.5,53.0,1.0,297.0,78.5434026472325
2015,History,87,,,Bath Spa,49.4,89.2230576441102,83.8383838383838,3.0,24.9,41.0,7.0,291.0,73.4530938123752
2015,History,16,,,Birmingham,80.5,93.7810945273631,89.8989898989898,8.0,16.8999999999999,74.0,7.0,434.0,75.8964143426294
2015,History,51,,,Brighton,67.5,94.2211055276381,85.8585858585858,5.0,12.2,,,263.0,76.7068273092369
2015,History,24,,,Bristol,76.5,93.75,77.0,6.0,21.1,83.0,7.0,475.0,70.1402805611222
2015,History,41,,,Brunel,70.7,95.7605985037406,97.0,5.0,19.5,42.0,1.0,352.0,90.0596421471173
2015,History,1,,,Cambridge,100.0,94.4862155388471,93.0,10.0,15.9,76.0,7.0,579.0,77.3547094188376
2015,History,85,,,Canterbury Christ Church,51.1,97.2636815920398,99.0,3.0,29.7,30.0,6.0,273.0,83.9679358717434
2015,History,23,,,Cardiff,77.0,96.5087281795511,93.9393939393939,6.0,15.1,57.9999999999999,6.0,441.0,79.0836653386454
2015,History,70,,,Central Lancashire,58.8,94.4723618090452,96.0,5.0,16.3,39.0,3.0,320.0,75.8483033932135
2015,History,57,,,Chester,65.5,94.9748743718593,93.9393939393939,3.0,20.6,66.0,4.0,310.0,81.1244979919678
2015,History,59,,,Chichester,64.5,94.4862155388471,93.0,2.0,29.9,40.0,10.0,278.0,86.7203219315895
2015,History,66,,,Coventry,61.7,98.4999999999999,95.9595959595959,5.0,22.7,,3.0,283.0,88.3299798792756
2015,History,50,,,De Montfort,67.9,92.5373134328358,92.079207920792,4.0,10.9,42.0,9.0,281.0,82.6693227091633
2015,History,61,,,Derby,64.3,99.5,100.0,4.0,23.6,31.0,2.0,297.0,88.9779559118236
2015,History,55,,,Dundee,65.9,96.4912280701754,94.9494949494949,5.0,19.5,45.0,2.0,353.0,84.8
2015,History,2,,,Durham,97.3,97.5124378109453,97.0,5.0,17.8,86.0,8.0,553.0,88.7775551102204
2015,History,45,,,East London,69.2,97.2568578553616,98.0,8.0,25.4,,,245.0,79.2415169660678
2015,History,71,,,Edge Hill,58.6,95.75,95.9595959595959,3.0,18.3999999999999,,1.0,264.0,83.1325301204819
2015,History,38,,,Edinburgh,71.5,90.1562581193982,84.9462795762533,9.0,17.3999999999999,63.0,7.0,503.0,58.323400995787
2015,History,58,,,Essex,65.0999999999999,92.0,92.9292929292929,4.0,16.8,37.0,6.0,380.0,78.0
2015,History,4,,,Exeter,93.2,98.0,97.0,8.0,15.5,76.0,7.0,472.0,85.4291417165668
2015,History,11,,,Glasgow,85.9,96.4824120603014,95.9595959595959,7.0,17.1,56.0,7.0,497.0,86.2
2015,History,78,,,Gloucestershire,54.5,95.5112219451371,94.0,5.0,27.2,,,308.0,78.5288270377733
2015,History,38,,,Glyndwr,71.5,93.4837092731829,91.9191919191919,5.0,20.7,,,236.0,84.5381526104417
2015,History,68,,,Goldsmiths,59.6,94.776119402985,92.0,3.0,27.1,44.0,7.0,361.0,73.9478957915831
2015,History,74,,,Greenwich,58.4,94.3172183087034,93.5662789027717,3.0,20.8,,3.0,298.0,78.4924861178117
2015,History,33,,,Hertfordshire,73.2,89.5522388059701,90.9999999999999,5.0,11.2,55.0,8.0,344.0,82.3412698412698
2015,History,42,,,Highlands & Islands,69.5999999999999,95.5,94.0,10.0,29.9,,,281.0,77.9116465863453
2015,History,13,,,Huddersfield,81.5999999999999,97.5,90.0,5.0,19.6,63.0,8.0,346.0,90.0
2015,History,37,,,Hull,71.7,94.9999999999999,96.9999999999999,4.0,17.8,49.0,7.0,359.0,84.5691382765531
2015,History,29,,,Keele,74.5999999999999,93.6868686868686,96.0,4.0,11.2,59.0,4.0,384.0,79.5228628230616
2015,History,22,,,Kent,77.2,95.2618453865336,95.9999999999999,6.0,16.6,64.0,6.0,396.0,79.2828685258964
2015,History,7,,,King's College London,90.8,94.7368421052631,85.1485148514851,7.0,14.1,75.0,9.0,487.0,76.0956175298804
2015,History,82,,,Kingston,52.8,81.25,81.0,9.0,24.9,38.0,7.0,258.0,69.4
2015,History,26,,,Lancaster,76.4,93.5162094763092,94.9494949494949,7.0,17.6,68.0,5.0,450.0,78.1563126252505
2015,History,20,,,Leeds,78.4,93.5,89.0,7.0,18.7,62.0,7.0,473.0,80.7615230460921
2015,History,90,,,Leeds Met,34.7,87.2180451127819,91.089108910891,4.0,41.8,49.0,1.0,259.0,66.4670658682634
2015,History,75,,,Leeds Trinity,58.2,96.0,96.0,3.0,24.3,,,223.0,85.2
2015,History,24,,,Leicester,76.5,93.0174563591022,92.079207920792,8.0,17.1,57.9999999999999,7.0,394.0,76.2948207171314
2015,History,69,,,Lincoln,59.0,92.964824120603,91.9191919191919,4.0,19.0,57.9999999999999,2.0,335.0,76.4471057884231
2015,History,19,,,Liverpool,78.8,95.2618453865336,93.069306930693,7.0,14.6,55.0,7.0,413.0,81.9639278557114
2015,History,80,,,Liverpool John Moores,53.8,85.3233830845771,83.1683168316831,3.0,24.9,28.0,9.0,333.0,74.7011952191235
2015,History,8,,,London School of Economics,89.6,92.7860696517412,94.9999999999999,7.0,10.9,70.0,6.0,510.0,88.2235528942115
2015,History,30,,,Loughborough,74.2,91.5632754342431,96.0,6.0,16.5,,7.0,383.0,80.2395209580838
2015,History,40,,,Manchester,70.8,90.75,84.0,6.0,17.0,64.0,7.0,431.0,71.8562874251497
2015,History,76,,,Manchester Met,57.0,94.9874686716791,95.0,3.0,24.8,53.0,5.0,312.0,76.2948207171314
2015,History,14,,,Newcastle,81.2,96.2593516209476,97.0,5.0,18.8999999999999,74.0,7.0,445.0,83.3333333333333
2015,History,44,,,Newman University,69.5,96.7581047381546,100.0,4.0,27.2,,,272.0,88.0
2015,History,49,,,Northampton,68.2,91.0224438902743,86.0,6.0,18.0,47.0,7.0,256.0,84.1269841269841
2015,History,47,,,Northumbria,68.3,90.547263681592,92.079207920792,7.0,13.6,54.0,1.0,359.0,85.8565737051793
2015,History,42,,,Nottingham,69.5999999999999,91.7910447761194,86.9999999999999,4.0,20.3999999999999,66.0,7.0,453.0,71.0
2015,History,81,,,Nottingham Trent,53.2,90.4999999999999,94.0,6.0,28.5,49.0,3.0,283.0,75.8964143426294
2015,History,6,,,Oxford,92.4,95.2618453865336,94.059405940594,,12.5,76.0,7.0,553.0,71.0578842315369
2015,History,21,,,Oxford Brookes,77.8,96.2311557788944,95.9595959595959,6.0,18.6,56.0,8.0,355.0,84.6307385229541
2015,History,63,,,Plymouth,63.8,93.5162094763092,93.0,6.0,18.8999999999999,51.0,6.0,280.0,74.1482965931863
2015,History,52,,,Portsmouth,66.8,97.75,97.0,5.0,20.8,61.0,5.0,315.0,78.8844621513944
2015,History,10,,,Queen Mary,86.8,93.9698492462311,90.9999999999999,10.0,10.4,68.0,5.0,441.0,76.056338028169
2015,History,46,,,"Queen's, Belfast",68.7,93.984962406015,92.079207920792,4.0,15.2,54.0,4.0,366.0,79.2415169660678
2015,History,62,,,Reading,64.2,93.984962406015,91.0,3.0,18.7,55.0,5.0,366.0,76.0
2015,History,72,,,Roehampton,58.5,91.0,96.0,4.0,27.2,46.0,7.0,274.0,81.4889336016096
2015,History,17,,,Royal Holloway,80.0999999999999,95.7393483709273,93.9393939393939,4.0,17.5,67.0,7.0,435.0,82.7380952380952
2015,History,27,,,Sheffield,75.8,93.0,90.0,6.0,17.5,64.0,7.0,468.0,74.1999999999999
2015,History,86,,,Sheffield Hallam,50.0,89.5,88.0,5.0,22.4,28.9999999999999,5.0,311.0,73.9562624254473
2015,History,31,,,SOAS,73.8,91.6876574307304,89.9999999999999,5.0,16.8,65.0,7.0,389.0,72.3999999999999
2015,History,65,,,South Wales,62.5,92.5,87.0,7.0,15.4,50.0,1.0,307.0,77.6447105788423
2015,History,28,,,Southampton,75.4,93.5162094763092,89.9999999999999,5.0,17.6,65.0,7.0,439.0,75.5467196819085
2015,History,3,,,St Andrews,94.9,93.6340525351543,93.8875615538938,8.0,12.6,76.0,8.0,535.0,81.3736466932841
2015,History,72,,,"St Mary's UC, Twickenham",58.5,94.5,98.0,2.0,29.7,,6.0,293.0,88.7775551102204
2015,History,34,,,Staffordshire,73.0,96.9924812030075,96.9999999999999,3.0,18.7,,,233.0,89.1783567134268
2015,History,84,,,Stirling,51.4,91.2935323383084,93.069306930693,3.0,28.1,44.0,1.0,386.0,79.0836653386454
2015,History,15,,,Strathclyde,80.8,93.5323383084577,93.9393939393939,10.0,17.8999999999999,54.0,5.0,454.0,76.4
2015,History,35,,,Sunderland,72.4,99.0,97.0,4.0,25.4,,5.0,289.0,89.2
2015,History,47,,,Sussex,68.3,91.5211970074813,90.0,7.0,20.6,52.0,8.0,409.0,65.6686626746507
2015,History,59,,,Swansea,64.5,92.5,92.9999999999999,3.0,22.0,61.0,8.0,337.0,78.0
2015,History,53,,,Teesside,66.5999999999999,88.25,93.9393939393939,4.0,16.6,49.0,7.0,296.0,88.6454183266932
2015,History,5,,,UCL,92.7,92.6123298033282,89.028100238163,10.0,11.9,75.0,7.0,514.0,73.5650537155855
2015,History,11,,,UEA,85.9,96.2592916863018,94.059405940594,9.0,15.8,64.0,8.0,438.0,74.7007256058609
2015,History,77,,,Ulster,56.5,87.5,87.1287128712871,4.0,22.6,38.0,7.0,290.0,78.2
2015,History,31,,,University Campus Suffolk,73.8,96.5,98.0,,16.3,,2.0,308.0,86.4
2015,History,64,,,UWE Bristol,63.2,95.0248756218905,88.0,3.0,18.7,38.0,8.0,335.0,76.1044176706827
2015,History,9,,,Warwick,88.6,96.5,92.0,8.0,19.8,84.0,8.0,489.0,77.2455089820359
2015,History,66,,,Westminster,61.7,91.4786967418546,91.9191919191919,4.0,24.1,,6.0,295.0,76.9999999999999
2015,History,56,,,Winchester,65.5999999999999,100.0,100.0,3.0,20.3,45.0,3.0,316.0,90.6374501992032
2015,History,89,,,Worcester,44.5,92.5187032418952,96.0,2.0,25.6,,2.0,285.0,75.8
2015,History,18,,,York,79.8,94.25,87.9999999999999,8.0,18.8999999999999,72.0,7.0,495.0,73.2
2015,History,88,,,York St John,44.8,90.4761904761904,84.9999999999999,2.0,40.7,35.0,9.0,297.0,73.0
2013,History and history of art,30,62.0,-32.0,Aberdeen,70.9,94.9823232323232,97.0,7.0,18.6,57.0,7.0,394.0,70.005376344086
2014,History and history of art,44,30.0,14.0,Aberdeen,65.2,91.2280701754386,88.0,5.0,18.5,56.0,6.0,435.0,75.2
2013,History and history of art,75,53.0,22.0,Aberystwyth,50.7,91.5,93.0,3.0,16.5,46.0,1.0,318.0,76.2283404143817
2014,History and history of art,68,75.0,-7.0,Aberystwyth,55.3,91.25,90.0,4.0,17.5,41.0,3.0,342.0,80.6387225548902
2013,History and history of art,25,53.0,-28.0,Anglia Ruskin,72.5,96.029702970297,98.0,10.0,17.0,30.0,6.0,239.0,83.1664795345514
2014,History and history of art,22,25.0,-3.0,Anglia Ruskin,76.0,97.0074812967581,92.9292929292929,10.0,17.3,30.0,8.0,273.0,86.8263473053892
2013,History and history of art,80,77.0,3.0,Bangor,47.8,95.0590473847945,91.8425472358293,4.0,17.2,27.0,2.0,288.0,68.7141771354444
2014,History and history of art,77,80.0,-3.0,Bangor,49.3,90.6033420541776,85.0037484166171,4.0,15.0,50.0,1.0,308.0,67.0137531725062
2013,History and history of art,64,57.0,7.0,Bath Spa,53.7,90.259500950095,90.0,2.0,21.1,42.0,7.0,308.0,78.5808180818082
2014,History and history of art,74,64.0,10.0,Bath Spa,49.9,89.5781637717122,83.1683168316832,2.0,23.2,46.0,7.0,323.0,75.8
2013,History and history of art,32,33.0,-1.0,Birmingham,70.1,92.9848484848485,89.0,9.0,20.6,60.0,5.0,423.0,74.206800680068
2014,History and history of art,31,32.0,-1.0,Birmingham,72.3,91.7705735660848,83.8383838383838,9.0,19.8,72.0,5.0,434.0,73.8522954091816
2013,History and history of art,83,86.0,-3.0,Bishop Grosseteste UC,46.7,,,1.0,23.6,,9.0,246.0,
2013,History and history of art,55,75.0,-20.0,Brighton,58.7,94.0,88.0,4.0,21.7,26.0,7.0,296.0,90.779797979798
2014,History and history of art,71,55.0,16.0,Brighton,51.8,93.483709273183,85.0,3.0,21.6,,6.0,301.0,76.8924302788845
2013,History and history of art,10,13.0,-3.0,Bristol,86.4,93.5222772277228,85.8585858585859,8.0,19.4,69.0,8.0,463.0,86.3742025518341
2014,History and history of art,16,10.0,6.0,Bristol,80.6,92.0595533498759,83.1683168316832,6.0,18.1,77.0,8.0,487.0,76.0
2013,History and history of art,4,3.0,1.0,Brunel,95.8,97.5173267326733,100.0,10.0,11.1,,8.0,320.0,88.4138613861386
2014,History and history of art,3,4.0,-1.0,Brunel,97.7,97.5,99.0,10.0,11.3,,3.0,348.0,90.5622489959839
2013,History and history of art,1,1.0,0.0,Cambridge,100.0,96.7772277227723,97.029702970297,,14.6,72.0,8.0,573.0,85.6554455445544
2014,History and history of art,1,1.0,0.0,Cambridge,100.0,96.75,94.059405940594,,14.5,77.0,7.0,581.0,84.2942345924453
2013,History and history of art,73,69.0,4.0,Canterbury Christ Church,52.2,96.25,93.939393939394,2.0,17.4,40.0,2.0,274.0,73.1910816081608
2014,History and history of art,73,73.0,0.0,Canterbury Christ Church,50.9,92.5,94.949494949495,3.0,19.5,45.0,3.0,287.0,78.714859437751
2013,History and history of art,46,39.0,7.0,Cardiff,64.5,96.5049504950495,91.0,3.0,21.6,51.0,6.0,440.0,78.2178217821782
2014,History and history of art,32,46.0,-14.0,Cardiff,70.6,95.7393483709273,94.8979591836735,4.0,20.1,62.0,6.0,438.0,81.1244979919679
2013,History and history of art,58,44.0,14.0,Central Lancashire,57.9,93.479797979798,94.059405940594,7.0,20.0,41.0,6.0,283.0,85.6
2014,History and history of art,76,58.0,18.0,Central Lancashire,49.6,85.0746268656717,88.0,7.0,19.1,47.0,3.0,305.0,79.3172690763052
2013,History and history of art,42,73.0,-31.0,Chester,65.3,94.5145514551455,95.0,4.0,19.1,53.0,3.0,304.0,85.8772277227723
2014,History and history of art,78,42.0,36.0,Chester,49.2,86.5,83.1683168316832,3.0,21.4,64.0,2.0,321.0,76.4
2013,History and history of art,22,22.0,0.0,Chichester,74.1,100.0,100.0,2.0,20.8,,10.0,272.0,94.8
2014,History and history of art,59,22.0,37.0,Chichester,59.0,97.25,94.0,2.0,23.6,36.0,8.0,308.0,86.4271457085828
2013,History and history of art,7,7.0,0.0,Courtauld Institute,88.7,93.2871287128713,83.0,9.0,11.4,51.0,8.0,459.0,82.8950495049505
2014,History and history of art,5,7.0,-2.0,Courtauld Institute,95.7,97.7443609022556,94.0,,12.4,68.0,8.0,495.0,78.9579158316633
2013,History and history of art,72,74.0,-2.0,Coventry,52.3,90.9292929292929,93.0,3.0,15.3,,2.0,282.0,80.2356435643564
2014,History and history of art,85,72.0,13.0,Coventry,41.2,92.25,88.1188118811881,4.0,24.5,,2.0,291.0,77.6447105788423
2013,History and history of art,66,49.0,17.0,Cumbria,53.5,90.0,88.0,6.0,21.6,,2.0,,86.8
2013,History and history of art,68,60.0,8.0,De Montfort,52.7,97.0123762376238,98.0,4.0,20.6,36.0,6.0,277.0,84.2673267326733
2014,History and history of art,64,68.0,-4.0,De Montfort,56.8,91.7085427135678,91.0,4.0,22.4,51.0,7.0,297.0,75.8964143426295
2013,History and history of art,34,43.0,-9.0,Derby,69.4,99.5,100.0,5.0,15.4,19.0,7.0,266.0,91.6
2014,History and history of art,29,34.0,-5.0,Derby,72.4,97.4937343358396,98.0,5.0,16.7,,4.0,267.0,92.5851703406814
2013,History and history of art,38,38.0,0.0,Dundee,67.0,98.5,100.0,6.0,22.4,36.0,7.0,365.0,82.8
2014,History and history of art,47,38.0,9.0,Dundee,64.6,95.7393483709273,90.0990099009901,5.0,23.9,54.0,6.0,384.0,81.6
2013,History and history of art,5,2.0,3.0,Durham,95.6,97.2549504950495,97.029702970297,7.0,15.6,75.0,7.0,544.0,87.979797979798
2014,History and history of art,6,5.0,1.0,Durham,95.3,97.7443609022556,98.0,6.0,15.8,78.0,7.0,562.0,84.4311377245509
2013,History and history of art,65,50.0,15.0,Edge Hill,53.6,97.989898989899,92.0,3.0,19.0,,1.0,231.0,88.7575757575758
2014,History and history of art,82,65.0,17.0,Edge Hill,45.0,90.4761904761905,94.0,4.0,21.2,,1.0,306.0,87.14859437751
2013,History and history of art,19,30.0,-11.0,Edinburgh,76.4,92.0,86.0,10.0,16.9,62.0,7.0,447.0,57.9703327770794
2014,History and history of art,25,19.0,6.0,Edinburgh,74.1,90.2071083452372,84.8276580235343,10.0,16.9,58.0,6.0,486.0,56.108916631848
2013,History and history of art,39,18.0,21.0,Essex,66.6,92.7722772277228,92.0792079207921,8.0,12.3,37.0,2.0,350.0,78.6824882488249
2014,History and history of art,29,39.0,-10.0,Essex,72.4,96.7336683417085,96.039603960396,6.0,12.7,50.0,4.0,382.0,82.2709163346614
2013,History and history of art,15,14.0,1.0,Exeter,78.7,94.769601960196,92.0792079207921,5.0,17.5,65.0,7.0,474.0,80.1535353535354
2014,History and history of art,12,15.0,-3.0,Exeter,84.6,97.9949874686717,95.0,6.0,16.4,66.0,7.0,505.0,79.2415169660679
2013,History and history of art,79,86.0,-7.0,Glamorgan,49.2,85.1767676767676,90.0,4.0,10.6,,2.0,250.0,69.5581558155816
2013,History and history of art,13,15.0,-2.0,Glasgow,82.1,97.25,94.949494949495,8.0,18.6,57.0,7.0,449.0,83.8400711002638
2014,History and history of art,18,13.0,5.0,Glasgow,79.2,96.7336683417085,95.0,7.0,18.9,59.0,6.0,476.0,82.8
2013,History and history of art,45,34.0,11.0,Gloucestershire,64.9,90.9621212121212,87.8787878787879,8.0,15.8,,4.0,303.0,73.8673267326733
2014,History and history of art,67,45.0,22.0,Gloucestershire,55.6,89.5261845386534,82.0,7.0,15.6,,4.0,305.0,61.2774451097804
2013,History and history of art,84,76.0,8.0,Goldsmiths,46.5,88.9419191919192,81.8181818181818,2.0,22.9,38.0,7.0,356.0,62.4957695769577
2014,History and history of art,65,84.0,-19.0,Goldsmiths,56.5,92.2305764411028,85.1485148514851,2.0,25.0,58.0,9.0,387.0,74.9498997995992
2014,History and history of art,58,91.0,-33.0,Greenwich,59.1,90.7730673316708,92.0792079207921,3.0,24.1,,9.0,278.0,82.3647294589178
2013,History and history of art,50,47.0,3.0,Hertfordshire,62.1,95.2722772277228,80.1980198019802,3.0,16.8,,9.0,337.0,65.1908790879088
2014,History and history of art,21,50.0,-29.0,Hertfordshire,76.3,94.7761194029851,91.0891089108911,3.0,16.6,,10.0,321.0,80.6772908366534
2013,History and history of art,29,29.0,0.0,Huddersfield,71.0,95.9848484848485,96.0,6.0,16.7,51.0,5.0,307.0,87.579797979798
2014,History and history of art,15,29.0,-14.0,Huddersfield,81.6,98.7468671679198,98.989898989899,5.0,13.4,60.0,7.0,349.0,87.4251497005988
2013,History and history of art,40,36.0,4.0,Hull,66.1,97.5049504950495,99.0,3.0,18.2,49.0,4.0,347.0,87.6219296628458
2014,History and history of art,51,40.0,11.0,Hull,62.0,94.9748743718593,93.0,2.0,19.6,64.0,4.0,368.0,80.3212851405622
2013,History and history of art,48,67.0,-19.0,Keele,64.4,96.7345818432775,92.0,3.0,19.7,52.0,6.0,352.0,77.332042226779
2014,History and history of art,66,48.0,18.0,Keele,56.1,94.0,91.9191919191919,2.0,23.0,52.0,8.0,354.0,74.6987951807229
2013,History and history of art,16,19.0,-3.0,Kent,78.6,94.2546504650465,95.0,6.0,12.7,63.0,7.0,377.0,77.7346534653465
2014,History and history of art,19,16.0,3.0,Kent,78.7,94.0298507462686,94.0,7.0,11.8,60.0,7.0,407.0,81.8363273453094
2013,History and history of art,9,6.0,3.0,King's College London,87.6,92.7967796779678,89.0,8.0,12.7,61.0,8.0,509.0,73.2382564135008
2014,History and history of art,10,9.0,1.0,King's College London,89.0,94.0149625935162,91.0891089108911,8.0,13.6,68.0,8.0,499.0,72.9083665338645
2013,History and history of art,82,84.0,-2.0,Kingston,46.8,81.1029411764706,72.7272727272727,4.0,23.2,45.0,9.0,268.0,58.7421142114211
2014,History and history of art,88,82.0,6.0,Kingston,40.0,86.6834170854271,79.7979797979798,4.0,24.2,39.0,7.0,298.0,65.6
2013,History and history of art,20,23.0,-3.0,Lancaster,76.0,93.7045454545454,89.0,5.0,17.0,73.0,6.0,423.0,75.5868108696392
2014,History and history of art,36,20.0,16.0,Lancaster,68.8,94.5137157107232,89.0,4.0,16.7,67.0,3.0,459.0,76.6
2013,History and history of art,31,25.0,6.0,Leeds,70.3,91.964196419642,86.8686868686868,4.0,20.3,68.0,8.0,433.0,71.8109210921092
2014,History and history of art,28,31.0,-3.0,Leeds,73.7,95.9697732997481,91.0,7.0,22.6,67.0,7.0,457.0,77.710843373494
2013,History and history of art,90,92.0,-2.0,Leeds Met,35.8,87.9802206162039,89.0,4.0,26.5,37.0,3.0,233.0,69.0484848484848
2014,History and history of art,87,90.0,-3.0,Leeds Met,40.6,92.7680798004988,91.0,3.0,22.1,40.0,3.0,236.0,74.3486973947896
2014,History and history of art,72,,,Leeds Trinity,51.0,96.7418546365915,95.959595959596,2.0,23.2,,,256.0,83.0677290836653
2013,History and history of art,91,85.0,6.0,Leeds Trinity University College,32.3,79.75,77.2277227722772,1.0,21.8,,,257.0,71.8
2013,History and history of art,28,27.0,1.0,Leicester,72.0,92.2222222222222,91.0,8.0,16.2,45.0,5.0,411.0,79.2441013516884
2014,History and history of art,20,28.0,-8.0,Leicester,77.3,92.4812030075188,91.9191919191919,8.0,14.7,54.0,8.0,413.0,77.5100401606426
2013,History and history of art,87,89.0,-2.0,Lincoln,41.4,89.4343434343434,88.0,4.0,27.4,61.0,1.0,305.0,76.1313131313131
2014,History and history of art,86,87.0,-1.0,Lincoln,40.9,92.75,93.0,4.0,26.8,44.0,1.0,334.0,75.4980079681275
2013,History and history of art,21,31.0,-10.0,Liverpool,75.0,96.0013917328685,93.0,9.0,17.8,53.0,6.0,404.0,75.2050711193568
2014,History and history of art,34,21.0,13.0,Liverpool,70.4,92.9824561403508,90.0,8.0,20.5,58.0,7.0,416.0,75.249500998004
2013,History and history of art,84,83.0,1.0,Liverpool John Moores,46.5,89.7219221922192,87.0,4.0,25.8,29.0,6.0,286.0,77.7414141414141
2014,History and history of art,40,84.0,-44.0,Liverpool John Moores,67.4,92.7680798004988,91.0891089108911,4.0,18.2,35.0,9.0,331.0,83.6
2013,History and history of art,2,10.0,-8.0,London School of Economics,97.4,91.0,91.9191919191919,10.0,11.3,78.0,7.0,509.0,77.3158521734526
2014,History and history of art,4,2.0,2.0,London School of Economics,97.4,91.25,93.0,10.0,10.7,83.0,7.0,529.0,81.1623246492986
2014,History and history of art,37,,,Loughborough,68.6,96.2311557788945,97.0,6.0,23.2,,,419.0,87.3239436619718
2013,History and history of art,42,45.0,-3.0,Manchester,65.3,87.5,75.0,10.0,20.1,54.0,6.0,410.0,60.3623234772457
2014,History and history of art,24,42.0,-18.0,Manchester,74.9,91.0224438902743,84.1584158415842,10.0,17.9,60.0,5.0,457.0,69.0
2013,History and history of art,88,86.0,2.0,Manchester Met,37.4,83.4052925700733,75.7575757575758,2.0,22.0,27.0,5.0,291.0,65.3597759775978
2014,History and history of art,81,88.0,-7.0,Manchester Met,45.7,92.9471032745592,88.8888888888889,2.0,23.1,36.0,5.0,326.0,72.289156626506
2013,History and history of art,42,42.0,0.0,Newcastle,65.3,92.2970297029703,86.8686868686869,5.0,21.0,65.0,6.0,444.0,67.7512351235124
2014,History and history of art,35,42.0,-7.0,Newcastle,70.0,94.75,96.0,4.0,19.7,71.0,7.0,439.0,73.74749498998
2014,History and history of art,42,,,Newman University,66.2,95.25,100.0,4.0,19.9,,4.0,319.0,90.6
2013,History and history of art,36,70.0,-34.0,Newman University College,67.5,95.989898989899,95.0,4.0,21.1,,8.0,267.0,83.2316831683168
2013,History and history of art,66,52.0,14.0,Newport,53.5,91.0,89.0,4.0,19.8,,,259.0,78.4431137724551
2013,History and history of art,86,26.0,60.0,Northampton,42.0,87.7163216321632,75.0,4.0,26.5,,7.0,247.0,66.0
2014,History and history of art,74,86.0,-12.0,Northampton,49.9,94.0149625935162,95.0,4.0,27.1,,2.0,278.0,90.0199600798403
2013,History and history of art,59,64.0,-5.0,Northumbria,57.6,89.8293247302258,88.0,6.0,15.1,38.0,3.0,338.0,79.3942652329749
2014,History and history of art,50,59.0,-9.0,Northumbria,62.1,93.7185929648241,90.0,6.0,14.6,42.0,3.0,359.0,78.9579158316633
2013,History and history of art,24,24.0,0.0,Nottingham,73.5,94.9671717171717,90.9090909090909,5.0,18.8,71.0,7.0,443.0,72.160896089609
2014,History and history of art,23,24.0,-1.0,Nottingham,75.8,97.25,94.0,6.0,18.6,64.0,7.0,458.0,76.2
2013,History and history of art,68,63.0,5.0,Nottingham Trent,52.7,92.769801980198,91.0,6.0,19.6,41.0,2.0,316.0,72.5701570157016
2014,History and history of art,80,68.0,12.0,Nottingham Trent,47.9,86.25,86.1386138613861,5.0,18.2,49.0,1.0,337.0,69.5390781563126
2013,History and history of art,6,5.0,1.0,Oxford,89.2,94.9437714470628,92.9683455481054,,13.9,69.0,7.0,556.0,67.5029668203142
2014,History and history of art,7,6.0,1.0,Oxford,93.5,95.9937324347428,94.4512943288942,,13.5,72.0,7.0,566.0,71.3076567200777
2013,History and history of art,51,48.0,3.0,Oxford Brookes,60.4,89.0539215686274,81.0,5.0,15.2,42.0,7.0,326.0,68.8
2014,History and history of art,49,51.0,-2.0,Oxford Brookes,63.9,93.25,93.0,7.0,15.7,33.0,6.0,374.0,78.6
2013,History and history of art,78,41.0,37.0,Plymouth,49.3,86.7020202020202,80.0,4.0,19.3,34.0,4.0,278.0,73.380198019802
2014,History and history of art,52,78.0,-26.0,Plymouth,61.5,94.5,87.1287128712871,5.0,20.8,49.0,8.0,316.0,79.0
2013,History and history of art,70,66.0,4.0,Portsmouth,52.6,91.5,94.0,5.0,25.2,36.0,3.0,325.0,77.6
2014,History and history of art,61,70.0,-9.0,Portsmouth,58.6,91.2280701754386,91.0,6.0,21.2,65.0,5.0,322.0,70.8582834331337
2013,History and history of art,27,20.0,7.0,Queen Mary,72.1,91.9896489648965,86.8686868686869,,16.8,51.0,6.0,423.0,77.0785678567857
2014,History and history of art,38,27.0,11.0,Queen Mary,68.0,91.7705735660848,87.0,5.0,19.0,64.0,5.0,435.0,73.7051792828685
2013,History and history of art,51,68.0,-17.0,"Queen's, Belfast",60.4,90.25,84.0,7.0,16.1,39.0,5.0,374.0,71.0594059405941
2014,History and history of art,39,51.0,-12.0,"Queen's, Belfast",67.5,91.7293233082707,88.0,6.0,16.4,54.0,4.0,374.0,79.0
2013,History and history of art,37,40.0,-3.0,Reading,67.1,93.5470297029703,89.1089108910891,6.0,15.9,50.0,5.0,384.0,72.6732673267327
2014,History and history of art,46,37.0,9.0,Reading,64.8,90.5,88.0,7.0,14.9,47.0,6.0,394.0,71.8875502008032
2013,History and history of art,74,71.0,3.0,Roehampton,51.2,85.5148514851485,68.6868686868687,2.0,18.4,63.0,5.0,272.0,64.9535353535354
2014,History and history of art,62,74.0,-12.0,Roehampton,58.3,87.7805486284289,83.1683168316832,3.0,18.6,65.0,4.0,316.0,76.8
2013,History and history of art,18,12.0,6.0,Royal Holloway,77.6,93.0022252225222,90.0,6.0,15.8,62.0,8.0,413.0,75.4554455445544
2014,History and history of art,17,18.0,-1.0,Royal Holloway,79.6,96.25,96.0,4.0,15.9,66.0,8.0,423.0,81.437125748503
2013,History and history of art,62,90.0,-28.0,Salford,55.8,91.7547504750475,91.0891089108911,6.0,13.8,45.0,2.0,294.0,60.327868852459
2014,History and history of art,69,62.0,7.0,Salford,55.0,88.9724310776942,76.0,4.0,14.3,39.0,6.0,311.0,69.0
2013,History and history of art,35,28.0,7.0,Sheffield,68.6,95.7496503496503,96.0,4.0,22.1,60.0,7.0,466.0,72.4242424242424
2014,History and history of art,32,35.0,-3.0,Sheffield,70.6,95.7178841309824,94.949494949495,5.0,22.9,65.0,7.0,478.0,74.2
2013,History and history of art,77,78.0,-1.0,Sheffield Hallam,49.8,89.2272727272727,86.0,5.0,23.5,36.0,5.0,310.0,69.45800580058
2014,History and history of art,83,77.0,6.0,Sheffield Hallam,43.6,90.7268170426065,92.0,5.0,23.8,42.0,3.0,308.0,69.4
2013,History and history of art,23,17.0,6.0,SOAS,73.9,80.0445544554456,82.0,9.0,12.1,64.0,7.0,401.0,62.1476147614761
2014,History and history of art,14,23.0,-9.0,SOAS,83.1,94.2928039702233,90.0990099009901,9.0,13.0,72.0,7.0,412.0,71.3147410358566
2013,History and history of art,26,34.0,-8.0,Southampton,72.2,96.0,95.0,4.0,18.9,58.0,8.0,454.0,73.3806180618062
2014,History and history of art,43,26.0,17.0,Southampton,65.6,95.4659949622166,94.0,5.0,20.3,51.0,7.0,444.0,72.4899598393574
2013,History and history of art,3,4.0,-1.0,St Andrews,97.2,98.0,96.969696969697,9.0,12.9,65.0,8.0,523.0,83.0281504629977
2014,History and history of art,1,3.0,-2.0,St Andrews,100.0,97.0074812967581,96.0,9.0,12.7,72.0,7.0,527.0,85.6573705179283
2013,History and history of art,53,57.0,-4.0,"St Mary's UC, Twickenham",59.4,99.009900990099,96.0396039603961,3.0,21.7,,4.0,276.0,84.0534653465347
2014,History and history of art,79,53.0,26.0,"St Mary's UC, Twickenham",49.1,94.2643391521197,92.0792079207921,2.0,27.1,,5.0,325.0,83.0677290836653
2013,History and history of art,81,65.0,16.0,Staffordshire,47.5,93.9949494949495,94.0,6.0,19.3,,1.0,232.0,81.6646464646465
2014,History and history of art,60,81.0,-21.0,Staffordshire,58.7,96.5,96.0,7.0,18.8,,1.0,274.0,85.2295409181637
2013,History and history of art,76,60.0,16.0,Stirling,50.2,86.6188118811881,93.0693069306931,4.0,19.4,33.0,3.0,360.0,71.8435643564356
2014,History and history of art,44,76.0,-32.0,Stirling,65.2,93.25,91.0,4.0,15.9,54.0,3.0,402.0,79.2
2013,History and history of art,54,55.0,-1.0,Strathclyde,59.1,91.9919741974198,86.0,4.0,19.8,40.0,7.0,407.0,68.9788778877888
2014,History and history of art,27,54.0,-27.0,Strathclyde,73.8,95.5,89.0,7.0,13.8,44.0,5.0,454.0,81.8
2013,History and history of art,41,82.0,-41.0,Sunderland,65.4,97.2449494949495,99.0,4.0,19.2,,5.0,258.0,84.3636363636364
2014,History and history of art,54,41.0,13.0,Sunderland,61.0,99.2481203007519,100.0,4.0,25.3,33.0,9.0,259.0,85.6
2013,History and history of art,33,16.0,17.0,Sussex,69.8,93.954395439544,90.0990099009901,7.0,20.4,61.0,7.0,382.0,71.7337135064774
2014,History and history of art,41,33.0,8.0,Sussex,66.9,98.2412060301508,97.0,6.0,23.5,46.0,7.0,430.0,78.6
2013,History and history of art,63,79.0,-16.0,Swansea,54.9,88.029702970297,87.1287128712871,5.0,18.4,44.0,4.0,335.0,66.6347634763476
2014,History and history of art,56,63.0,-7.0,Swansea,60.3,91.9799498746867,90.0,7.0,17.1,45.0,6.0,367.0,69.3386773547094
2013,History and history of art,56,37.0,19.0,Teesside,58.4,97.4823232323232,100.0,4.0,20.8,28.0,3.0,291.0,93.1616161616162
2014,History and history of art,53,56.0,-3.0,Teesside,61.1,94.2643391521197,92.0792079207921,3.0,20.5,32.0,7.0,328.0,90.2390438247012
2013,History and history of art,89,72.0,17.0,Trinity Saint David,35.9,80.2623331898407,65.0,4.0,20.9,26.0,3.0,254.0,73.3721172117212
2014,History and history of art,89,89.0,0.0,Trinity Saint David,33.1,87.281795511222,81.1881188118812,3.0,22.5,28.0,2.0,244.0,74.7011952191235
2013,History and history of art,17,,,UC Suffolk,78.4,99.0,100.0,,22.9,,7.0,272.0,96.0
2014,History and history of art,13,17.0,-4.0,UC Suffolk,84.5,99.5,100.0,,19.7,,7.0,288.0,89.9799599198397
2013,History and history of art,8,8.0,0.0,UCL,88.1,94.2136815089559,88.0796812749004,9.0,13.3,74.0,8.0,469.0,69.3535640538965
2014,History and history of art,7,8.0,-1.0,UCL,93.5,94.0696497762119,90.9263011152416,10.0,14.0,77.0,8.0,499.0,70.0294464070595
2013,History and history of art,12,11.0,1.0,UEA,83.1,96.009700970097,94.0594059405941,10.0,15.9,44.0,7.0,401.0,84.037103710371
2014,History and history of art,9,12.0,-3.0,UEA,90.0,97.2568578553616,95.0,9.0,14.5,60.0,8.0,439.0,79.5180722891566
2013,History and history of art,71,79.0,-8.0,Ulster,52.5,89.2222222222222,85.0,3.0,17.1,25.0,9.0,260.0,67.2
2014,History and history of art,63,71.0,-8.0,Ulster,57.1,91.5211970074813,94.0,3.0,17.6,33.0,7.0,275.0,83.6327345309381
2013,History and history of art,46,46.0,0.0,UWE Bristol,64.5,91.5041504150415,92.0,5.0,17.7,46.0,6.0,311.0,82.2391239123912
2014,History and history of art,55,46.0,9.0,UWE Bristol,60.9,94.0149625935162,88.1188118811881,5.0,19.0,51.0,7.0,334.0,74.9498997995992
2013,History and history of art,11,9.0,2.0,Warwick,85.6,95.5118433154791,91.0,8.0,14.3,65.0,7.0,496.0,75.1516544136931
2014,History and history of art,11,11.0,0.0,Warwick,87.6,95.4773869346734,90.0,8.0,14.3,70.0,7.0,495.0,75.4527162977867
2013,History and history of art,49,32.0,17.0,Westminster,62.8,90.9993499349935,89.1089108910891,6.0,16.9,,8.0,290.0,71.0331833183318
2014,History and history of art,48,49.0,-1.0,Westminster,64.0,89.7243107769424,95.0,7.0,18.2,,5.0,301.0,73.6
2013,History and history of art,61,81.0,-20.0,Winchester,56.1,93.7222222222222,91.9191919191919,3.0,16.3,37.0,4.0,304.0,79.5777777777778
2014,History and history of art,56,61.0,-5.0,Winchester,60.3,95.75,94.0,3.0,16.1,38.0,4.0,324.0,84.4621513944223
2013,History and history of art,60,88.0,-28.0,Worcester,56.2,92.0194519451945,90.0,4.0,13.6,,3.0,285.0,64.6633663366337
2014,History and history of art,84,60.0,24.0,Worcester,41.7,86.5336658354115,91.0,3.0,22.6,,5.0,291.0,71.4859437751004
2013,History and history of art,14,21.0,-7.0,York,81.1,95.2473247324732,92.0,7.0,19.1,64.0,7.0,487.0,81.0376237623762
2014,History and history of art,26,14.0,12.0,York,73.9,91.9799498746867,84.0,7.0,18.6,60.0,7.0,490.0,74.6
2013,History and history of art,57,50.0,7.0,York St John,58.3,88.25,85.0,9.0,21.0,28.0,6.0,289.0,80.7714050816846
2014,History and history of art,70,57.0,13.0,York St John,52.7,89.25,91.9191919191919,7.0,24.1,33.0,9.0,313.0,61.9521912350598
2015,History of Art,14,,,Birmingham,57.4,93.7810945273631,89.8989898989898,6.0,16.8999999999999,,,409.0,75.8964143426294
2015,History of Art,16,,,Brighton,54.0,94.2211055276381,85.8585858585858,3.0,12.2,,,294.0,76.7068273092369
2015,History of Art,17,,,Bristol,41.4,93.75,77.0,4.0,21.1,,4.0,458.0,70.1402805611222
2015,History of Art,1,,,Cambridge,100.0,94.4862155388471,93.0,10.0,15.9,,5.0,555.0,77.3547094188376
2015,History of Art,4,,,Courtauld Institute,86.6,90.5236907730673,75.2475247524752,10.0,,83.0,7.0,476.0,74.3486973947895
2015,History of Art,15,,,Edinburgh,54.8,90.2010050251256,85.0,9.0,17.7,65.0,6.0,482.0,58.4
2015,History of Art,5,,,Glasgow,80.7,96.4824120603014,95.9595959595959,4.0,17.1,,5.0,467.0,86.2
2015,History of Art,11,,,Goldsmiths,62.5,94.776119402985,92.0,4.0,13.8,52.0,6.0,408.0,73.9478957915831
2015,History of Art,8,,,Kent,71.0,95.2618453865336,96.0,4.0,16.6,,10.0,332.0,79.2828685258964
2015,History of Art,13,,,Leeds,57.8,93.985,89.4866666666666,5.0,19.3999999999999,63.0,6.0,410.0,77.8698602023323
2015,History of Art,7,,,Leicester,77.0999999999999,93.0174563591022,92.079207920792,7.0,10.9,,,396.0,76.2948207171314
2015,History of Art,21,,,Manchester,35.0,90.75,84.0,4.0,17.3,54.0,2.0,407.0,71.8562874251497
2015,History of Art,18,,,Nottingham,38.0,91.7910447761194,87.0,3.0,20.3999999999999,61.0,6.0,393.0,71.0
2015,History of Art,20,,,Oxford Brookes,36.0,96.2311557788944,95.9595959595959,3.0,18.6,46.0,1.0,333.0,84.630738522954
2015,History of Art,23,,,Plymouth,30.8,93.5162094763092,92.9999999999999,4.0,18.8999999999999,,,270.0,74.1482965931863
2015,History of Art,22,,,Reading,34.2999999999999,93.984962406015,91.0,2.0,18.7,,,337.0,76.0
2015,History of Art,10,,,SOAS,64.5999999999999,91.6876574307304,89.9999999999999,5.0,15.6,,,431.0,72.3999999999999
2015,History of Art,2,,,St Andrews,95.4,94.2211055276381,94.0,6.0,12.6,72.0,7.0,483.0,81.9277108433735
2015,History of Art,19,,,Sussex,37.7,91.5211970074813,90.0,4.0,20.6,,5.0,406.0,65.6686626746507
2015,History of Art,3,,,UCL,93.5,92.75,89.1089108910891,9.0,11.9,,7.0,502.0,73.7474949899799
2015,History of Art,6,,,UEA,77.7,96.2593516209476,94.059405940594,6.0,15.8,,6.0,421.0,74.6987951807228
2015,History of Art,9,,,Warwick,68.3,96.5,92.0,6.0,16.0,52.0,6.0,447.0,77.2455089820359
2015,History of Art,12,,,York,59.0,94.25,87.9999999999999,5.0,18.8999999999999,70.0,6.0,420.0,73.2
2015,"Hospitality, Event Management & Tourism",35,,,Aberystwyth,49.2,79.5,74.9999999999999,4.0,26.7,,,259.0,63.3266533066132
2015,"Hospitality, Event Management & Tourism",20,,,Arts University Bournemouth,66.0,75.187969924812,78.7878787878787,3.0,26.0,75.0,4.0,312.0,63.5999999999999
2015,"Hospitality, Event Management & Tourism",39,,,Bedfordshire,33.2999999999999,74.8743718592964,78.0,4.0,31.7,32.0,2.0,194.0,69.4949494949494
2015,"Hospitality, Event Management & Tourism",26,,,Birmingham,63.8,69.75,78.7878787878787,10.0,22.9,,2.0,362.0,55.9356136820925
2015,"Hospitality, Event Management & Tourism",18,,,Bournemouth,68.9,69.5,76.2376237623762,8.0,22.9,52.0,6.0,332.0,70.6586826347305
2015,"Hospitality, Event Management & Tourism",11,,,Brighton,76.5,83.4992618459529,89.1762826000114,7.0,14.4,42.0,5.0,296.0,75.6643662637585
2015,"Hospitality, Event Management & Tourism",37,,,Bucks New University,43.6,83.9195979899497,79.0,3.0,30.3,43.0,3.0,228.0,71.7434869739478
2015,"Hospitality, Event Management & Tourism",34,,,Canterbury Christ Church,51.5,81.0473815461346,76.0,3.0,24.4,38.0,4.0,265.0,74.3538767395626
2015,"Hospitality, Event Management & Tourism",19,,,Cardiff Met,66.5999999999999,75.5,85.0,4.0,14.7,38.0,8.0,307.0,69.4610778443113
2015,"Hospitality, Event Management & Tourism",12,,,Central Lancashire,74.5,76.1194029850746,81.8181818181818,9.0,19.3,46.0,3.0,341.0,78.8
2015,"Hospitality, Event Management & Tourism",8,,,Chester,80.7,87.2817955112219,91.089108910891,6.0,20.3,54.0,6.0,302.0,80.8
2015,"Hospitality, Event Management & Tourism",17,,,Chichester,70.0,93.0174563591022,89.9999999999999,3.0,21.1,,9.0,272.0,70.6586826347305
2015,"Hospitality, Event Management & Tourism",5,,,Coventry,84.7,92.0,89.0,5.0,16.6,53.0,9.0,289.0,75.5999999999999
2015,"Hospitality, Event Management & Tourism",1,,,Derby,100.0,88.833746898263,87.0,10.0,11.6,33.0,9.0,318.0,77.4
2015,"Hospitality, Event Management & Tourism",27,,,East London,63.4,88.7780548628428,91.0,5.0,34.1,,7.0,285.0,86.0
2015,"Hospitality, Event Management & Tourism",16,,,Edinburgh Napier,70.5999999999999,79.1979949874686,80.1980198019802,4.0,30.1,47.0,10.0,354.0,69.1999999999999
2015,"Hospitality, Event Management & Tourism",41,,,Glasgow Caledonian,32.7999999999999,69.4235588972431,61.6161616161616,3.0,42.1,48.0,4.0,,58.2329317269076
2015,"Hospitality, Event Management & Tourism",30,,,Greenwich,59.7,73.6842105263157,75.7575757575757,4.0,21.9,41.0,8.0,326.0,63.8
2015,"Hospitality, Event Management & Tourism",9,,,Hertfordshire,78.5999999999999,85.2130325814536,88.1188118811881,5.0,21.4,40.0,9.0,351.0,71.6566866267465
2015,"Hospitality, Event Management & Tourism",29,,,Huddersfield,61.2,80.75,84.0,3.0,,56.0,6.0,310.0,70.3999999999999
2015,"Hospitality, Event Management & Tourism",32,,,Leeds Met,53.5,77.5561097256858,79.0,3.0,24.1,60.0,4.0,278.0,59.5190380761522
2015,"Hospitality, Event Management & Tourism",25,,,Lincoln,64.0,82.25,83.0,3.0,31.4,70.0,3.0,313.0,67.4
2015,"Hospitality, Event Management & Tourism",15,,,Liverpool John Moores,72.3,89.5522388059701,81.8181818181818,4.0,21.4,,3.0,,79.9204771371769
2015,"Hospitality, Event Management & Tourism",40,,,London Met,33.1,59.5281070826129,40.2060301507537,2.0,23.0,41.0,5.0,268.0,52.2734152691166
2015,"Hospitality, Event Management & Tourism",36,,,London South Bank,47.3,81.5461346633416,78.2178217821782,5.0,23.7,,2.0,191.0,65.9362549800796
2015,"Hospitality, Event Management & Tourism",14,,,Manchester Met,72.5,82.8358208955223,83.0,6.0,18.0,59.0,3.0,333.0,64.6123260437375
2015,"Hospitality, Event Management & Tourism",7,,,Northampton,81.5999999999999,89.5261845386533,93.069306930693,8.0,24.6,51.0,9.0,280.0,77.1543086172344
2015,"Hospitality, Event Management & Tourism",3,,,Oxford Brookes,93.3,88.2205513784461,83.0,7.0,21.0,72.0,8.0,376.0,66.8662674650698
2015,"Hospitality, Event Management & Tourism",24,,,Plymouth,64.2,82.3383084577114,82.1782178217821,8.0,21.5,38.0,4.0,298.0,72.0321931589537
2015,"Hospitality, Event Management & Tourism",28,,,Portsmouth,63.2,77.1929824561403,68.6868686868686,4.0,28.0,,10.0,270.0,66.6
2015,"Hospitality, Event Management & Tourism",33,,,Queen Margaret,51.9,82.3821339950372,77.2277227722772,4.0,25.4,,3.0,283.0,67.3267326732673
2015,"Hospitality, Event Management & Tourism",21,,,Robert Gordon,65.3,83.0,84.0,3.0,26.1,,4.0,374.0,76.3527054108216
2015,"Hospitality, Event Management & Tourism",31,,,Salford,58.3,70.6467661691542,71.0,6.0,17.3,38.0,4.0,,68.3999999999999
2015,"Hospitality, Event Management & Tourism",10,,,Sheffield Hallam,76.9,87.75,89.8989898989899,7.0,27.2,56.9999999999999,6.0,332.0,74.6506986027944
2015,"Hospitality, Event Management & Tourism",38,,,"St Mary's UC, Twickenham",39.4,67.0,66.0,3.0,29.5,,2.0,270.0,63.8722554890219
2015,"Hospitality, Event Management & Tourism",4,,,Sunderland,84.9,93.4508816120906,95.049504950495,10.0,28.2,25.0,8.0,275.0,90.7444668008048
2015,"Hospitality, Event Management & Tourism",2,,,Surrey,98.1,92.7318295739348,96.0,,16.1,44.0,5.0,394.0,83.8323353293413
2015,"Hospitality, Event Management & Tourism",23,,,Ulster,64.5999999999999,85.75,90.0,5.0,23.1,34.0,4.0,295.0,79.3172690763052
2015,"Hospitality, Event Management & Tourism",6,,,University Campus Suffolk,82.3,83.6272040302266,87.8787878787878,,19.1,,8.0,361.0,69.0
2015,"Hospitality, Event Management & Tourism",22,,,West London,65.0999999999999,86.0,84.0,8.0,20.9,42.0,3.0,232.0,75.6972111553784
2015,"Hospitality, Event Management & Tourism",13,,,Westminster,72.9,78.9473684210526,91.0,5.0,22.4,,6.0,302.0,77.0
2015,"Journalism, Publishing & Public Relations",16,,,Anglia Ruskin,69.9,82.076688475431,72.6603824766038,10.0,20.9,,7.0,232.0,77.5781641424848
2015,"Journalism, Publishing & Public Relations",48,,,Bedfordshire,51.3,90.5236907730673,88.0,5.0,24.2,45.0,2.0,212.0,81.0756972111553
2015,"Journalism, Publishing & Public Relations",11,,,Bournemouth,73.7,82.2183581539109,79.5849338454972,8.0,21.4,80.0,5.0,358.0,66.7755607201859
2015,"Journalism, Publishing & Public Relations",7,,,Brighton,78.0999999999999,90.0,86.0,7.0,17.6,,,327.0,85.2
2015,"Journalism, Publishing & Public Relations",28,,,Brunel,64.3,75.4342431761786,67.3267326732673,7.0,22.0,,,353.0,72.5099601593625
2015,"Journalism, Publishing & Public Relations",33,,,Canterbury Christ Church,62.2,89.25,84.0,3.0,19.6,,,288.0,74.9003984063744
2015,"Journalism, Publishing & Public Relations",4,,,Cardiff,82.7,90.75,86.0,9.0,15.8,60.0,7.0,404.0,70.8249496981891
2015,"Journalism, Publishing & Public Relations",31,,,Central Lancashire,62.5,77.5689148347538,73.6236952397059,5.0,18.1,63.0,6.0,301.0,62.0515388726158
2015,"Journalism, Publishing & Public Relations",38,,,Chester,59.3,78.9019379335715,85.9232394366197,5.0,14.3,61.0,1.0,277.0,68.7460771342259
2015,"Journalism, Publishing & Public Relations",29,,,City,64.0,63.25,59.0,6.0,15.3,56.0,7.0,392.0,48.4909456740442
2015,"Journalism, Publishing & Public Relations",25,,,Coventry,64.7,82.74776991376,73.9586104951958,5.0,17.3999999999999,,7.0,281.0,71.2156019355784
2015,"Journalism, Publishing & Public Relations",54,,,Cumbria,43.6,81.2030075187969,80.0,2.0,28.2,,,238.0,68.6116700201207
2015,"Journalism, Publishing & Public Relations",22,,,De Montfort,65.7,88.4130982367758,82.0,4.0,17.5,46.0,7.0,296.0,75.3479125248508
2015,"Journalism, Publishing & Public Relations",23,,,Derby,65.3,78.1477838082315,74.5274527452745,7.0,18.8,,,280.0,77.1543086172344
2015,"Journalism, Publishing & Public Relations",37,,,East London,60.8,55.7316445103019,42.7141081781357,10.0,23.6,,9.0,256.0,58.3832618288136
2015,"Journalism, Publishing & Public Relations",20,,,Edinburgh Napier,66.4,84.7272520263967,76.7141420024355,4.0,19.8999999999999,46.0,8.0,399.0,67.3731934088189
2015,"Journalism, Publishing & Public Relations",9,,,Falmouth,75.2,87.6543209876543,87.1287128712871,8.0,23.1,,9.0,259.0,82.9702970297029
2015,"Journalism, Publishing & Public Relations",57,,,Gloucestershire,33.4,45.7711442786069,30.0,4.0,22.4,,5.0,292.0,42.063492063492
2015,"Journalism, Publishing & Public Relations",39,,,Hertfordshire,59.1,72.6817042606516,81.0,2.0,19.8999999999999,,,354.0,73.5470941883767
2015,"Journalism, Publishing & Public Relations",42,,,Huddersfield,58.0,87.6809227516056,89.0,3.0,24.0,53.0,5.0,300.0,78.3112498361037
2015,"Journalism, Publishing & Public Relations",1,,,Kent,100.0,89.4736842105263,88.0,10.0,10.1,,,425.0,67.5999999999999
2015,"Journalism, Publishing & Public Relations",8,,,Kingston,77.0,92.5,91.9191919191919,8.0,16.0,60.0,7.0,317.0,68.1274900398406
2015,"Journalism, Publishing & Public Relations",6,,,Leeds,78.3,79.3017456359102,77.0,8.0,14.3,,,411.0,72.4899598393574
2015,"Journalism, Publishing & Public Relations",24,,,Leeds Met,64.9,86.1887679136422,86.284554381364,3.0,27.2,80.0,5.0,285.0,79.2386873251196
2015,"Journalism, Publishing & Public Relations",53,,,Leeds Trinity,43.7,85.25,85.9999999999999,2.0,19.8,41.0,1.0,260.0,76.0
2015,"Journalism, Publishing & Public Relations",15,,,Lincoln,70.8,84.5349976833581,91.0849056603773,5.0,15.6,79.0,3.0,330.0,64.5210580842323
2015,"Journalism, Publishing & Public Relations",31,,,Liverpool John Moores,62.5,83.7975000764869,79.7382198952879,6.0,18.3999999999999,49.0,4.0,327.0,66.9057269333101
2015,"Journalism, Publishing & Public Relations",40,,,London Met,58.9,91.4760931419378,84.9009900990099,3.0,19.3,,4.0,233.0,81.1793080505655
2015,"Journalism, Publishing & Public Relations",58,,,London South Bank,31.4,79.145728643216,75.2475247524752,3.0,35.5,,,199.0,68.3999999999999
2015,"Journalism, Publishing & Public Relations",10,,,Loughborough,74.7,79.25,86.8686868686868,6.0,12.6,,,356.0,69.939879759519
2015,"Journalism, Publishing & Public Relations",52,,,Middlesex,44.4,77.0173973156706,74.7860948997716,5.0,27.8,34.0,3.0,269.0,74.734106964847
2015,"Journalism, Publishing & Public Relations",13,,,Northampton,73.2,91.7705735660847,80.1980198019802,8.0,18.8,69.0,8.0,261.0,72.5099601593625
2015,"Journalism, Publishing & Public Relations",43,,,Northumbria,57.8,86.0349127182044,83.0,5.0,26.9,48.0,6.0,350.0,67.8642714570858
2015,"Journalism, Publishing & Public Relations",36,,,Nottingham Trent,60.9,71.072319201995,81.1881188118811,6.0,23.8,66.0,5.0,351.0,54.7094188376753
2015,"Journalism, Publishing & Public Relations",2,,,Oxford Brookes,90.2,93.0,93.0,7.0,,82.0,10.0,364.0,82.565130260521
2015,"Journalism, Publishing & Public Relations",41,,,Portsmouth,58.6,91.9597989949748,91.9191919191919,6.0,21.7,,1.0,307.0,71.0578842315369
2015,"Journalism, Publishing & Public Relations",49,,,Queen Margaret,46.9,85.5361596009975,88.0,2.0,30.1,,,338.0,54.0755467196819
2015,"Journalism, Publishing & Public Relations",21,,,Robert Gordon,66.3,87.0724131757966,85.9616573902288,3.0,18.7,55.0,5.0,377.0,75.5761126667665
2015,"Journalism, Publishing & Public Relations",27,,,Roehampton,64.4,81.3432835820895,82.0,4.0,15.9,,,267.0,73.2
2015,"Journalism, Publishing & Public Relations",51,,,Salford,45.0,62.531017369727,43.0,5.0,26.8,49.0,4.0,357.0,42.8
2015,"Journalism, Publishing & Public Relations",3,,,Sheffield,83.7,92.5187032418952,94.9494949494949,7.0,24.7,77.0,8.0,439.0,72.8542914171656
2015,"Journalism, Publishing & Public Relations",14,,,Sheffield Hallam,72.0,89.0873362445414,90.5742574257425,6.0,19.1,54.0,9.0,307.0,79.4646900788476
2015,"Journalism, Publishing & Public Relations",34,,,South Wales,61.6,82.0,88.0,4.0,21.4,,,322.0,72.0
2015,"Journalism, Publishing & Public Relations",19,,,Southampton Solent,68.0999999999999,87.2259435400097,87.6361323155216,4.0,14.3,50.0,5.0,318.0,72.0585083017186
2015,"Journalism, Publishing & Public Relations",25,,,Staffordshire,64.7,82.5552290849358,77.0161770275388,7.0,18.8999999999999,54.0,7.0,280.0,66.3213643574828
2015,"Journalism, Publishing & Public Relations",35,,,Stirling,61.5,68.0,56.0,3.0,23.4,62.0,6.0,401.0,63.9999999999999
2015,"Journalism, Publishing & Public Relations",18,,,Strathclyde,68.2,87.4371859296482,75.7575757575757,3.0,24.8,,,474.0,68.3366733466933
2015,"Journalism, Publishing & Public Relations",46,,,Sunderland,55.9,78.0304683227225,67.4467272157845,6.0,16.3999999999999,39.0,6.0,302.0,63.0160426736699
2015,"Journalism, Publishing & Public Relations",30,,,Teesside,63.0,88.5,86.0,4.0,23.7,,5.0,283.0,81.8
2015,"Journalism, Publishing & Public Relations",44,,,Ulster,57.1,81.2376179822678,85.1051249607571,4.0,16.8999999999999,42.0,3.0,311.0,70.0266792193749
2015,"Journalism, Publishing & Public Relations",47,,,University for the Creative Arts,52.5,59.5959595959595,51.5151515151515,5.0,13.8,56.9999999999999,4.0,269.0,55.5555555555555
2015,"Journalism, Publishing & Public Relations",45,,,University of the Arts London,56.1,65.0305678536088,54.4831460674157,10.0,27.6,60.0,4.0,287.0,58.7250066628932
2015,"Journalism, Publishing & Public Relations",17,,,UWE Bristol,69.0999999999999,89.3034825870646,84.1584158415841,7.0,21.2,,,325.0,72.0883534136546
2015,"Journalism, Publishing & Public Relations",56,,,West London,37.0,51.8703241895261,44.4444444444444,6.0,19.2,,2.0,230.0,51.4970059880239
2015,"Journalism, Publishing & Public Relations",55,,,West of Scotland,41.9,66.4179104477612,64.3564356435643,3.0,,40.0,,316.0,53.7074148296593
2015,"Journalism, Publishing & Public Relations",5,,,Westminster,78.5,78.2381339947807,74.1752577319587,9.0,20.1,77.0,10.0,331.0,55.6762432080656
2015,"Journalism, Publishing & Public Relations",12,,,Winchester,73.5,95.0372208436724,89.0,2.0,18.5,,,333.0,81.4
2015,"Journalism, Publishing & Public Relations",50,,,Worcester,46.3,81.9914285714285,84.6044604460445,2.0,28.8,,,273.0,70.3629689965544
2013,Law,27,31.0,-4.0,Aberdeen,70.5,93.244061761548,95.0,5.0,26.8,82.0,7.0,456.0,67.671523178808
2014,Law,23,27.0,-4.0,Aberdeen,71.5,90.9774436090226,93.0,4.0,26.6,85.0,8.0,484.0,70.2
2015,Law,18,23.0,-5.0,Aberdeen,76.7,91.4572864321608,92.0,5.0,23.2,86.0,8.0,482.0,67.9358717434869
2015,Law,58,71.0,-13.0,Abertay Dundee,60.5,88.9724310776942,97.0,2.0,20.1,,,328.0,77.1084337349397
2013,Law,89,62.0,27.0,Aberystwyth,38.9,80.75,83.0,3.0,20.4,52.0,1.0,306.0,59.2300373170779
2014,Law,85,89.0,-4.0,Aberystwyth,35.7,80.5486284289277,80.1980198019802,3.0,20.4,62.0,2.0,333.0,58.2834331337325
2015,Law,78,85.0,-7.0,Aberystwyth,51.8,84.788029925187,88.0,4.0,20.8,63.0,2.0,340.0,63.6546184738955
2013,Law,32,46.0,-14.0,Anglia Ruskin,65.5,85.8638613861386,89.0,10.0,17.0,43.0,7.0,258.0,74.390863677871
2014,Law,32,32.0,0.0,Anglia Ruskin,66.2,89.0547263681592,84.1584158415842,10.0,19.1,67.0,7.0,261.0,77.5793650793651
2015,Law,66,32.0,34.0,Anglia Ruskin,59.0,89.168765743073,86.9999999999999,10.0,24.1,54.0,2.0,253.0,76.8463073852295
2013,Law,50,72.0,-22.0,Bangor,55.6,82.2121212121212,84.0,4.0,23.9,72.0,7.0,297.0,65.0
2014,Law,71,50.0,21.0,Bangor,43.8,82.5870646766169,83.0,4.0,22.5,61.0,4.0,315.0,51.497005988024
2015,Law,73,71.0,2.0,Bangor,53.3,87.5,93.9393939393939,3.0,21.2,65.0,3.0,289.0,64.859437751004
2013,Law,66,59.0,7.0,Bedfordshire,49.2,77.8069306930693,69.0,7.0,23.0,,4.0,206.0,68.4679867986799
2014,Law,94,66.0,28.0,Bedfordshire,30.5,81.9548872180451,76.0,6.0,27.6,43.0,3.0,204.0,68.986083499006
2015,Law,94,94.0,0.0,Bedfordshire,41.0,89.9749373433583,93.0,4.0,40.4,38.0,6.0,198.0,80.3607214428857
2013,Law,24,16.0,8.0,Birmingham,71.8,88.3260300223571,87.1287128712871,10.0,23.4,73.0,3.0,474.0,66.6083894251138
2014,Law,17,24.0,-7.0,Birmingham,77.1,87.6884422110553,87.1287128712871,10.0,22.1,82.0,5.0,477.0,73.6526946107784
2015,Law,21,17.0,4.0,Birmingham,74.5999999999999,91.0224438902743,86.8686868686868,9.0,20.5,78.0,5.0,428.0,71.3999999999999
2013,Law,79,79.0,0.0,Birmingham City,44.4,71.2727272727273,76.0,6.0,32.2,63.0,6.0,295.0,63.9405940594059
2014,Law,95,79.0,16.0,Birmingham City,30.0,76.3092269326684,75.0,6.0,37.1,60.0,4.0,304.0,70.059880239521
2015,Law,88,95.0,-7.0,Birmingham City,44.2,77.0,78.0,4.0,33.5,67.0,4.0,286.0,62.2
2013,Law,94,95.0,-1.0,Bolton,33.1,82.6717171717172,64.0,4.0,34.1,,7.0,220.0,53.262569247579
2014,Law,84,94.0,-10.0,Bolton,35.8,81.25,70.0,4.0,29.9,,9.0,264.0,50.8982035928144
2015,Law,82,84.0,-2.0,Bolton,49.7,82.5870646766169,81.1881188118812,3.0,20.3,,3.0,259.0,63.1474103585657
2013,Law,73,38.0,35.0,Bournemouth,47.1,78.0137513751375,64.0,6.0,36.6,62.0,10.0,337.0,58.9878787878788
2014,Law,74,73.0,1.0,Bournemouth,43.1,83.2917705735661,79.0,4.0,30.3,66.0,8.0,366.0,58.0
2015,Law,83,74.0,9.0,Bournemouth,49.0,80.7980049875311,71.7171717171717,5.0,38.0,76.0,8.0,338.0,66.0642570281124
2013,Law,71,51.0,20.0,Bradford,47.3,74.569877050401,79.2079207920792,10.0,23.6,43.0,1.0,282.0,67.7907901901301
2014,Law,76,71.0,5.0,Bradford,40.8,77.4436090225564,80.0,10.0,24.5,50.0,1.0,330.0,64.3863179074447
2015,Law,93,76.0,17.0,Bradford,41.2,78.0,81.1881188118811,2.0,39.2999999999999,61.0,7.0,320.0,63.8
2013,Law,74,39.0,35.0,Brighton,46.9,77.8939393939394,66.6666666666667,3.0,16.8,48.0,7.0,285.0,56.0930693069307
2014,Law,77,74.0,3.0,Brighton,38.7,69.9248120300752,55.5555555555556,3.0,17.9,,8.0,299.0,53.3066132264529
2015,Law,75,77.0,-2.0,Brighton,52.5,77.1144278606965,76.0,3.0,32.7999999999999,,8.0,322.0,73.3067729083665
2013,Law,21,18.0,3.0,Bristol,72.8,88.75,85.0,7.0,20.8,72.0,7.0,495.0,57.7454545454545
2014,Law,21,21.0,0.0,Bristol,74.0,85.4636591478697,83.0,8.0,16.1,77.0,6.0,521.0,63.5270541082164
2015,Law,33,21.0,12.0,Bristol,69.0999999999999,86.318407960199,91.0,6.0,23.5,79.0,6.0,485.0,66.5338645418326
2013,Law,39,66.0,-27.0,Brunel,61.4,88.2673267326733,77.7777777777778,6.0,22.9,70.0,6.0,366.0,61.0198565912852
2014,Law,64,39.0,25.0,Brunel,49.2,80.25,80.8080808080808,7.0,19.9,62.0,2.0,374.0,65.2087475149105
2015,Law,61,64.0,-3.0,Brunel,59.8,91.9395465994962,88.8888888888889,4.0,16.3999999999999,63.0,2.0,382.0,62.8
2013,Law,30,27.0,3.0,Buckingham,66.5,92.509900990099,92.0792079207921,3.0,12.9,,2.0,250.0,78.439603960396
2014,Law,34,30.0,4.0,Buckingham,64.0,90.75,93.0,3.0,15.7,90.0,1.0,330.0,78.0
2015,Law,61,34.0,27.0,Buckingham,59.8,86.7830423940149,82.0,4.0,18.7,93.0,1.0,328.0,68.7374749498997
2013,Law,95,92.0,3.0,Bucks New University,32.8,73.5470297029703,64.0,3.0,31.0,,,246.0,63.4305630563056
2014,Law,93,95.0,-2.0,Bucks New University,30.8,89.5522388059702,85.1485148514852,4.0,27.3,,1.0,242.0,73.8522954091816
2015,Law,69,93.0,-24.0,Bucks New University,55.8,97.7443609022556,87.0,3.0,23.6,,1.0,242.0,81.5261044176706
2013,Law,3,1.0,2.0,Cambridge,97.1,,,,17.2,83.0,8.0,581.0,
2014,Law,4,3.0,1.0,Cambridge,95.0,,,,16.5,85.0,8.0,617.0,
2015,Law,1,4.0,-3.0,Cambridge,100.0,,,10.0,15.3,86.0,9.0,588.0,
2013,Law,91,84.0,7.0,Canterbury Christ Church,38.6,85.029702970297,82.0,2.0,25.7,30.0,8.0,239.0,65.0399439943994
2014,Law,96,91.0,5.0,Canterbury Christ Church,28.8,86.1460957178842,84.0,2.0,29.0,39.0,7.0,252.0,69.6787148594378
2015,Law,63,96.0,-33.0,Canterbury Christ Church,59.4,88.4422110552763,87.0,3.0,10.7,45.0,8.0,269.0,70.0598802395209
2013,Law,29,29.0,0.0,Cardiff,66.6,85.7121212121212,85.0,7.0,17.3,66.0,4.0,445.0,66.7328707718994
2014,Law,31,29.0,2.0,Cardiff,66.3,87.9699248120301,88.8888888888889,5.0,16.6,75.0,5.0,432.0,68.3366733466934
2015,Law,27,31.0,-4.0,Cardiff,71.7,85.929648241206,85.8585858585858,7.0,18.2,78.0,7.0,420.0,67.7290836653386
2013,Law,63,81.0,-18.0,Central Lancashire,50.3,87.5116761676168,88.0,6.0,22.5,48.0,2.0,296.0,75.5030303030303
2014,Law,53,63.0,-10.0,Central Lancashire,53.9,88.0597014925373,93.0,6.0,27.9,78.0,4.0,307.0,72.4
2015,Law,47,53.0,-6.0,Central Lancashire,63.2,87.0324189526184,93.069306930693,6.0,25.9,78.0,6.0,322.0,70.6586826347305
2013,Law,62,89.0,-27.0,Chester,50.5,92.279702970297,94.949494949495,3.0,30.2,62.0,2.0,308.0,80.849504950495
2014,Law,48,62.0,-14.0,Chester,55.9,92.5373134328358,90.0,3.0,25.9,77.0,3.0,318.0,86.0557768924303
2015,Law,84,48.0,36.0,Chester,47.3,81.704260651629,88.0,3.0,40.2,80.0,2.0,310.0,75.1503006012024
2013,Law,43,52.0,-9.0,City,58.7,75.1372549019608,67.0,9.0,18.1,58.0,5.0,372.0,55.7232923292329
2014,Law,62,43.0,19.0,City,51.2,80.25,69.0,9.0,18.6,60.0,4.0,386.0,56.1752988047809
2015,Law,23,62.0,-39.0,City,73.5,85.7142857142857,81.8181818181818,9.0,15.1,73.0,6.0,360.0,65.79476861167
2013,Law,49,74.0,-25.0,Coventry,56.1,92.5168766876688,93.0,3.0,23.7,61.0,3.0,311.0,82.6587352283616
2014,Law,56,49.0,7.0,Coventry,52.7,89.8009950248756,93.0,4.0,24.9,62.0,6.0,301.0,77.8443113772455
2015,Law,45,56.0,-11.0,Coventry,63.8,94.2786069651741,93.0,3.0,22.0,70.0,5.0,291.0,78.443113772455
2014,Law,15,,,Cumbria,78.5,92.2693266832918,93.0693069306931,8.0,21.4,,9.0,241.0,87.0
2015,Law,35,15.0,20.0,Cumbria,68.8,93.0174563591022,94.0,1.0,24.0,,,239.0,89.0219560878243
2013,Law,65,75.0,-10.0,De Montfort,49.8,84.5,89.1089108910891,3.0,24.7,52.0,5.0,278.0,74.1890189018902
2014,Law,69,65.0,4.0,De Montfort,45.8,88.2793017456359,88.1188118811881,3.0,28.4,60.0,7.0,299.0,70.3777335984096
2015,Law,80,69.0,11.0,De Montfort,49.8,83.2080200501253,76.9999999999999,3.0,26.6,56.9999999999999,6.0,322.0,63.7826961770623
2013,Law,35,40.0,-5.0,Derby,64.2,92.2373737373738,91.0,5.0,18.0,40.0,10.0,273.0,77.358595859586
2014,Law,36,35.0,1.0,Derby,63.2,93.483709273183,91.9191919191919,4.0,20.3,66.0,5.0,315.0,78.0
2015,Law,37,36.0,1.0,Derby,67.3,94.9748743718593,92.9292929292929,4.0,25.0,65.0,8.0,309.0,74.9498997995991
2013,Law,10,19.0,-9.0,Dundee,81.2,95.75,97.0,8.0,19.8,64.0,8.0,427.0,83.2990099009901
2014,Law,25,10.0,15.0,Dundee,70.9,92.7318295739348,96.039603960396,8.0,20.9,66.0,6.0,445.0,75.4980079681275
2015,Law,31,25.0,6.0,Dundee,69.9,85.929648241206,87.0,6.0,19.2,78.0,7.0,439.0,66.7334669338677
2013,Law,7,7.0,0.0,Durham,84.7,90.9848484848485,88.0,9.0,19.1,73.0,8.0,542.0,68.8242424242424
2014,Law,14,7.0,7.0,Durham,78.7,90.0497512437811,87.1287128712871,9.0,19.8,70.0,8.0,528.0,73.5470941883768
2015,Law,6,14.0,-8.0,Durham,86.0,92.75,93.0,6.0,18.5,89.0,8.0,557.0,73.3598409542743
2013,Law,76,68.0,8.0,East London,46.5,85.515563461108,86.0,3.0,19.5,58.0,3.0,205.0,69.8437095018402
2014,Law,92,76.0,16.0,East London,31.1,83.7092731829574,83.1683168316832,5.0,28.2,48.0,2.0,233.0,68.4
2015,Law,85,92.0,-7.0,East London,46.3,83.7092731829573,83.8383838383838,7.0,30.3,51.0,3.0,258.0,63.6
2013,Law,55,73.0,-18.0,Edge Hill,53.5,94.5,96.0,2.0,19.7,34.0,5.0,246.0,84.2
2014,Law,54,55.0,-1.0,Edge Hill,53.7,92.0,93.0,3.0,19.3,62.0,6.0,275.0,75.0996015936255
2015,Law,77,54.0,23.0,Edge Hill,52.0,90.75,92.079207920792,3.0,21.5,49.0,2.0,280.0,77.029702970297
2013,Law,11,13.0,-2.0,Edinburgh,79.2,90.8019801980198,91.9191919191919,10.0,19.3,76.0,7.0,499.0,53.6248223362482
2014,Law,19,11.0,8.0,Edinburgh,75.3,88.7780548628429,80.1980198019802,10.0,18.9,82.0,7.0,518.0,44.3775100401606
2015,Law,20,19.0,1.0,Edinburgh,74.9,86.0696517412935,84.0,9.0,20.9,82.0,8.0,521.0,47.6953907815631
2013,Law,28,23.0,5.0,Edinburgh Napier,68.5,88.5,91.0,4.0,29.8,,10.0,323.0,77.0828282828283
2014,Law,40,28.0,12.0,Edinburgh Napier,59.7,90.2985074626866,96.039603960396,4.0,31.7,73.0,10.0,374.0,70.6827309236948
2015,Law,29,40.0,-11.0,Edinburgh Napier,70.5999999999999,95.0124688279301,96.0,5.0,25.5,60.0,9.0,377.0,76.7857142857142
2013,Law,41,44.0,-3.0,Essex,60.2,82.9015151515151,87.1287128712871,8.0,16.3,55.0,5.0,350.0,59.021815008726
2014,Law,58,41.0,17.0,Essex,52.1,86.2155388471178,89.8989898989899,5.0,16.3,59.0,4.0,373.0,54.4176706827309
2015,Law,67,58.0,9.0,Essex,58.7,86.1111111111111,87.0,5.0,16.7,61.0,4.0,343.0,64.3426294820717
2013,Law,24,20.0,4.0,Exeter,71.8,90.2283795598713,87.0,6.0,22.3,68.0,8.0,466.0,72.2747474747475
2014,Law,23,24.0,-1.0,Exeter,71.5,91.7293233082707,87.1287128712871,6.0,21.9,76.0,6.0,486.0,75.1004016064257
2015,Law,25,23.0,2.0,Exeter,72.7,90.547263681592,88.9999999999999,6.0,25.0,80.0,7.0,485.0,71.8253968253968
2013,Law,63,32.0,31.0,Glamorgan,50.3,85.9768726872687,85.8585858585858,5.0,20.7,40.0,4.0,289.0,69.0940294029403
2013,Law,14,14.0,0.0,Glasgow,77.1,89.8217821782178,88.0,8.0,19.1,89.0,8.0,513.0,49.0249307479224
2014,Law,13,14.0,-1.0,Glasgow,78.9,90.0497512437811,90.0,8.0,20.4,91.0,7.0,528.0,59.3625498007968
2015,Law,12,13.0,-1.0,Glasgow,80.0,92.25,93.9999999999999,8.0,24.4,89.0,8.0,535.0,60.4
2013,Law,44,45.0,-1.0,Glasgow Caledonian,58.0,89.039603960396,88.0,4.0,19.1,56.0,8.0,392.0,47.4246327287596
2014,Law,37,44.0,-7.0,Glasgow Caledonian,63.0,93.4673366834171,95.0,5.0,20.9,57.0,9.0,409.0,63.0
2015,Law,65,37.0,28.0,Glasgow Caledonian,59.3,85.785536159601,85.8585858585858,6.0,18.3999999999999,53.0,5.0,426.0,62.9482071713147
2013,Law,69,89.0,-20.0,Gloucestershire,47.9,84.289603960396,86.1386138613861,6.0,35.6,40.0,9.0,269.0,74.1108910891089
2014,Law,70,69.0,1.0,Gloucestershire,44.9,88.0597014925373,84.1584158415842,5.0,34.7,52.0,9.0,301.0,72.1442885771543
2015,Law,45,70.0,-25.0,Gloucestershire,63.8,90.2255639097744,94.0,4.0,29.4,,9.0,288.0,79.8804780876494
2013,Law,52,58.0,-6.0,Greenwich,55.1,93.5369079931249,97.3432650241768,3.0,26.6,54.0,,301.0,81.8634330409785
2014,Law,46,52.0,-6.0,Greenwich,57.2,94.2695390781563,96.7916034088379,3.0,24.1,62.0,2.0,328.0,90.7421560555982
2015,Law,47,46.0,1.0,Greenwich,63.2,91.6142533936651,85.5577707091976,6.0,18.3,54.0,4.0,330.0,73.4072073048473
2013,Law,74,86.0,-12.0,Hertfordshire,46.9,84.984098409841,89.8989898989899,2.0,,51.0,6.0,318.0,73.0547808830957
2014,Law,66,74.0,-8.0,Hertfordshire,48.3,81.75,79.0,2.0,,57.0,10.0,317.0,57.429718875502
2015,Law,76,66.0,10.0,Hertfordshire,52.2,80.8457711442786,73.2673267326732,3.0,35.7999999999999,71.0,9.0,347.0,62.4
2013,Law,58,80.0,-22.0,Huddersfield,51.9,82.3440594059406,83.0,5.0,20.5,,1.0,315.0,72.0188418841884
2014,Law,43,58.0,-15.0,Huddersfield,58.3,83.2080200501253,83.0,4.0,22.1,72.0,7.0,348.0,82.435129740519
2015,Law,41,43.0,-2.0,Huddersfield,65.5,84.0399002493765,87.1287128712871,6.0,25.7,71.0,8.0,378.0,75.249500998004
2013,Law,48,55.0,-7.0,Hull,56.6,91.0119261926193,95.0495049504951,4.0,17.0,60.0,2.0,368.0,55.426052185271
2014,Law,38,48.0,-10.0,Hull,60.5,86.81592039801,90.0990099009901,5.0,17.2,78.0,5.0,386.0,54.8902195608782
2015,Law,68,38.0,30.0,Hull,58.2,86.25,94.0,4.0,19.7,66.0,3.0,368.0,64.5290581162324
2013,Law,51,60.0,-9.0,Keele,55.2,88.0668316831683,86.0,3.0,17.1,57.0,4.0,347.0,58.5690477510618
2014,Law,50,51.0,-1.0,Keele,54.9,85.9649122807017,85.0,3.0,21.1,83.0,4.0,374.0,59.9601593625498
2015,Law,47,50.0,-3.0,Keele,63.2,88.5856079404466,88.1188118811881,4.0,17.3999999999999,71.0,5.0,379.0,65.3306613226452
2013,Law,26,23.0,3.0,Kent,71.0,88.1969696969697,89.8989898989899,7.0,14.2,71.0,5.0,371.0,65.008495145631
2014,Law,33,26.0,7.0,Kent,66.1,88.2205513784461,87.1287128712871,7.0,14.1,72.0,5.0,387.0,65.8
2015,Law,14,33.0,-19.0,Kent,79.8,91.75,92.0,7.0,12.3,80.0,6.0,394.0,74.7494989979959
2013,Law,9,10.0,-1.0,King's College London,81.7,90.3066806680668,90.0990099009901,8.0,17.4,73.0,9.0,519.0,62.0585658565857
2014,Law,7,9.0,-2.0,King's College London,84.8,89.75,88.0,8.0,18.0,84.0,9.0,524.0,67.6646706586826
2015,Law,9,7.0,2.0,King's College London,83.0,88.0299251870324,88.0,9.0,24.7,80.0,9.0,555.0,68.9243027888446
2013,Law,71,71.0,0.0,Kingston,47.3,83.9545454545455,82.0,2.0,23.3,60.0,6.0,306.0,57.5160544840466
2014,Law,90,71.0,19.0,Kingston,33.3,79.9498746867168,80.1980198019802,3.0,24.3,53.0,4.0,301.0,59.7194388777555
2015,Law,71,90.0,-19.0,Kingston,54.8,82.3677581863979,81.0,5.0,22.4,55.0,8.0,303.0,63.3466135458167
2013,Law,14,11.0,3.0,Lancaster,77.1,91.0,89.0,9.0,15.2,72.0,5.0,443.0,70.569696969697
2014,Law,12,14.0,-2.0,Lancaster,79.0,90.7730673316708,97.029702970297,8.0,16.3,78.0,4.0,463.0,77.4900398406375
2015,Law,16,12.0,4.0,Lancaster,78.5999999999999,93.75,96.9999999999999,7.0,18.7,79.0,7.0,445.0,69.5390781563126
2013,Law,37,28.0,9.0,Leeds,63.2,88.7916791679168,89.1089108910891,4.0,22.4,62.0,7.0,426.0,67.5550832377924
2014,Law,29,37.0,-8.0,Leeds,67.5,92.7860696517413,93.0693069306931,5.0,25.2,70.0,6.0,459.0,76.3527054108216
2015,Law,30,29.0,1.0,Leeds,70.0999999999999,89.7755610972568,87.8787878787878,7.0,21.1,73.0,5.0,467.0,71.2
2013,Law,93,93.0,0.0,Leeds Met,33.7,77.3055555555555,75.7575757575758,4.0,26.1,43.0,2.0,296.0,59.5558406397078
2014,Law,87,93.0,-6.0,Leeds Met,34.5,84.8866498740554,82.0,3.0,25.3,62.0,2.0,297.0,65.5310621242485
2015,Law,92,87.0,5.0,Leeds Met,43.4,85.3233830845771,75.0,3.0,26.2,65.0,3.0,272.0,58.4493041749502
2013,Law,20,15.0,5.0,Leicester,73.5,89.9823232323232,93.0,8.0,19.3,61.0,7.0,406.0,72.4545275719625
2014,Law,22,20.0,2.0,Leicester,73.2,86.284289276808,90.0,8.0,18.9,84.0,4.0,420.0,68.5370741482966
2015,Law,24,22.0,2.0,Leicester,72.9,86.9999999999999,88.1188118811881,7.0,20.1,83.0,7.0,398.0,69.8
2013,Law,54,77.0,-23.0,Lincoln,54.2,90.4747474747475,96.0,3.0,24.0,71.0,2.0,323.0,75.2062030299416
2014,Law,79,54.0,25.0,Lincoln,37.2,85.3598014888338,84.0,3.0,27.0,63.0,1.0,336.0,72.8
2015,Law,79,79.0,0.0,Lincoln,50.8,86.2842892768079,93.0,3.0,27.4,70.0,1.0,332.0,73.0538922155688
2013,Law,42,57.0,-15.0,Liverpool,60.1,79.529702970297,84.0,7.0,20.8,68.0,5.0,434.0,47.3961396139614
2014,Law,46,42.0,4.0,Liverpool,57.2,80.3482587064677,82.0,7.0,20.7,71.0,5.0,427.0,55.7114228456914
2015,Law,38,46.0,-8.0,Liverpool,67.0,89.25,92.0,7.0,27.8,73.0,7.0,412.0,70.5765407554671
2013,Law,85,87.0,-2.0,Liverpool John Moores,42.9,87.25,88.0,3.0,28.3,46.0,4.0,301.0,69.386464826358
2014,Law,67,85.0,-18.0,Liverpool John Moores,47.7,88.9724310776942,88.1188118811881,3.0,27.3,59.0,7.0,325.0,75.751503006012
2015,Law,59,67.0,-8.0,Liverpool John Moores,60.1,86.9999999999999,87.1287128712871,4.0,22.3,55.0,8.0,338.0,72.0
2013,Law,90,94.0,-4.0,London Met,38.7,80.9419191919192,74.0,2.0,22.3,54.0,4.0,226.0,55.7411160850989
2014,Law,81,90.0,-9.0,London Met,36.3,85.75,85.0,1.0,27.3,66.0,5.0,236.0,61.5230460921844
2015,Law,88,81.0,7.0,London Met,44.2,83.4586466165413,83.0,2.0,22.1,60.0,3.0,215.0,66.6
2013,Law,2,5.0,-3.0,London School of Economics,98.9,88.044204420442,92.0,10.0,11.3,83.0,9.0,551.0,74.0
2014,Law,3,2.0,1.0,London School of Economics,95.9,92.0,90.9090909090909,9.0,10.7,74.0,8.0,562.0,78.5140562248996
2015,Law,5,3.0,2.0,London School of Economics,89.2,92.4812030075188,92.0,8.0,12.7,83.0,8.0,552.0,76.9076305220883
2013,Law,96,85.0,11.0,London South Bank,29.8,73.9205170517052,72.2772277227723,2.0,34.0,56.0,7.0,219.0,48.7980198019802
2014,Law,83,96.0,-13.0,London South Bank,35.9,87.5,90.0,4.0,33.0,68.0,2.0,239.0,66.0678642714571
2015,Law,87,83.0,4.0,London South Bank,45.2,85.5,93.0,4.0,29.1,54.0,3.0,214.0,70.7171314741035
2013,Law,38,29.0,9.0,Manchester,62.9,81.2865286528653,69.3069306930693,8.0,19.1,73.0,6.0,452.0,44.5867451610026
2014,Law,27,38.0,-11.0,Manchester,68.8,89.5261845386534,85.0,7.0,18.9,75.0,7.0,462.0,54.5816733067729
2015,Law,26,27.0,-1.0,Manchester,71.9,89.5,91.9999999999999,6.0,22.8,80.0,9.0,436.0,59.5238095238095
2013,Law,86,75.0,11.0,Manchester Met,42.8,76.2146464646465,78.7878787878788,3.0,19.4,55.0,2.0,341.0,60.3637837651361
2014,Law,88,86.0,2.0,Manchester Met,33.6,78.6967418546366,78.7878787878788,3.0,25.1,63.0,2.0,362.0,54.8902195608782
2015,Law,70,88.0,-18.0,Manchester Met,55.5,80.0,81.0,6.0,17.6,70.0,3.0,350.0,58.4830339321357
2013,Law,87,83.0,4.0,Middlesex,42.6,82.2057205720572,85.1485148514852,8.0,28.2,49.0,3.0,228.0,68.7652468076996
2014,Law,73,87.0,-14.0,Middlesex,43.6,78.25,82.0,6.0,28.7,66.0,7.0,270.0,60.0401606425703
2015,Law,44,73.0,-29.0,Middlesex,64.3,85.25,85.1485148514851,8.0,16.8,62.0,7.0,282.0,65.5310621242484
2013,Law,11,9.0,2.0,Newcastle,79.2,96.4949494949495,98.0,7.0,21.1,61.0,8.0,441.0,83.5703204291721
2014,Law,10,11.0,-1.0,Newcastle,81.3,96.25,96.0,6.0,21.4,75.0,7.0,475.0,83.2
2015,Law,12,10.0,2.0,Newcastle,80.0,94.9748743718593,95.9595959595959,4.0,21.2,83.0,6.0,480.0,80.3212851405622
2013,Law,59,64.0,-5.0,Newport,51.0,84.2515251525153,80.8080808080808,3.0,23.6,,,227.0,81.3316447923862
2013,Law,84,70.0,14.0,Northampton,43.3,85.6064356435644,85.8585858585858,4.0,26.3,36.0,7.0,233.0,68.1050505050505
2014,Law,82,84.0,-2.0,Northampton,36.1,84.5771144278607,79.2079207920792,4.0,25.5,49.0,4.0,282.0,67.6
2015,Law,80,82.0,-2.0,Northampton,49.8,90.9774436090225,88.0,5.0,30.6,56.0,2.0,265.0,77.5551102204408
2013,Law,45,56.0,-11.0,Northumbria,57.9,90.0,93.9393939393939,7.0,24.8,60.0,4.0,356.0,66.250505050505
2014,Law,43,45.0,-2.0,Northumbria,58.3,88.7780548628429,94.059405940594,6.0,20.7,69.0,3.0,368.0,73.0538922155689
2015,Law,43,43.0,0.0,Northumbria,64.8,91.0447761194029,86.8686868686868,7.0,20.1,70.0,6.0,377.0,63.1474103585657
2013,Law,13,12.0,1.0,Nottingham,78.8,96.2574257425743,95.0,7.0,18.7,63.0,4.0,509.0,77.2172617261726
2014,Law,9,13.0,-4.0,Nottingham,82.4,97.5062344139651,98.0,7.0,18.7,76.0,5.0,503.0,76.6
2015,Law,7,9.0,-2.0,Nottingham,85.8,95.75,92.0,8.0,18.6,87.0,6.0,491.0,73.440643863179
2013,Law,77,50.0,27.0,Nottingham Trent,45.7,81.5643564356436,82.0,6.0,22.2,60.0,2.0,336.0,58.1733678443986
2014,Law,65,77.0,-12.0,Nottingham Trent,48.8,86.1460957178841,88.1188118811881,4.0,25.3,65.0,5.0,349.0,66.4658634538153
2015,Law,50,65.0,-15.0,Nottingham Trent,62.7,86.6834170854271,90.0,5.0,20.5,70.0,7.0,329.0,67.871485943775
2013,Law,1,2.0,-1.0,Oxford,100.0,94.509900990099,92.0,,11.1,78.0,9.0,603.0,72.5447344734474
2014,Law,2,1.0,1.0,Oxford,96.2,93.5,90.0990099009901,,11.3,75.0,9.0,577.0,74.4510978043912
2015,Law,2,2.0,0.0,Oxford,98.0,93.2330827067669,89.0,,13.6,89.0,9.0,586.0,73.4530938123752
2013,Law,36,48.0,-12.0,Oxford Brookes,63.9,91.2970297029703,88.1188118811881,6.0,16.6,71.0,4.0,345.0,65.2040404040404
2014,Law,35,36.0,-1.0,Oxford Brookes,63.4,88.9447236180904,82.0,5.0,18.3,69.0,8.0,379.0,68.2
2015,Law,40,35.0,5.0,Oxford Brookes,66.0,90.7730673316708,89.9999999999999,8.0,14.1,56.9999999999999,5.0,380.0,61.9999999999999
2013,Law,69,53.0,16.0,Plymouth,47.9,83.949494949495,86.0,7.0,25.8,45.0,3.0,307.0,70.0990099009901
2014,Law,57,69.0,-12.0,Plymouth,52.4,91.044776119403,93.0,9.0,22.3,52.0,4.0,325.0,71.6
2015,Law,36,57.0,-21.0,Plymouth,67.7,93.75,92.9292929292929,9.0,10.3,51.0,3.0,316.0,75.4980079681274
2013,Law,81,78.0,3.0,Portsmouth,43.9,78.9809230923092,83.0,4.0,23.0,59.0,2.0,323.0,60.9925792579258
2014,Law,45,81.0,-36.0,Portsmouth,58.0,81.7955112219452,88.8888888888889,6.0,22.6,72.0,6.0,344.0,66.5338645418327
2015,Law,38,45.0,-7.0,Portsmouth,67.0,90.7268170426065,94.9494949494949,7.0,23.4,78.0,4.0,329.0,68.7374749498998
2013,Law,6,4.0,2.0,Queen Mary,86.5,95.2574257425742,95.049504950495,,17.1,64.0,8.0,461.0,77.4455445544555
2014,Law,6,6.0,0.0,Queen Mary,86.8,90.75,89.0,10.0,17.8,76.0,7.0,489.0,72.9838709677419
2015,Law,3,6.0,-3.0,Queen Mary,92.2,91.75,95.0,10.0,16.2,80.0,8.0,499.0,74.8502994011976
2013,Law,22,34.0,-12.0,"Queen's, Belfast",72.1,87.0144514451445,88.0,7.0,19.0,65.0,8.0,435.0,68.208100810081
2014,Law,8,22.0,-14.0,"Queen's, Belfast",82.5,94.5273631840796,95.0495049504951,7.0,19.4,71.0,7.0,443.0,87.2
2015,Law,11,8.0,3.0,"Queen's, Belfast",81.5999999999999,90.5236907730673,89.0,6.0,18.8,77.0,8.0,423.0,82.6347305389221
2013,Law,22,17.0,5.0,Reading,72.1,90.9242424242424,91.919191919192,5.0,19.8,81.0,7.0,430.0,64.3247524752475
2014,Law,39,22.0,17.0,Reading,60.4,89.5,91.0,4.0,21.0,68.0,5.0,423.0,72.4
2015,Law,28,39.0,-11.0,Reading,70.8,91.75,96.039603960396,4.0,20.7,76.0,5.0,432.0,73.6111111111111
2013,Law,17,25.0,-8.0,Robert Gordon,74.8,77.4116161616162,87.8787878787879,8.0,14.9,84.0,9.0,338.0,68.1248124812481
2014,Law,52,17.0,35.0,Robert Gordon,54.0,82.0448877805486,92.0,4.0,25.4,77.0,6.0,386.0,69.7394789579158
2015,Law,54,52.0,2.0,Robert Gordon,61.6,77.5,84.8484848484848,2.0,23.0,80.0,9.0,402.0,58.9641434262948
2013,Law,83,,,Roehampton,43.8,85.75,80.0,8.0,27.2,,6.0,230.0,46.8693069306931
2014,Law,89,83.0,6.0,Roehampton,33.4,86.2155388471178,84.0,6.0,28.3,,3.0,241.0,59.8802395209581
2013,Law,56,48.0,8.0,Salford,53.4,85.8019801980198,82.0,3.0,18.0,49.0,,368.0,67.7042704270427
2014,Law,72,56.0,16.0,Salford,43.7,91.4572864321608,94.0,3.0,21.6,45.0,4.0,339.0,71.0
2015,Law,53,72.0,-19.0,Salford,61.7,89.5261845386533,90.9999999999999,4.0,28.2,69.0,5.0,348.0,75.9519038076152
2013,Law,46,42.0,4.0,Sheffield,57.8,85.029702970297,81.0,5.0,21.8,57.0,5.0,444.0,59.5116140251976
2014,Law,51,46.0,5.0,Sheffield,54.3,87.0,86.0,4.0,23.1,70.0,5.0,429.0,58.0
2015,Law,51,51.0,0.0,Sheffield,62.1,85.286783042394,88.0,5.0,20.9,63.0,5.0,428.0,60.6786427145708
2013,Law,61,47.0,14.0,Sheffield Hallam,50.6,84.2988750487952,92.0,4.0,26.4,53.0,7.0,319.0,63.9458719186122
2014,Law,41,61.0,-20.0,Sheffield Hallam,59.0,88.5,90.9090909090909,5.0,25.6,67.0,8.0,347.0,76.4471057884232
2015,Law,74,41.0,33.0,Sheffield Hallam,53.0,84.7499999999999,84.0,4.0,24.8,59.0,5.0,323.0,68.7374749498998
2013,Law,16,6.0,10.0,SOAS,75.1,88.4520202020202,85.8585858585858,9.0,13.1,56.0,7.0,414.0,62.4242424242424
2014,Law,30,16.0,14.0,SOAS,66.5,83.5411471321696,80.1980198019802,9.0,13.9,72.0,7.0,428.0,50.8
2015,Law,10,30.0,-20.0,SOAS,82.6,90.7730673316708,87.0,6.0,14.6,76.0,9.0,434.0,74.8
2015,Law,86,,,South Wales,45.7,85.25,87.0,3.0,34.0,53.0,3.0,306.0,76.3527054108216
2013,Law,18,22.0,-4.0,Southampton,74.4,90.0346534653465,88.0,6.0,18.8,75.0,7.0,464.0,69.7742574257426
2014,Law,20,18.0,2.0,Southampton,74.9,94.75,92.0792079207921,6.0,19.9,70.0,8.0,463.0,72.9622266401591
2015,Law,22,20.0,2.0,Southampton,73.9,86.9674185463659,88.0,7.0,18.5,74.0,7.0,443.0,67.1314741035856
2013,Law,92,91.0,1.0,Southampton Solent,33.9,73.5378787878788,77.0,4.0,27.0,41.0,5.0,240.0,62.2222222222222
2014,Law,80,92.0,-12.0,Southampton Solent,36.5,63.0922693266833,62.3762376237624,4.0,27.2,70.0,8.0,247.0,60.3174603174603
2015,Law,97,80.0,17.0,Southampton Solent,31.9,64.8379052369077,54.5454545454545,4.0,23.0,57.9999999999999,3.0,227.0,46.0921843687374
2013,Law,88,87.0,1.0,"St Mary's UC, Twickenham",41.5,85.7020202020202,94.0,2.0,33.7,,8.0,210.0,71.1331585713316
2014,Law,91,88.0,3.0,"St Mary's UC, Twickenham",31.7,87.0324189526185,94.0,2.0,32.1,,5.0,256.0,64.128256513026
2015,Law,90,91.0,-1.0,"St Mary's UC, Twickenham",44.1,88.9724310776942,89.9999999999999,4.0,36.7,,3.0,260.0,66.8662674650698
2013,Law,52,61.0,-9.0,Staffordshire,55.1,82.6646282275286,87.1287128712872,3.0,23.4,67.0,6.0,270.0,74.8
2014,Law,61,52.0,9.0,Staffordshire,51.5,91.4786967418546,94.949494949495,3.0,23.6,57.0,5.0,292.0,74.8
2015,Law,63,61.0,2.0,Staffordshire,59.4,85.25,88.8888888888889,4.0,22.9,62.0,6.0,283.0,74.8502994011976
2013,Law,57,25.0,32.0,Stirling,52.8,86.6693674715065,84.1584158415842,4.0,21.6,50.0,4.0,384.0,63.307904294703
2014,Law,41,57.0,-16.0,Stirling,59.0,88.0,87.0,4.0,20.2,71.0,7.0,418.0,65.3386454183267
2015,Law,72,41.0,31.0,Stirling,53.5,86.1042183622828,85.1485148514851,3.0,24.6,71.0,3.0,407.0,61.2774451097804
2013,Law,31,36.0,-5.0,Strathclyde,65.9,87.2846534653465,87.0,7.0,24.1,76.0,8.0,468.0,47.9181118111811
2014,Law,28,31.0,-3.0,Strathclyde,67.8,92.5373134328358,85.1485148514852,8.0,25.2,79.0,7.0,515.0,57.2
2015,Law,52,28.0,24.0,Strathclyde,62.0,91.2280701754386,90.9090909090909,5.0,29.1,76.0,7.0,524.0,46.5863453815261
2013,Law,46,65.0,-19.0,Sunderland,57.8,94.7247474747475,94.949494949495,4.0,27.0,37.0,6.0,304.0,87.7816862524576
2014,Law,59,46.0,13.0,Sunderland,52.0,97.2568578553616,97.0,3.0,29.9,56.0,5.0,275.0,91.2350597609562
2015,Law,91,59.0,32.0,Sunderland,43.7,87.5930521091811,87.0,3.0,33.2,43.0,3.0,288.0,82.9317269076305
2013,Law,34,43.0,-9.0,Surrey,64.8,82.2247474747475,79.7979797979798,9.0,18.8,65.0,4.0,394.0,61.735869331614
2014,Law,18,34.0,-16.0,Surrey,76.7,90.7730673316708,89.0,9.0,17.5,65.0,8.0,418.0,73.9043824701195
2015,Law,17,18.0,-1.0,Surrey,76.9,93.7343358395989,91.0,5.0,17.7,76.0,4.0,408.0,83.7349397590361
2013,Law,19,21.0,-2.0,Sussex,74.3,95.2669050550711,94.9494949494949,4.0,20.3,71.0,8.0,397.0,74.5948394839484
2014,Law,26,19.0,7.0,Sussex,70.0,93.25,96.0,4.0,21.6,62.0,8.0,421.0,79.0419161676647
2015,Law,42,26.0,16.0,Sussex,65.0999999999999,93.0,95.0,5.0,29.1,55.0,8.0,409.0,76.8463073852295
2013,Law,60,67.0,-7.0,Swansea,50.7,86.0222772277228,86.0,3.0,26.3,72.0,3.0,347.0,62.4602156522082
2014,Law,55,60.0,-5.0,Swansea,53.4,91.3151364764268,93.0693069306931,4.0,27.5,69.0,5.0,345.0,75.6972111553785
2015,Law,34,55.0,-21.0,Swansea,68.9,89.9749373433584,93.069306930693,5.0,25.6,80.0,7.0,346.0,75.7455268389662
2013,Law,80,63.0,17.0,Teesside,44.1,89.0,85.8585858585859,4.0,26.2,43.0,2.0,291.0,77.959595959596
2014,Law,78,80.0,-2.0,Teesside,37.4,85.7142857142857,86.0,3.0,25.9,43.0,3.0,318.0,72.6
2015,Law,57,78.0,-21.0,Teesside,60.7,87.9396984924623,86.8686868686868,3.0,21.4,60.0,4.0,322.0,76.1523046092184
2013,Law,4,3.0,1.0,UCL,92.5,90.9844484448445,93.0,10.0,17.7,80.0,8.0,531.0,70.7393939393939
2014,Law,1,4.0,-3.0,UCL,100.0,92.4812030075188,93.0,10.0,15.5,82.0,8.0,564.0,69.3386773547094
2015,Law,4,1.0,3.0,UCL,91.3,94.5137157107231,95.0,10.0,15.6,73.0,9.0,547.0,61.2774451097804
2013,Law,33,33.0,0.0,UEA,65.1,86.469696969697,77.2277227722772,8.0,19.5,64.0,5.0,424.0,64.2808955155197
2014,Law,16,33.0,-17.0,UEA,77.5,96.4824120603015,93.9393939393939,8.0,16.9,75.0,6.0,439.0,73.2
2015,Law,15,16.0,-1.0,UEA,78.9,95.7393483709273,93.9393939393939,8.0,17.5,75.0,6.0,429.0,74.6987951807228
2013,Law,68,54.0,14.0,Ulster,48.1,82.0816831683168,85.0,4.0,18.0,40.0,5.0,313.0,61.6460569823798
2014,Law,68,68.0,0.0,Ulster,47.2,84.5386533665835,88.0,4.0,20.9,54.0,5.0,313.0,72.2334004024145
2015,Law,56,68.0,-12.0,Ulster,60.8,87.75,91.0,5.0,19.0,47.0,7.0,324.0,79.8
2013,Law,40,41.0,-1.0,UWE Bristol,61.1,88.7272727272727,94.059405940594,5.0,20.9,60.0,7.0,327.0,68.4188418841884
2014,Law,49,40.0,9.0,UWE Bristol,55.6,88.9447236180904,92.0,3.0,23.6,66.0,8.0,326.0,68.8622754491018
2015,Law,32,49.0,-17.0,UWE Bristol,69.2,89.4736842105263,90.09900990099,4.0,16.3,74.0,9.0,331.0,68.9378757515029
2013,Law,8,8.0,0.0,Warwick,83.0,93.7372237223722,94.0,9.0,17.5,75.0,8.0,497.0,59.8329314363797
2014,Law,11,8.0,3.0,Warwick,79.8,93.7655860349127,94.949494949495,9.0,17.7,74.0,7.0,506.0,63.0
2015,Law,19,11.0,8.0,Warwick,75.4,90.2255639097744,87.1287128712871,9.0,21.0,70.0,8.0,505.0,55.7114228456913
2013,Law,81,,,West London,43.9,76.25,74.0,6.0,,33.0,4.0,251.0,56.6182281983657
2014,Law,86,81.0,5.0,West London,35.2,88.0,80.0,5.0,26.8,53.0,1.0,246.0,74.4
2015,Law,96,86.0,10.0,West London,37.7,76.3092269326683,71.0,5.0,26.8,,1.0,261.0,61.9238476953907
2013,Law,78,82.0,-4.0,West of Scotland,44.6,83.75,82.0,5.0,19.0,,5.0,270.0,57.375763135419
2014,Law,75,78.0,-3.0,West of Scotland,42.6,84.7117794486216,83.0,3.0,18.0,,3.0,283.0,61.8
2015,Law,95,75.0,20.0,West of Scotland,40.7,71.7171717171717,74.0,4.0,16.8,38.0,5.0,287.0,56.4
2013,Law,66,68.0,-2.0,Westminster,49.2,77.0009750975097,82.0,3.0,19.7,65.0,3.0,328.0,60.9350049614533
2014,Law,63,66.0,-3.0,Westminster,49.9,76.6749379652606,79.0,3.0,23.4,71.0,7.0,344.0,68.986083499006
2015,Law,55,63.0,-8.0,Westminster,61.2,85.25,87.0,4.0,21.1,70.0,4.0,330.0,70.6827309236947
2013,Law,97,,,Winchester,29.4,73.523702370237,48.0,2.0,17.0,,2.0,286.0,51.8
2014,Law,59,97.0,-38.0,Winchester,52.0,97.0,96.0,2.0,22.9,59.0,3.0,309.0,87.0
2015,Law,59,59.0,0.0,Winchester,60.1,98.5,100.0,2.0,19.2,63.0,2.0,342.0,77.6
2013,Law,5,,,York,87.2,97.2772277227722,94.0,8.0,18.3,,7.0,460.0,73.9779577957796
2014,Law,5,5.0,0.0,York,88.5,96.0,95.0,8.0,17.3,82.0,7.0,485.0,77.9559118236473
2015,Law,8,5.0,3.0,York,83.9,94.7236180904522,94.9494949494949,8.0,19.0,84.0,7.0,476.0,71.5999999999999
2013,Mathematics,12,38.0,-26.0,Aberdeen,65.2,85.9649122807018,91.9191919191919,5.0,16.5,,9.0,378.0,79.9196787148594
2014,Mathematics,17,12.0,5.0,Aberdeen,62.3,,,6.0,14.6,,5.0,442.0,
2015,Mathematics,37,17.0,20.0,Aberdeen,62.5,81.9999999999999,85.0,5.0,13.8,,5.0,418.0,69.0618762475049
2013,Mathematics,61,23.0,38.0,Aberystwyth,39.5,75.5112201867669,86.8686868686868,3.0,16.0,,2.0,343.0,72.2320910251945
2014,Mathematics,59,61.0,-2.0,Aberystwyth,37.4,84.9624060150376,87.0,2.0,21.0,69.0,1.0,380.0,82.6
2015,Mathematics,65,59.0,6.0,Aberystwyth,40.2,79.9498746867167,87.1287128712871,2.0,25.7,,2.0,351.0,76.4
2013,Mathematics,60,64.0,-4.0,Aston,40.2,78.3094059405941,68.6868686868687,5.0,17.8,,7.0,376.0,53.953919618766
2014,Mathematics,52,60.0,-8.0,Aston,41.5,78.4461152882206,76.0,3.0,17.8,68.0,8.0,389.0,65.8
2015,Mathematics,48,52.0,-4.0,Aston,57.2,81.2967581047381,81.1881188118812,4.0,18.2,78.0,6.0,368.0,64.8702594810379
2013,Mathematics,37,14.0,23.0,Bath,56.5,82.6138613861386,91.0,4.0,16.9,75.0,3.0,508.0,66.3183447376996
2014,Mathematics,12,37.0,-25.0,Bath,65.8,82.5,84.8484848484848,6.0,15.9,81.0,5.0,542.0,72.9083665338645
2015,Mathematics,13,12.0,1.0,Bath,76.7,89.9497487437185,91.0,4.0,16.3999999999999,83.0,2.0,548.0,83.0
2013,Mathematics,11,10.0,1.0,Birmingham,65.3,80.5767326732674,87.0,9.0,15.7,71.0,4.0,454.0,69.4475247524753
2014,Mathematics,4,11.0,-7.0,Birmingham,77.6,85.2130325814536,88.8888888888889,10.0,14.7,73.0,7.0,482.0,74.4510978043912
2015,Mathematics,7,4.0,3.0,Birmingham,87.7,86.5,90.0,8.0,15.2,81.0,8.0,459.0,80.9619238476953
2014,Mathematics,60,54.0,6.0,Bolton,35.6,100.0,92.0792079207921,1.0,26.2,,,272.0,77.6892430278884
2015,Mathematics,57,60.0,-3.0,Bolton,50.6,99.25,97.0,2.0,37.2999999999999,,,264.0,82.8685258964143
2013,Mathematics,55,63.0,-8.0,Brighton,43.3,93.2623762376238,92.0,3.0,19.0,,4.0,283.0,68.4
2014,Mathematics,66,55.0,11.0,Brighton,27.2,82.75,74.2574257425742,3.0,20.6,,5.0,293.0,52.191235059761
2015,Mathematics,58,66.0,-8.0,Brighton,50.3,90.0249376558603,94.0,3.0,20.8,74.0,3.0,297.0,63.8
2013,Mathematics,16,18.0,-2.0,Bristol,64.1,89.25,87.0,6.0,14.0,66.0,3.0,533.0,65.017075421033
2014,Mathematics,13,16.0,-3.0,Bristol,65.1,87.719298245614,78.7878787878788,6.0,15.7,81.0,3.0,548.0,67.8
2015,Mathematics,24,13.0,11.0,Bristol,67.9,82.4120603015075,83.0,5.0,15.8,80.0,4.0,526.0,63.12625250501
2013,Mathematics,33,49.0,-16.0,Brunel,58.2,82.0346534653465,95.0,8.0,15.6,48.0,7.0,311.0,82.7555555555556
2014,Mathematics,35,33.0,2.0,Brunel,53.8,79.3969849246231,87.0,8.0,14.3,58.0,8.0,341.0,75.3968253968254
2015,Mathematics,45,35.0,10.0,Brunel,57.9,84.6733668341708,89.8989898989899,4.0,15.9,67.0,7.0,346.0,77.6659959758551
2013,Mathematics,1,1.0,0.0,Cambridge,100.0,91.7846534653465,95.049504950495,,14.8,87.0,5.0,669.0,79.2103710371037
2014,Mathematics,1,1.0,0.0,Cambridge,100.0,90.0249376558604,92.0792079207921,,14.3,90.0,7.0,664.0,84.6
2015,Mathematics,2,1.0,1.0,Cambridge,98.1,92.0,95.0,,14.6,93.0,5.0,680.0,82.9025844930417
2013,Mathematics,53,50.0,3.0,Cardiff,47.2,72.3229008783968,80.8790147307414,7.0,17.6,70.0,4.0,481.0,51.2555386718693
2014,Mathematics,38,53.0,-15.0,Cardiff,52.8,74.2336510341693,81.4089001692047,7.0,14.2,71.0,5.0,472.0,72.5831675174294
2015,Mathematics,28,38.0,-10.0,Cardiff,67.0,80.302970201714,86.6761209819611,5.0,15.6,87.0,5.0,460.0,65.5900276168776
2013,Mathematics,6,5.0,1.0,Central Lancashire,74.5,83.2616822429907,91.0,10.0,13.8,,,344.0,71.0
2014,Mathematics,9,6.0,3.0,Central Lancashire,68.6,87.218045112782,91.9191919191919,10.0,,,6.0,357.0,76.0
2015,Mathematics,54,9.0,45.0,Central Lancashire,52.3,78.0548628428927,68.0,9.0,12.5,,3.0,377.0,60.5577689243027
2013,Mathematics,54,59.0,-5.0,Chester,45.5,85.25,92.0,2.0,22.2,,6.0,292.0,81.0871287128713
2014,Mathematics,57,54.0,3.0,Chester,40.1,88.7218045112782,85.0,3.0,25.0,,5.0,319.0,83.5671342685371
2015,Mathematics,60,57.0,3.0,Chester,50.0,87.9396984924623,85.9999999999999,2.0,30.2,73.0,7.0,278.0,82.1285140562248
2013,Mathematics,35,67.0,-32.0,City,57.5,80.9652942872763,85.0,4.0,19.5,68.0,8.0,343.0,73.5384506192555
2014,Mathematics,34,35.0,-1.0,City,54.1,83.0423940149626,81.0,5.0,18.0,68.0,6.0,388.0,75.1004016064257
2015,Mathematics,62,34.0,28.0,City,49.4,82.7930174563591,82.1782178217821,3.0,16.8999999999999,56.9999999999999,5.0,379.0,69.5999999999999
2013,Mathematics,52,62.0,-10.0,Coventry,47.5,84.0167266726673,85.0,3.0,11.6,,,287.0,71.3749174917492
2014,Mathematics,19,52.0,-33.0,Coventry,60.4,85.4636591478697,92.0792079207921,5.0,11.4,,8.0,292.0,76.6467065868263
2015,Mathematics,19,19.0,0.0,Coventry,70.7,92.7135678391959,92.0,4.0,11.2,,9.0,311.0,73.253493013972
2013,Mathematics,47,,,Derby,51.6,89.264101410141,90.0,3.0,16.0,,,254.0,78.7124037847572
2014,Mathematics,46,47.0,-1.0,Derby,48.1,88.5572139303482,92.0,2.0,19.9,,9.0,281.0,80.7920792079208
2015,Mathematics,33,46.0,-13.0,Derby,65.5999999999999,89.0274314214463,87.0,3.0,13.3,,8.0,287.0,65.4690618762475
2013,Mathematics,34,28.0,6.0,Dundee,57.8,92.964824120603,89.0,3.0,20.7,,,386.0,83.4
2014,Mathematics,44,34.0,10.0,Dundee,51.0,90.0,94.0594059405941,4.0,22.3,,,444.0,73.2
2015,Mathematics,55,44.0,11.0,Dundee,50.9,79.4044665012407,90.0,3.0,18.5,,5.0,378.0,64.6706586826347
2013,Mathematics,8,19.0,-11.0,Durham,69.3,86.4138913891389,89.1089108910891,4.0,14.4,75.0,4.0,574.0,68.8950495049505
2014,Mathematics,14,8.0,6.0,Durham,64.7,79.5511221945137,87.1287128712871,4.0,15.5,83.0,6.0,590.0,63.12625250501
2015,Mathematics,11,14.0,-3.0,Durham,78.7,84.5,86.0,4.0,13.5,85.0,6.0,612.0,67.8
2013,Mathematics,23,42.0,-19.0,Edinburgh,60.9,77.9090909090909,84.8484848484848,9.0,17.0,66.0,6.0,528.0,57.3322908207051
2014,Mathematics,29,23.0,6.0,Edinburgh,56.1,69.3467336683417,76.0,10.0,16.8,78.0,6.0,511.0,50.8032128514056
2015,Mathematics,25,29.0,-4.0,Edinburgh,67.5,70.6467661691542,71.0,10.0,17.5,70.0,8.0,531.0,58.5657370517928
2013,Mathematics,62,51.0,11.0,Essex,39.4,72.709595959596,67.0,4.0,14.8,,,338.0,61.9313131313131
2014,Mathematics,64,62.0,2.0,Essex,30.6,82.7930174563591,88.0,3.0,18.5,,2.0,360.0,64.9402390438247
2015,Mathematics,63,64.0,-1.0,Essex,48.8,82.25,89.9999999999999,3.0,18.6,,2.0,359.0,74.7011952191235
2013,Mathematics,19,39.0,-20.0,Exeter,63.0,89.029654316783,91.0,6.0,18.4,70.0,7.0,467.0,64.3671636318838
2014,Mathematics,21,19.0,2.0,Exeter,60.0,87.5311720698254,91.0,7.0,15.4,71.0,4.0,482.0,64.5290581162324
2015,Mathematics,8,21.0,-13.0,Exeter,81.7,85.2130325814536,93.0,10.0,12.4,77.0,7.0,480.0,62.3246492985972
2013,Mathematics,22,17.0,5.0,Glamorgan,61.7,84.8217821782178,82.0,4.0,12.7,,7.0,317.0,71.9038303830383
2013,Mathematics,9,41.0,-32.0,Glasgow,67.4,91.5321782178218,97.0,7.0,17.8,71.0,4.0,456.0,74.7190594059406
2014,Mathematics,25,9.0,16.0,Glasgow,57.7,90.7035175879397,92.9292929292929,6.0,22.6,78.0,4.0,483.0,74.8
2015,Mathematics,42,25.0,17.0,Glasgow,59.1,83.0,80.1980198019802,6.0,18.8999999999999,75.0,3.0,499.0,67.2
2013,Mathematics,40,12.0,28.0,Greenwich,55.2,91.012987012987,88.0,8.0,24.9,53.0,,257.0,82.366372053872
2014,Mathematics,39,40.0,-1.0,Greenwich,52.6,91.5,98.0,6.0,26.1,47.0,10.0,303.0,85.7715430861723
2015,Mathematics,34,39.0,-5.0,Greenwich,64.5,96.2593516209476,97.0,5.0,29.7,57.9999999999999,9.0,300.0,88.7999999999999
2013,Mathematics,23,35.0,-12.0,Heriot-Watt,60.9,86.5,89.1089108910891,3.0,20.3,83.0,8.0,420.0,70.2242424242424
2014,Mathematics,22,23.0,-1.0,Heriot-Watt,59.9,92.2885572139304,97.0,6.0,20.2,70.0,5.0,422.0,81.0756972111554
2015,Mathematics,10,22.0,-12.0,Heriot-Watt,80.7,92.2305764411027,98.0,6.0,21.3,81.0,7.0,450.0,81.0379241516966
2013,Mathematics,64,48.0,16.0,Hertfordshire,37.6,76.5112761276128,82.0,2.0,17.3,31.0,10.0,301.0,72.3749174917492
2014,Mathematics,61,64.0,-3.0,Hertfordshire,32.9,78.391959798995,83.0,3.0,20.7,,8.0,294.0,69.4
2015,Mathematics,50,61.0,-11.0,Hertfordshire,56.8,87.25,85.0,6.0,18.5,51.0,9.0,318.0,72.7634194831013
2013,Mathematics,20,8.0,12.0,Imperial College,62.5,73.75,80.0,10.0,15.4,68.0,2.0,590.0,51.308277325787
2014,Mathematics,7,20.0,-13.0,Imperial College,73.3,82.2055137844612,80.1980198019802,,14.0,81.0,5.0,616.0,64.2714570858284
2015,Mathematics,6,7.0,-1.0,Imperial College,88.3,83.790523690773,83.0,10.0,12.2,78.0,4.0,604.0,67.6
2013,Mathematics,10,21.0,-11.0,Keele,66.7,92.4848484848485,96.0,4.0,16.1,,7.0,361.0,79.7327586206897
2014,Mathematics,24,10.0,14.0,Keele,58.3,95.5,96.039603960396,4.0,19.9,,6.0,365.0,83.4
2015,Mathematics,39,24.0,15.0,Keele,59.8,95.4887218045112,97.9797979797979,2.0,17.1,69.0,3.0,377.0,79.6407185628742
2013,Mathematics,45,27.0,18.0,Kent,54.3,83.743247647289,87.9376403093041,3.0,15.4,,8.0,349.0,69.2500838562644
2014,Mathematics,49,45.0,4.0,Kent,42.2,78.3852692860711,91.1570757135406,4.0,15.4,65.0,5.0,361.0,68.1415357846175
2015,Mathematics,64,49.0,15.0,Kent,40.6,70.5759413824426,84.8398351993635,4.0,15.0,72.0,2.0,351.0,55.7606923903342
2013,Mathematics,42,34.0,8.0,King's College London,55.0,82.9207920792079,83.1683168316832,7.0,13.8,54.0,2.0,477.0,66.7056742540613
2014,Mathematics,39,42.0,-3.0,King's College London,52.6,78.25,81.0,8.0,13.1,78.0,2.0,497.0,58.2
2015,Mathematics,30,39.0,-9.0,King's College London,66.3,78.4999999999999,85.0,8.0,14.1,67.0,3.0,471.0,69.8189134808853
2013,Mathematics,46,20.0,26.0,Kingston,52.2,76.1136363636364,87.1287128712871,7.0,22.7,,10.0,267.0,68.1555555555556
2014,Mathematics,65,46.0,19.0,Kingston,29.3,76.8079800498753,79.0,3.0,21.2,54.0,9.0,304.0,64.2714570858284
2015,Mathematics,53,65.0,-12.0,Kingston,53.0,82.3383084577114,82.0,5.0,15.2,51.0,9.0,271.0,70.6586826347305
2013,Mathematics,5,6.0,-1.0,Lancaster,74.8,90.509900990099,89.0,10.0,14.5,82.0,2.0,427.0,80.3908390839084
2014,Mathematics,10,5.0,5.0,Lancaster,67.0,88.0597014925373,86.1386138613861,7.0,16.7,74.0,4.0,486.0,80.8764940239044
2015,Mathematics,12,10.0,2.0,Lancaster,77.5,89.5522388059701,90.0,9.0,17.6,78.0,4.0,486.0,74.4510978043912
2013,Mathematics,26,32.0,-6.0,Leeds,60.6,77.029702970297,86.0,7.0,12.8,68.0,5.0,450.0,61.1235888294712
2014,Mathematics,27,26.0,1.0,Leeds,56.4,81.5461346633416,84.8484848484849,7.0,12.6,74.0,4.0,464.0,65.7370517928287
2015,Mathematics,18,27.0,-9.0,Leeds,70.8,82.793017456359,82.8282828282828,7.0,13.2,69.0,6.0,459.0,73.1462925851703
2013,Mathematics,36,30.0,6.0,Leicester,57.2,86.1944444444445,89.0,7.0,18.7,50.0,4.0,443.0,77.7373737373738
2014,Mathematics,18,36.0,-18.0,Leicester,62.2,77.6674937965261,84.0,9.0,16.6,74.0,8.0,418.0,67.0
2015,Mathematics,16,18.0,-2.0,Leicester,73.4,74.3142144638403,86.0,9.0,15.1,82.0,8.0,388.0,65.3306613226452
2013,Mathematics,39,52.0,-13.0,Liverpool,55.4,76.8237573757376,83.0,6.0,18.5,65.0,8.0,413.0,71.3846585069607
2014,Mathematics,42,39.0,3.0,Liverpool,51.5,77.1929824561403,80.0,7.0,19.9,70.0,,426.0,71.2
2015,Mathematics,59,42.0,17.0,Liverpool,50.2,77.0573566084787,85.0,5.0,21.8,63.0,6.0,403.0,71.4570858283433
2013,Mathematics,13,28.0,-15.0,Liverpool John Moores,64.3,,,7.0,14.5,,8.0,306.0,
2014,Mathematics,47,13.0,34.0,Liverpool John Moores,47.5,,,3.0,18.0,,8.0,326.0,
2015,Mathematics,36,47.0,-11.0,Liverpool John Moores,62.9,,,7.0,15.9,,5.0,305.0,
2013,Mathematics,58,66.0,-8.0,London Met,40.4,83.9747474747475,100.0,1.0,28.2,,9.0,208.0,82.5979789336958
2014,Mathematics,58,58.0,0.0,London Met,39.9,91.4786967418546,93.0,1.0,29.0,,10.0,216.0,88.5771543086172
2015,Mathematics,67,58.0,9.0,London Met,32.5,81.25,91.0,1.0,33.1,,8.0,176.0,77.5100401606425
2013,Mathematics,18,12.0,6.0,London School of Economics,63.2,76.374194639765,78.3173492007934,6.0,16.5,82.0,6.0,545.0,56.9185919779304
2014,Mathematics,23,18.0,5.0,London School of Economics,59.5,76.3397139700019,79.7468770653289,6.0,15.2,81.0,5.0,555.0,62.8451334187128
2015,Mathematics,26,23.0,3.0,London School of Economics,67.4,76.4605018383895,79.8619024625784,6.0,14.7,74.0,4.0,547.0,67.8851971224319
2013,Mathematics,43,31.0,12.0,Loughborough,54.7,78.959595959596,81.0,5.0,15.9,74.0,4.0,437.0,66.107203527622
2014,Mathematics,30,43.0,-13.0,Loughborough,55.1,87.0,91.9191919191919,6.0,17.0,75.0,3.0,445.0,69.8
2015,Mathematics,35,30.0,5.0,Loughborough,64.0999999999999,85.4636591478696,86.1386138613861,4.0,15.2,76.0,5.0,429.0,69.6606786427145
2013,Mathematics,48,60.0,-12.0,Manchester,51.4,86.2690131778062,85.0,8.0,20.9,63.0,3.0,455.0,67.0620252987259
2014,Mathematics,37,48.0,-11.0,Manchester,53.1,84.28927680798,90.0,8.0,22.1,68.0,3.0,516.0,69.8602794411178
2015,Mathematics,56,37.0,19.0,Manchester,50.8,81.5461346633416,80.0,6.0,22.0,66.0,3.0,477.0,64.8
2013,Mathematics,49,64.0,-15.0,Manchester Met,51.0,82.539603960396,91.0,3.0,15.8,57.0,9.0,295.0,82.6990099009901
2014,Mathematics,62,49.0,13.0,Manchester Met,32.6,78.391959798995,85.8585858585859,3.0,17.2,52.0,6.0,321.0,69.1382765531062
2015,Mathematics,52,62.0,-10.0,Manchester Met,53.3,87.75,91.0,3.0,18.0,61.0,5.0,322.0,80.0
2013,Mathematics,30,42.0,-12.0,Newcastle,59.4,92.6969696969697,94.0,5.0,16.7,66.0,2.0,443.0,75.1506359137938
2014,Mathematics,45,30.0,15.0,Newcastle,50.7,91.0891089108911,91.0,5.0,17.4,69.0,4.0,453.0,64.4
2015,Mathematics,27,45.0,-18.0,Newcastle,67.3,90.2743142144638,92.0,4.0,16.8,84.0,3.0,459.0,71.7434869739478
2013,Mathematics,51,7.0,44.0,Northumbria,48.3,89.2424242424242,97.0,5.0,21.7,58.0,6.0,320.0,76.2811881188119
2014,Mathematics,51,51.0,0.0,Northumbria,41.7,93.7810945273632,98.0,5.0,24.6,55.0,4.0,376.0,85.3707414829659
2015,Mathematics,48,51.0,-3.0,Northumbria,57.2,94.5137157107232,100.0,3.0,23.8,75.0,1.0,353.0,87.4251497005988
2013,Mathematics,32,25.0,7.0,Nottingham,58.8,83.5812331233123,92.0,4.0,16.6,69.0,4.0,508.0,70.5064375313612
2014,Mathematics,27,32.0,-5.0,Nottingham,56.4,86.2155388471178,90.0990099009901,5.0,17.4,71.0,5.0,499.0,70.2213279678068
2015,Mathematics,29,27.0,2.0,Nottingham,66.9,84.28927680798,87.8787878787878,5.0,19.3999999999999,77.0,5.0,499.0,71.0
2013,Mathematics,65,44.0,21.0,Nottingham Trent,32.6,76.7045454545454,87.8787878787879,5.0,21.0,52.0,4.0,301.0,76.0
2014,Mathematics,52,65.0,-13.0,Nottingham Trent,41.5,83.8308457711443,91.9191919191919,6.0,23.5,71.0,4.0,332.0,76.5060240963856
2015,Mathematics,39,52.0,-13.0,Nottingham Trent,59.8,88.2793017456359,91.089108910891,5.0,20.3999999999999,59.0,6.0,327.0,85.9719438877755
2013,Mathematics,4,2.0,2.0,Oxford,83.1,,,,11.1,76.0,5.0,624.0,
2014,Mathematics,2,4.0,-2.0,Oxford,95.9,93.5,96.0,,10.6,81.0,8.0,618.0,78.3132530120482
2015,Mathematics,3,2.0,1.0,Oxford,96.6,91.75,95.0,,10.7,85.0,8.0,642.0,77.2
2013,Mathematics,14,55.0,-41.0,Oxford Brookes,64.2,91.514401440144,96.039603960396,6.0,20.1,,8.0,338.0,78.1010101010101
2014,Mathematics,11,14.0,-3.0,Oxford Brookes,66.3,93.75,95.0,4.0,22.9,,10.0,364.0,80.2395209580838
2015,Mathematics,17,11.0,6.0,Oxford Brookes,71.2,94.75,92.0,5.0,,,8.0,354.0,83.7999999999999
2013,Mathematics,57,47.0,10.0,Plymouth,40.6,88.2747524752475,93.0693069306931,2.0,24.3,,5.0,341.0,76.866406640664
2014,Mathematics,55,57.0,-2.0,Plymouth,41.0,91.0,89.1089108910891,4.0,23.5,69.0,4.0,357.0,78.1563126252505
2015,Mathematics,51,55.0,-4.0,Plymouth,53.9,91.5422885572139,96.039603960396,4.0,21.3,59.0,4.0,326.0,89.6207584830339
2013,Mathematics,41,61.0,-20.0,Portsmouth,55.1,84.3004736117176,88.0,7.0,18.3,82.0,6.0,294.0,60.9946092234553
2014,Mathematics,16,41.0,-25.0,Portsmouth,63.6,90.9547738693467,93.0,6.0,12.3,66.0,9.0,312.0,68.7374749498998
2015,Mathematics,9,16.0,-7.0,Portsmouth,81.3,88.25,94.0,8.0,8.6,69.0,10.0,287.0,74.749498997996
2013,Mathematics,38,39.0,-1.0,Queen Mary,56.2,76.3008930657131,84.1584158415842,9.0,12.7,58.0,2.0,379.0,70.7248977437657
2014,Mathematics,56,38.0,18.0,Queen Mary,40.6,74.8756218905473,83.0,5.0,11.8,63.0,3.0,398.0,69.6606786427146
2015,Mathematics,46,56.0,-10.0,Queen Mary,57.4,73.5,86.0,8.0,13.9,64.0,3.0,390.0,70.4590818363273
2013,Mathematics,59,45.0,14.0,"Queen's, Belfast",40.3,71.1782178217822,78.0,3.0,20.4,78.0,5.0,412.0,68.979797979798
2014,Mathematics,54,59.0,-5.0,"Queen's, Belfast",41.1,79.3017456359102,81.0,4.0,19.2,80.0,1.0,412.0,74.8015873015873
2015,Mathematics,20,54.0,-34.0,"Queen's, Belfast",70.5999999999999,89.0547263681592,88.1188118811881,4.0,16.8,76.0,7.0,421.0,76.5999999999999
2013,Mathematics,17,46.0,-29.0,Reading,63.7,85.7237066729929,93.222345490363,5.0,15.4,78.0,5.0,378.0,71.757356297665
2014,Mathematics,50,17.0,33.0,Reading,42.0,89.0274314214464,98.0,6.0,15.3,53.0,2.0,377.0,72.5450901803607
2015,Mathematics,30,50.0,-20.0,Reading,66.3,90.5,95.0,8.0,14.8,66.0,2.0,363.0,79.2415169660678
2013,Mathematics,28,24.0,4.0,Royal Holloway,60.1,86.75,87.0,6.0,16.1,78.0,2.0,391.0,77.03100310031
2014,Mathematics,36,28.0,8.0,Royal Holloway,53.4,80.5,84.0,7.0,16.2,68.0,3.0,405.0,81.1623246492986
2015,Mathematics,60,36.0,24.0,Royal Holloway,50.0,91.0,93.069306930693,3.0,20.3,61.0,2.0,401.0,79.8
2013,Mathematics,56,57.0,-1.0,Sheffield,42.1,85.5841584158416,92.0,4.0,20.8,61.0,2.0,448.0,72.6762606455451
2014,Mathematics,48,56.0,-8.0,Sheffield,45.5,85.0746268656717,84.8484848484849,4.0,20.8,68.0,4.0,463.0,71.6
2015,Mathematics,43,48.0,-5.0,Sheffield,58.5,83.790523690773,85.1485148514851,5.0,20.3,70.0,4.0,469.0,73.6526946107784
2013,Mathematics,21,16.0,5.0,Sheffield Hallam,62.3,94.789603960396,92.0792079207921,4.0,18.8,63.0,9.0,289.0,82.0702229844622
2014,Mathematics,15,21.0,-6.0,Sheffield Hallam,64.4,91.75,95.0,4.0,19.5,79.0,8.0,327.0,82.6693227091634
2015,Mathematics,22,15.0,7.0,Sheffield Hallam,69.4,91.5211970074813,95.049504950495,4.0,23.3,73.0,10.0,330.0,78.0
2015,Mathematics,38,,,South Wales,61.3,93.2330827067669,96.039603960396,3.0,21.3,72.0,4.0,351.0,82.6
2013,Mathematics,31,33.0,-2.0,Southampton,58.9,84.6978653151297,90.0,5.0,12.4,66.0,4.0,491.0,64.9014121291462
2014,Mathematics,33,31.0,2.0,Southampton,54.5,77.9990269957239,84.9981552536016,7.0,12.7,72.0,4.0,494.0,60.4790419161677
2015,Mathematics,23,33.0,-10.0,Southampton,68.0,79.25,87.0,7.0,11.4,81.0,3.0,470.0,59.4433399602385
2013,Mathematics,2,3.0,-1.0,St Andrews,90.0,94.7520252025202,96.0396039603961,8.0,15.3,78.0,7.0,588.0,79.4253572958772
2014,Mathematics,5,2.0,3.0,St Andrews,76.9,87.75,91.0,8.0,14.3,76.0,8.0,569.0,63.6726546906188
2015,Mathematics,1,5.0,-4.0,St Andrews,100.0,91.2718204488778,92.9292929292929,8.0,13.7,90.0,9.0,569.0,74.3538767395626
2013,Mathematics,7,9.0,-2.0,Stirling,73.9,95.7623762376238,95.0,5.0,14.8,,,329.0,90.4313231323132
2014,Mathematics,8,7.0,1.0,Stirling,69.6,90.2255639097744,95.0,9.0,17.8,,,401.0,76.9076305220883
2015,Mathematics,21,8.0,13.0,Stirling,70.4,87.4686716791979,91.9191919191919,6.0,15.0,,,385.0,66.6
2013,Mathematics,14,37.0,-23.0,Strathclyde,64.2,88.8094059405941,97.0,6.0,16.0,63.0,4.0,416.0,73.039603960396
2014,Mathematics,26,14.0,12.0,Strathclyde,57.3,89.7243107769424,98.0,4.0,17.1,74.0,3.0,439.0,76.1523046092184
2015,Mathematics,66,26.0,40.0,Strathclyde,37.6,70.3980099502487,65.6565656565656,4.0,22.1,76.0,2.0,454.0,54.1082164328657
2013,Mathematics,27,36.0,-9.0,Surrey,60.2,79.7979797979798,94.059405940594,3.0,16.6,80.0,5.0,439.0,73.3131313131313
2014,Mathematics,31,27.0,4.0,Surrey,54.9,84.3672456575682,86.0,5.0,14.5,69.0,5.0,475.0,73.0538922155689
2015,Mathematics,15,31.0,-16.0,Surrey,75.5,88.2793017456359,97.0,5.0,13.3,73.0,7.0,433.0,77.9999999999999
2013,Mathematics,29,11.0,18.0,Sussex,59.6,84.25,90.0,4.0,21.1,74.0,9.0,372.0,73.0949494949495
2014,Mathematics,41,29.0,12.0,Sussex,51.6,85.678391959799,91.9191919191919,3.0,20.9,67.0,7.0,391.0,74.4979919678715
2015,Mathematics,43,41.0,2.0,Sussex,58.5,78.8557213930348,92.0,6.0,20.9,60.0,8.0,425.0,66.8
2013,Mathematics,66,56.0,10.0,Swansea,28.7,69.6300880088009,74.0,4.0,22.2,60.0,5.0,367.0,55.1625441696113
2014,Mathematics,63,66.0,-3.0,Swansea,32.5,75.3768844221106,76.0,4.0,19.4,72.0,3.0,376.0,55.5110220440882
2015,Mathematics,14,63.0,-49.0,Swansea,76.4,91.5,93.0,5.0,18.1,80.0,7.0,361.0,84.3687374749498
2013,Mathematics,25,21.0,4.0,UCL,60.8,80.0,87.0,8.0,18.6,65.0,5.0,536.0,64.8846395717858
2014,Mathematics,6,25.0,-19.0,UCL,74.0,86.9346733668342,90.9090909090909,9.0,18.0,76.0,8.0,550.0,68.6626746506986
2015,Mathematics,5,6.0,-1.0,UCL,88.7,87.5,94.059405940594,9.0,16.1,85.0,8.0,544.0,69.939879759519
2013,Mathematics,44,15.0,29.0,UEA,54.4,85.25,87.0,6.0,11.5,51.0,2.0,427.0,71.5720743345053
2014,Mathematics,20,44.0,-24.0,UEA,60.2,92.9824561403509,96.039603960396,6.0,15.2,70.0,3.0,425.0,78.4860557768924
2015,Mathematics,32,20.0,12.0,UEA,65.9,90.7960199004975,96.0,5.0,13.6,63.0,4.0,422.0,67.196819085487
2013,Mathematics,63,53.0,10.0,UWE Bristol,39.1,83.9993499349935,88.0,3.0,22.5,,9.0,314.0,63.7467146714671
2014,Mathematics,43,63.0,-20.0,UWE Bristol,51.4,96.25,94.0,3.0,23.3,,9.0,339.0,80.0796812749004
2015,Mathematics,46,43.0,3.0,UWE Bristol,57.4,92.0,86.0,4.0,17.7,57.9999999999999,7.0,317.0,79.9204771371769
2013,Mathematics,3,4.0,-1.0,Warwick,85.2,87.1679760763111,88.0458799360876,10.0,12.8,75.0,4.0,588.0,65.8334733002225
2014,Mathematics,3,3.0,0.0,Warwick,81.5,82.9261898854511,87.4856388891775,10.0,13.1,77.0,5.0,586.0,66.9682281667217
2015,Mathematics,4,3.0,1.0,Warwick,94.5,83.9091543318925,92.0911010188626,10.0,13.7,88.0,4.0,575.0,72.0930683427681
2013,Mathematics,50,26.0,24.0,York,50.4,81.4195490256096,81.8181818181818,4.0,18.3,66.0,4.0,475.0,60.059405940594
2014,Mathematics,31,50.0,-19.0,York,54.9,84.28927680798,89.0,5.0,17.2,71.0,3.0,507.0,72.1115537848606
2015,Mathematics,41,31.0,10.0,York,59.7,77.3067331670822,84.0,5.0,16.3,78.0,4.0,462.0,63.5999999999999
2015,Media & Film Studies,39,,,Aberystwyth,59.9,78.6967418546365,73.4974874371859,8.0,19.0,,,295.0,66.9007203013077
2015,Media & Film Studies,28,,,Anglia Ruskin,63.4,88.833746898263,83.1683168316831,10.0,20.9,30.0,6.0,254.0,76.4
2015,Media & Film Studies,27,,,Bangor,63.7,91.0682312948258,85.2617387806812,3.0,15.8,49.0,6.0,288.0,74.3005774423601
2015,Media & Film Studies,42,,,Bath Spa,57.8,87.7805486284289,86.0,3.0,25.2,50.0,6.0,322.0,76.1523046092184
2015,Media & Film Studies,68,,,Bedfordshire,48.8,86.6498740554156,83.8383838383838,5.0,24.2,32.0,5.0,206.0,74.4
2015,Media & Film Studies,21,,,Birmingham City,66.5,82.0895522388059,78.0,7.0,19.3,54.0,8.0,317.0,67.5944333996023
2015,Media & Film Studies,44,,,Bournemouth,57.6,75.8104738154613,68.3168316831683,8.0,21.4,60.0,3.0,366.0,54.6
2015,Media & Film Studies,25,,,Bradford,65.0,79.63579903967,79.4855069922576,5.0,24.1,46.0,10.0,287.0,71.4587226585789
2015,Media & Film Studies,24,,,Brighton,65.0999999999999,88.5091400618173,87.1799025471426,7.0,17.6,41.0,6.0,291.0,74.549186773861
2015,Media & Film Studies,61,,,Brunel,52.8,76.4411027568922,85.0,7.0,22.0,47.0,2.0,338.0,63.6726546906187
2015,Media & Film Studies,51,,,Bucks New University,55.1,83.1234256926952,84.8484848484848,3.0,22.5,,8.0,255.0,78.5140562248996
2015,Media & Film Studies,33,,,Canterbury Christ Church,61.7,86.848635235732,86.1386138613861,3.0,19.6,55.0,9.0,256.0,66.2674650698602
2015,Media & Film Studies,4,,,Cardiff,81.7,91.0,87.9999999999999,9.0,15.8,64.0,7.0,402.0,69.0618762475049
2015,Media & Film Studies,30,,,Central Lancashire,63.1,84.0045542417858,91.0732359483436,5.0,18.1,,6.0,335.0,73.4848372516161
2015,Media & Film Studies,32,,,Chester,62.4,89.4736842105263,95.9595959595959,5.0,14.3,57.9999999999999,1.0,255.0,77.5551102204408
2015,Media & Film Studies,41,,,Chichester,58.8,95.75,94.059405940594,3.0,23.7,56.9999999999999,3.0,252.0,84.0
2015,Media & Film Studies,12,,,Coventry,71.2,87.0967741935483,81.1881188118811,5.0,17.3999999999999,56.0,7.0,304.0,81.5109343936381
2015,Media & Film Studies,76,,,Cumbria,42.2,81.2030075187969,80.0,2.0,28.2,,,216.0,68.6116700201207
2015,Media & Film Studies,43,,,De Montfort,57.7,81.8369113337422,79.4977168949771,4.0,17.5,47.0,6.0,295.0,65.6056141259342
2015,Media & Film Studies,73,,,Derby,45.1,78.3582089552238,77.0,7.0,18.8,25.0,1.0,282.0,68.5258964143426
2015,Media & Film Studies,37,,,East London,60.6,82.7499999999999,86.1386138613861,10.0,23.6,27.0,3.0,239.0,83.6978131212723
2015,Media & Film Studies,70,,,Edge Hill,47.0,86.0696517412935,77.0,3.0,17.3999999999999,28.0,2.0,292.0,71.1729622266401
2015,Media & Film Studies,17,,,Edinburgh Napier,68.0999999999999,85.25,85.0,3.0,19.8999999999999,,10.0,357.0,65.6686626746507
2015,Media & Film Studies,5,,,Exeter,80.9,95.5,88.0,6.0,19.6,,,435.0,86.5731462925851
2015,Media & Film Studies,29,,,Falmouth,63.2,87.4055415617128,88.8888888888889,9.0,23.1,49.0,3.0,256.0,77.5757575757575
2015,Media & Film Studies,20,,,Gloucestershire,67.3,90.25,92.9292929292929,4.0,22.4,41.0,10.0,290.0,81.563126252505
2015,Media & Film Studies,35,,,Glyndwr,61.5,77.9745920218024,73.9825010670081,3.0,15.8,54.0,6.0,270.0,74.8954400359231
2015,Media & Film Studies,16,,,Goldsmiths,68.2,91.5211970074813,83.0,5.0,17.1,37.0,8.0,383.0,59.6385542168674
2015,Media & Film Studies,61,,,Greenwich,52.8,80.4495249086626,82.931129476584,4.0,24.1,33.0,7.0,287.0,70.1249722101063
2015,Media & Film Studies,38,,,Huddersfield,60.1,87.6574307304785,90.0,3.0,24.0,56.9999999999999,5.0,304.0,78.5571142284569
2015,Media & Film Studies,57,,,Keele,54.2,87.5,86.0,2.0,31.1,,,349.0,70.1999999999999
2015,Media & Film Studies,1,,,King's College London,100.0,94.0,87.8787878787878,8.0,11.3,,9.0,459.0,81.4
2015,Media & Film Studies,60,,,Kingston,52.9,77.75,67.6767676767676,8.0,16.0,41.0,3.0,278.0,62.8514056224899
2015,Media & Film Studies,3,,,Leeds,85.3,92.0595533498759,87.1287128712871,8.0,14.3,70.0,7.0,393.0,83.0
2015,Media & Film Studies,78,,,Leeds Met,31.6,60.1503759398496,54.0,3.0,27.2,38.0,5.0,247.0,49.500998003992
2015,Media & Film Studies,72,,,Leeds Trinity,46.4,87.6884422110552,84.0,2.0,19.8,36.0,2.0,263.0,81.726907630522
2015,Media & Film Studies,7,,,Leicester,78.3,90.2743142144638,85.0,9.0,18.5,56.0,9.0,376.0,71.1422845691382
2015,Media & Film Studies,17,,,Lincoln,68.0999999999999,78.1094527363184,74.2574257425742,5.0,15.6,67.0,6.0,349.0,69.7394789579158
2015,Media & Film Studies,15,,,Liverpool,68.3,86.2155388471177,83.0,5.0,14.1,,4.0,406.0,67.4698795180722
2015,Media & Film Studies,67,,,Liverpool John Moores,50.7,69.5613541242268,61.4729064039408,6.0,18.3999999999999,41.0,4.0,319.0,66.2684483250248
2015,Media & Film Studies,63,,,London Met,52.5,79.6992481203007,81.0,3.0,19.3,43.0,4.0,242.0,78.6
2015,Media & Film Studies,79,,,London South Bank,30.1,82.7067669172932,81.0,2.0,35.5,,2.0,236.0,69.5390781563126
2015,Media & Film Studies,8,,,Loughborough,77.5999999999999,80.5980479319675,82.8749028749028,6.0,12.6,80.0,4.0,367.0,73.7099334839066
2015,Media & Film Studies,51,,,Manchester Met,55.1,78.1625310173697,73.1240694789081,3.0,17.6,37.0,7.0,332.0,67.7336810250466
2015,Media & Film Studies,74,,,Middlesex,44.3,79.25,64.9999999999999,5.0,27.8,44.0,4.0,282.0,65.3999999999999
2015,Media & Film Studies,6,,,Newcastle,80.0999999999999,88.9447236180904,90.09900990099,6.0,,54.0,8.0,438.0,81.5261044176706
2015,Media & Film Studies,64,,,Northampton,52.0,86.0,81.1881188118811,8.0,18.8,41.0,1.0,245.0,78.8423153692614
2015,Media & Film Studies,53,,,Northumbria,54.7,83.6489002388994,78.9799635701274,4.0,26.9,42.0,5.0,353.0,73.1892019240207
2015,Media & Film Studies,55,,,Nottingham Trent,54.3,83.25,87.8787878787878,6.0,23.8,31.0,5.0,293.0,74.29718875502
2015,Media & Film Studies,10,,,Oxford Brookes,73.9,94.5,90.09900990099,7.0,,55.0,7.0,329.0,82.6
2015,Media & Film Studies,36,,,Portsmouth,60.7,90.547263681592,89.108910891089,6.0,21.7,46.0,6.0,275.0,74.3027888446215
2015,Media & Film Studies,65,,,Queen Margaret,51.9,88.7780548628429,91.0,2.0,30.1,,6.0,334.0,67.5350701402805
2015,Media & Film Studies,58,,,"Queen's, Belfast",54.1,81.0945273631841,54.0,8.0,13.1,18.0,6.0,364.0,43.9121756487026
2015,Media & Film Studies,46,,,Ravensbourne,57.2,84.0,80.0,4.0,37.2999999999999,67.0,8.0,268.0,71.2
2015,Media & Film Studies,48,,,Robert Gordon,56.1,82.0,88.0,3.0,18.7,,4.0,335.0,68.6
2015,Media & Film Studies,49,,,Roehampton,55.6,78.25,70.0,4.0,15.9,,,256.0,67.3346693386773
2015,Media & Film Studies,19,,,Royal Holloway,67.5999999999999,87.9999999999999,86.8686868686868,6.0,15.3,,4.0,390.0,65.4690618762475
2015,Media & Film Studies,69,,,Salford,47.4,81.2030075187969,69.6969696969696,5.0,26.8,37.0,6.0,347.0,48.1113320079522
2015,Media & Film Studies,54,,,Sheffield Hallam,54.4,78.25,73.0,6.0,19.1,34.0,7.0,288.0,68.9108910891089
2015,Media & Film Studies,71,,,South Wales,46.7,78.3042394014962,61.0,3.0,21.4,35.0,4.0,315.0,66.4670658682634
2015,Media & Film Studies,9,,,Southampton,75.0,90.9774436090225,90.0,5.0,16.1,,7.0,399.0,69.5999999999999
2015,Media & Film Studies,31,,,Southampton Solent,62.7,78.6432160804019,72.0,4.0,14.3,45.0,8.0,361.0,63.1474103585657
2015,Media & Film Studies,77,,,"St Mary's UC, Twickenham",37.1,82.5,74.7474747474747,4.0,33.2999999999999,42.0,1.0,270.0,58.8
2015,Media & Film Studies,59,,,Staffordshire,53.8,85.0,88.0,7.0,18.8999999999999,43.0,3.0,230.0,66.3326653306613
2015,Media & Film Studies,33,,,Stirling,61.7,86.0349127182044,77.0,3.0,23.4,50.0,7.0,416.0,57.5150300601202
2015,Media & Film Studies,40,,,Sunderland,59.0,77.75,71.7171717171717,6.0,16.3999999999999,38.0,8.0,307.0,62.3246492985971
2015,Media & Film Studies,14,,,Sussex,68.4,88.9724310776942,88.9999999999999,9.0,20.5,42.0,3.0,382.0,73.1075697211155
2015,Media & Film Studies,26,,,Swansea,64.0,74.8743718592964,72.2772277227722,9.0,23.0,62.0,6.0,345.0,64.2714570858283
2015,Media & Film Studies,47,,,Teesside,56.8,88.4999999999999,86.0,4.0,23.7,42.0,,241.0,81.8
2015,Media & Film Studies,11,,,UEA,73.4,96.5,92.0,3.0,13.3,52.0,5.0,423.0,75.2988047808764
2015,Media & Film Studies,55,,,Ulster,54.3,86.2454728232422,77.3065712426805,3.0,16.8999999999999,31.0,5.0,296.0,70.1356797391256
2015,Media & Film Studies,50,,,University of the Arts London,55.4,76.0598503740648,71.0,10.0,27.6,,8.0,247.0,53.692614770459
2015,Media & Film Studies,22,,,UWE Bristol,66.0,89.9749373433583,89.8989898989899,7.0,21.2,43.0,7.0,339.0,73.4530938123752
2015,Media & Film Studies,2,,,Warwick,95.6,97.2431077694235,92.0,10.0,13.1,,,469.0,86.0
2015,Media & Film Studies,45,,,West London,57.3,80.2005012531328,70.0,6.0,19.2,65.0,,197.0,69.6787148594377
2015,Media & Film Studies,13,,,Westminster,70.0,80.5486284289276,80.1980198019802,9.0,20.1,56.0,8.0,349.0,62.027833001988
2015,Media & Film Studies,66,,,Winchester,51.5,88.7218045112781,83.0,2.0,18.5,41.0,3.0,307.0,69.1382765531062
2015,Media & Film Studies,75,,,Worcester,43.4,78.3919597989949,68.0,2.0,28.8,41.0,6.0,273.0,68.3999999999999
2015,Media & Film Studies,23,,,York St John,65.5999999999999,94.5273631840796,91.0,4.0,16.7,41.0,8.0,292.0,73.9043824701195
2013,"Media studies, communications and librarianship",40,21.0,19.0,Aberystwyth,47.5,86.9346733668342,81.0,7.0,23.2,,3.0,289.0,76.7535070140281
2014,"Media studies, communications and librarianship",29,40.0,-11.0,Aberystwyth,58.6,,,7.0,21.0,,4.0,294.0,
2013,"Media studies, communications and librarianship",22,49.0,-27.0,Anglia Ruskin,57.8,90.1253377416922,82.5174419290853,10.0,14.8,28.0,7.0,233.0,73.8664338067596
2014,"Media studies, communications and librarianship",23,22.0,1.0,Anglia Ruskin,64.1,87.8250629722922,83.5128712871287,10.0,15.4,44.0,5.0,237.0,76.5297211155378
2013,"Media studies, communications and librarianship",30,40.0,-10.0,"Arts UC, Bournemouth",52.2,79.2117866804602,78.4233294297172,5.0,22.4,60.0,5.0,325.0,65.4237029248041
2014,"Media studies, communications and librarianship",20,,,Arts University Bournemouth,65.6,88.895030560526,88.4626865671642,5.0,22.8,65.0,4.0,322.0,77.347085507745
2013,"Media studies, communications and librarianship",59,58.0,1.0,Bangor,37.0,86.4898573803459,70.0497771379572,4.0,21.7,36.0,2.0,256.0,75.9993682143738
2014,"Media studies, communications and librarianship",51,59.0,-8.0,Bangor,51.0,83.1067482617891,69.4355387177871,5.0,16.9,48.0,2.0,301.0,67.7207395165844
2013,"Media studies, communications and librarianship",52,70.0,-18.0,Bath Spa,40.0,91.7114900426088,87.1611167702457,2.0,26.1,35.0,6.0,288.0,75.110564172179
2014,"Media studies, communications and librarianship",28,52.0,-24.0,Bath Spa,59.4,88.8575816035083,85.3650421756409,2.0,20.7,40.0,9.0,317.0,81.3265863320067
2013,"Media studies, communications and librarianship",77,33.0,44.0,Bedfordshire,29.6,60.6775540619389,45.7657986904218,7.0,18.8,37.0,4.0,204.0,60.0101370941114
2014,"Media studies, communications and librarianship",68,77.0,-9.0,Bedfordshire,46.4,75.5005054651868,68.1594803315948,7.0,22.5,35.0,9.0,206.0,67.7510182128689
2013,"Media studies, communications and librarianship",15,7.0,8.0,Birmingham,63.0,77.4763726372637,55.4455445544554,9.0,23.4,60.0,8.0,,69.833678803565
2014,"Media studies, communications and librarianship",8,15.0,-7.0,Birmingham,75.9,94.0,85.8585858585858,10.0,22.1,61.0,7.0,,75.4527162977867
2013,"Media studies, communications and librarianship",8,12.0,-4.0,Birmingham City,68.5,90.4545454545455,93.0,8.0,20.9,61.0,9.0,319.0,66.9414141414141
2014,"Media studies, communications and librarianship",11,8.0,3.0,Birmingham City,74.9,87.0646766169154,85.8585858585858,9.0,20.8,63.0,9.0,335.0,74.3486973947896
2013,"Media studies, communications and librarianship",32,26.0,6.0,Bournemouth,51.8,73.9814967375956,63.8810072118323,9.0,23.6,54.0,6.0,366.0,54.4341282031983
2014,"Media studies, communications and librarianship",34,32.0,2.0,Bournemouth,57.7,75.0226604365978,66.5570201851232,8.0,26.1,60.0,7.0,384.0,56.2347767400344
2013,"Media studies, communications and librarianship",44,53.0,-9.0,Bradford,44.2,65.4362305042777,50.5740626253041,8.0,20.6,,8.0,236.0,55.1936978610086
2014,"Media studies, communications and librarianship",54,44.0,10.0,Bradford,50.6,79.3509770853333,77.5163163296195,9.0,28.8,,3.0,287.0,71.7711111166372
2013,"Media studies, communications and librarianship",36,,,Brighton,49.4,87.5590059005901,85.0,3.0,20.7,40.0,6.0,289.0,78.0693069306931
2014,"Media studies, communications and librarianship",70,36.0,34.0,Brighton,44.9,85.1385390428212,88.0,3.0,30.9,54.0,2.0,310.0,73.3466933867736
2013,"Media studies, communications and librarianship",62,81.0,-19.0,Brunel,36.8,84.5747032267802,82.0786305242202,4.0,28.3,36.0,2.0,329.0,67.6089978808194
2014,"Media studies, communications and librarianship",65,62.0,3.0,Brunel,48.2,81.1232612912164,71.9047512158623,6.0,25.6,41.0,4.0,334.0,66.5518764171275
2013,"Media studies, communications and librarianship",79,71.0,8.0,Bucks New University,28.8,69.3988273827383,59.7227722772277,4.0,27.9,,7.0,239.0,55.0188118811881
2014,"Media studies, communications and librarianship",87,79.0,8.0,Bucks New University,35.6,70.7212664788669,68.6684233640755,4.0,25.5,44.0,2.0,251.0,63.0207714326841
2013,"Media studies, communications and librarianship",69,77.0,-8.0,Canterbury Christ Church,34.7,82.1439705831018,77.5344827586207,2.0,21.9,30.0,6.0,258.0,63.0168939124581
2014,"Media studies, communications and librarianship",60,69.0,-9.0,Canterbury Christ Church,49.5,87.0513292697786,76.413874191652,3.0,22.7,41.0,6.0,276.0,73.0611943759354
2013,"Media studies, communications and librarianship",16,22.0,-6.0,Cardiff,62.4,90.0861652408354,79.4108761329305,7.0,22.2,57.0,8.0,429.0,54.2505411946734
2014,"Media studies, communications and librarianship",14,16.0,-2.0,Cardiff,69.2,91.6473178871616,86.8048218105944,8.0,19.3,51.0,7.0,406.0,66.336731738142
2013,"Media studies, communications and librarianship",34,29.0,5.0,Central Lancashire,49.7,80.8275929632588,82.2675717503996,5.0,19.0,60.0,4.0,316.0,62.6164691992333
2014,"Media studies, communications and librarianship",43,34.0,9.0,Central Lancashire,54.6,81.3426205221896,80.1749443630245,6.0,22.2,56.0,5.0,296.0,67.4451104966066
2013,"Media studies, communications and librarianship",48,57.0,-9.0,Chester,43.5,78.5863560768454,67.3413546353148,5.0,13.2,50.0,2.0,257.0,64.6167478031445
2014,"Media studies, communications and librarianship",64,48.0,16.0,Chester,48.3,79.0089525582376,67.7454138338151,5.0,14.9,53.0,2.0,275.0,68.2091855327231
2013,"Media studies, communications and librarianship",86,56.0,30.0,Chichester,23.9,83.8366336633663,79.0,2.0,29.7,25.0,2.0,256.0,72.819572135785
2014,"Media studies, communications and librarianship",77,86.0,-9.0,Chichester,41.4,92.2693266832918,87.0,2.0,32.9,24.0,5.0,263.0,79.9196787148594
2013,"Media studies, communications and librarianship",39,22.0,17.0,City,48.8,67.0086274679284,53.9256262996055,9.0,16.1,,7.0,379.0,31.5695578260775
2014,"Media studies, communications and librarianship",26,39.0,-13.0,City,62.8,69.6458421954704,71.0032722807231,10.0,16.5,,7.0,448.0,40.5623029812343
2013,"Media studies, communications and librarianship",38,51.0,-13.0,Coventry,49.0,83.9615875177142,76.490072625353,4.0,18.5,49.0,7.0,278.0,65.0126615718595
2014,"Media studies, communications and librarianship",16,38.0,-22.0,Coventry,68.5,88.0976625388871,87.2114488821145,5.0,18.9,70.0,9.0,285.0,74.9730520725032
2014,"Media studies, communications and librarianship",69,9.0,60.0,Cumbria,46.3,85.5361596009975,92.0,2.0,,,4.0,220.0,81.6367265469062
2013,"Media studies, communications and librarianship",63,47.0,16.0,De Montfort,36.7,79.884443021767,75.5394226746618,3.0,20.4,39.0,3.0,282.0,62.6394517198199
2014,"Media studies, communications and librarianship",56,63.0,-7.0,De Montfort,50.2,79.6048987627512,78.5530540514866,4.0,12.6,41.0,4.0,294.0,66.0509309967141
2013,"Media studies, communications and librarianship",64,82.0,-18.0,Derby,36.6,86.5618681422179,81.0,5.0,18.3,23.0,2.0,262.0,71.4705453058358
2014,"Media studies, communications and librarianship",88,64.0,24.0,Derby,34.5,67.3648874058713,56.6869883463354,6.0,22.8,23.0,6.0,267.0,61.7886396422789
2013,"Media studies, communications and librarianship",80,72.0,8.0,East London,28.5,77.8698422759877,77.4054649054649,5.0,25.8,26.0,5.0,189.0,67.0199328551089
2014,"Media studies, communications and librarianship",81,80.0,1.0,East London,37.1,70.939213008461,65.5622574188942,3.0,20.9,35.0,6.0,231.0,54.9381428601627
2013,"Media studies, communications and librarianship",67,83.0,-16.0,Edge Hill,35.2,79.235035274509,69.9465494202336,2.0,16.5,26.0,5.0,256.0,68.9094920851757
2014,"Media studies, communications and librarianship",74,67.0,7.0,Edge Hill,41.8,77.6933146720018,73.9299065420561,3.0,16.2,32.0,2.0,297.0,65.5913122526001
2013,"Media studies, communications and librarianship",21,39.0,-18.0,Edinburgh Napier,58.1,77.8566629118002,79.7020857275348,4.0,16.4,62.0,9.0,338.0,52.6087182433453
2014,"Media studies, communications and librarianship",39,21.0,18.0,Edinburgh Napier,56.0,77.4871598486214,66.9707680805925,4.0,32.5,68.0,10.0,353.0,59.0818959519644
2013,"Media studies, communications and librarianship",8,,,Exeter,68.5,98.25,88.0,4.0,21.1,,,450.0,75.458925390447
2014,"Media studies, communications and librarianship",10,8.0,2.0,Exeter,75.6,96.5,88.0,6.0,21.0,,4.0,463.0,81.0379241516966
2014,"Media studies, communications and librarianship",52,,,Falmouth,50.9,75.4804429373217,64.9585376999238,8.0,22.6,54.0,3.0,284.0,64.4867626977121
2013,"Media studies, communications and librarianship",76,73.0,3.0,Glamorgan,30.1,69.2267338758071,51.0251360459275,4.0,17.6,30.0,3.0,303.0,62.4305206548571
2013,"Media studies, communications and librarianship",25,36.0,-11.0,Gloucestershire,54.9,87.0330338721076,81.1265259227344,4.0,22.5,39.0,9.0,292.0,76.5390570752054
2014,"Media studies, communications and librarianship",33,25.0,8.0,Gloucestershire,58.1,77.6830707539696,68.533251555244,5.0,19.1,51.0,9.0,295.0,65.2072991275226
2013,"Media studies, communications and librarianship",68,67.0,1.0,Glyndwr,35.0,88.6329249946271,87.3829787234043,3.0,32.3,,,205.0,88.5190199871051
2014,"Media studies, communications and librarianship",84,68.0,16.0,Glyndwr,36.3,73.5978528573016,67.3267326732673,3.0,30.6,,,203.0,75.9426650826413
2013,"Media studies, communications and librarianship",36,35.0,1.0,Goldsmiths,49.4,79.5658315831583,73.2673267326733,4.0,30.4,51.0,10.0,372.0,52.435434857045
2014,"Media studies, communications and librarianship",24,36.0,-12.0,Goldsmiths,63.6,85.25,78.0,4.0,,66.0,9.0,405.0,60.8
2013,"Media studies, communications and librarianship",42,59.0,-17.0,Greenwich,45.0,86.4147076714148,81.5685411678423,4.0,28.2,40.0,,250.0,77.2294089975446
2014,"Media studies, communications and librarianship",82,42.0,40.0,Greenwich,36.8,77.246602512263,74.9251061469783,5.0,37.0,30.0,5.0,286.0,66.6524809851503
2013,"Media studies, communications and librarianship",28,38.0,-10.0,Hertfordshire,53.2,78.9983931219598,83.0062611806798,3.0,16.8,,9.0,301.0,61.294205936796
2014,"Media studies, communications and librarianship",41,28.0,13.0,Hertfordshire,55.0,74.0,92.0,3.0,16.6,41.0,9.0,308.0,66.4
2013,"Media studies, communications and librarianship",65,68.0,-3.0,Huddersfield,36.4,75.8258628842848,73.2267894648798,4.0,23.4,58.0,1.0,302.0,62.2515221303361
2014,"Media studies, communications and librarianship",63,65.0,-2.0,Huddersfield,48.8,76.7827864577459,70.045278192426,4.0,22.4,61.0,2.0,302.0,78.9507695232547
2013,"Media studies, communications and librarianship",29,18.0,11.0,Hull,52.5,95.25,91.9191919191919,3.0,18.2,,5.0,306.0,75.0217821782178
2014,"Media studies, communications and librarianship",49,29.0,20.0,Hull,53.5,88.4711779448622,77.2277227722772,3.0,19.6,,3.0,312.0,76.753507014028
2013,"Media studies, communications and librarianship",18,18.0,0.0,Keele,61.0,91.279702970297,88.8888888888889,4.0,19.9,,9.0,326.0,69.4
2014,"Media studies, communications and librarianship",30,18.0,12.0,Keele,58.5,91.7910447761194,88.1188118811881,4.0,28.8,,8.0,342.0,75.3479125248509
2014,"Media studies, communications and librarianship",5,,,Kent,82.7,92.2110552763819,87.8787878787879,10.0,12.2,,,383.0,72.5450901803607
2013,"Media studies, communications and librarianship",1,1.0,0.0,King's College London,100.0,96.2648514851485,94.0,9.0,8.6,,8.0,431.0,88.8966026014366
2014,"Media studies, communications and librarianship",2,1.0,1.0,King's College London,95.2,97.2568578553616,92.0792079207921,8.0,10.4,,9.0,439.0,86.4271457085828
2013,"Media studies, communications and librarianship",47,46.0,1.0,Kingston,43.6,78.8726543343873,86.0,3.0,22.2,44.0,8.0,288.0,60.962501377265
2014,"Media studies, communications and librarianship",48,47.0,1.0,Kingston,54.1,84.8351637470068,84.5192466170622,3.0,22.3,53.0,4.0,318.0,72.1673844109128
2013,"Media studies, communications and librarianship",7,11.0,-4.0,Lancaster,69.2,92.5,92.0,8.0,14.9,62.0,5.0,336.0,75.9346534653465
2014,"Media studies, communications and librarianship",15,7.0,8.0,Lancaster,68.6,90.5,96.0,5.0,10.6,,2.0,366.0,79.6
2013,"Media studies, communications and librarianship",54,30.0,24.0,Leeds,39.0,47.6574744316537,35.2933819697759,6.0,23.6,71.0,7.0,385.0,43.7937054758107
2014,"Media studies, communications and librarianship",17,54.0,-37.0,Leeds,66.4,81.9765018401025,69.5541266613309,8.0,20.9,62.0,7.0,401.0,70.3665070993112
2013,"Media studies, communications and librarianship",66,43.0,23.0,Leeds Met,36.0,75.5270076476984,67.425,4.0,20.3,40.0,7.0,270.0,54.2385448544854
2014,"Media studies, communications and librarianship",50,66.0,-16.0,Leeds Met,51.6,91.048425027326,90.4457247486863,3.0,35.7,58.0,7.0,277.0,80.8306491439436
2014,"Media studies, communications and librarianship",80,,,Leeds Trinity,39.0,84.752018869793,82.4873646209386,2.0,21.7,43.0,1.0,275.0,72.2996965207761
2013,"Media studies, communications and librarianship",87,76.0,11.0,Leeds Trinity University College,23.5,81.4314895125876,76.3492349234924,2.0,23.0,46.0,1.0,268.0,67.4229147278364
2013,"Media studies, communications and librarianship",13,41.0,-28.0,Leicester,65.9,84.517492754778,87.0,8.0,21.6,,9.0,366.0,72.9070087278952
2014,"Media studies, communications and librarianship",9,13.0,-4.0,Leicester,75.7,91.75,96.0,8.0,18.7,,7.0,394.0,80.6387225548902
2013,"Media studies, communications and librarianship",17,27.0,-10.0,Lincoln,62.3,75.7550852982067,76.8073075250109,6.0,15.8,67.0,7.0,347.0,62.93798397804
2014,"Media studies, communications and librarianship",18,17.0,1.0,Lincoln,66.2,80.5239217224274,84.9583333333333,5.0,17.1,68.0,8.0,331.0,67.5451646586345
2013,"Media studies, communications and librarianship",46,44.0,2.0,Liverpool John Moores,43.9,82.0108549833478,79.690385167549,8.0,16.9,37.0,2.0,295.0,58.5855860986581
2014,"Media studies, communications and librarianship",40,46.0,-6.0,Liverpool John Moores,55.6,77.3454471260699,72.8389280788544,7.0,16.2,41.0,6.0,316.0,67.9086024477005
2013,"Media studies, communications and librarianship",81,74.0,7.0,London Met,27.6,71.7552418600136,69.9866047714728,3.0,20.2,36.0,5.0,238.0,49.5883275509957
2014,"Media studies, communications and librarianship",86,81.0,5.0,London Met,35.9,77.6211075634291,79.8082191780822,3.0,25.5,40.0,4.0,222.0,59.3514971707023
2013,"Media studies, communications and librarianship",83,48.0,35.0,London South Bank,27.4,79.3253182461103,69.5473785473785,5.0,,26.0,1.0,204.0,66.998585572843
2014,"Media studies, communications and librarianship",90,83.0,7.0,London South Bank,27.8,78.4729390808692,79.2150072150072,3.0,44.6,26.0,,255.0,73.2014371030729
2013,"Media studies, communications and librarianship",14,15.0,-1.0,Loughborough,65.4,81.5655887859051,89.5576500537063,6.0,14.0,62.0,5.0,372.0,69.8721651665237
2014,"Media studies, communications and librarianship",12,14.0,-2.0,Loughborough,73.0,85.349636692581,81.1079179671003,5.0,12.0,66.0,7.0,379.0,78.0193298890318
2013,"Media studies, communications and librarianship",72,61.0,11.0,Manchester Met,32.1,77.935634763565,57.949462899958,4.0,19.2,23.0,4.0,281.0,65.824921024921
2014,"Media studies, communications and librarianship",61,72.0,-11.0,Manchester Met,49.1,83.8946766352086,71.8689332347869,4.0,19.1,32.0,5.0,309.0,73.8260162601626
2013,"Media studies, communications and librarianship",50,45.0,5.0,Middlesex,40.8,77.6655657627618,69.2794784303172,8.0,19.5,45.0,3.0,224.0,69.7145526368525
2014,"Media studies, communications and librarianship",76,50.0,26.0,Middlesex,41.5,72.1574450170766,60.8391686509989,7.0,23.7,49.0,2.0,262.0,67.5230807008349
2013,"Media studies, communications and librarianship",3,4.0,-1.0,Newcastle,86.9,91.7705735660848,90.0990099009901,10.0,15.3,72.0,8.0,404.0,75.4980079681275
2014,"Media studies, communications and librarianship",1,3.0,-2.0,Newcastle,100.0,100.0,100.0,10.0,13.6,64.0,10.0,399.0,92.2
2013,"Media studies, communications and librarianship",81,66.0,15.0,Northampton,27.6,54.2757953363632,45.6037570122886,8.0,23.0,29.0,6.0,232.0,58.4678497049773
2014,"Media studies, communications and librarianship",66,81.0,-15.0,Northampton,46.5,84.2967059729257,88.9553709139758,6.0,25.0,38.0,3.0,281.0,71.3592912567869
2013,"Media studies, communications and librarianship",34,31.0,3.0,Northumbria,49.7,79.1638763876388,70.2,7.0,25.7,40.0,9.0,317.0,69.5552115211521
2014,"Media studies, communications and librarianship",55,34.0,21.0,Northumbria,50.4,81.301652892562,74.3827182718272,6.0,30.5,38.0,7.0,324.0,78.1800471783705
2013,"Media studies, communications and librarianship",23,14.0,9.0,Nottingham Trent,56.7,,,7.0,17.0,50.0,3.0,317.0,
2014,"Media studies, communications and librarianship",43,23.0,20.0,Nottingham Trent,54.6,80.0358466615892,84.8729119065753,5.0,21.6,46.0,5.0,337.0,71.8779037695372
2013,"Media studies, communications and librarianship",56,32.0,24.0,Oxford Brookes,38.9,77.2412241224122,73.0,5.0,,36.0,4.0,317.0,58.8
2014,"Media studies, communications and librarianship",27,56.0,-29.0,Oxford Brookes,61.4,90.7730673316708,85.1485148514852,5.0,,,7.0,331.0,80.5220883534136
2013,"Media studies, communications and librarianship",57,63.0,-6.0,Portsmouth,37.7,83.1137669771596,79.2449408913178,4.0,22.6,44.0,2.0,278.0,62.6482542312598
2014,"Media studies, communications and librarianship",53,57.0,-4.0,Portsmouth,50.8,86.9847031371532,84.7833798158141,7.0,23.0,38.0,4.0,295.0,68.6552568052912
2013,"Media studies, communications and librarianship",49,65.0,-16.0,Queen Margaret,42.9,87.9056793129491,85.955657104172,2.0,,30.0,6.0,324.0,75.6490601730038
2014,"Media studies, communications and librarianship",66,49.0,17.0,Queen Margaret,46.5,82.7058823529412,83.9159663865546,3.0,25.6,49.0,3.0,346.0,62.3650623885918
2013,"Media studies, communications and librarianship",6,6.0,0.0,Queen Mary,70.3,83.3575850672625,75.6601724688598,10.0,17.5,,7.0,366.0,68.1443847610568
2014,"Media studies, communications and librarianship",6,6.0,0.0,Queen Mary,80.6,93.5,90.0,10.0,13.7,64.0,6.0,397.0,71.8253968253968
2013,"Media studies, communications and librarianship",24,28.0,-4.0,"Queen's, Belfast",55.5,87.5618811881188,83.0,7.0,14.6,,5.0,353.0,56.2
2014,"Media studies, communications and librarianship",21,24.0,-3.0,"Queen's, Belfast",65.4,90.4761904761905,77.0,9.0,15.2,,6.0,354.0,62.9778672032193
2013,"Media studies, communications and librarianship",84,,,Ravensbourne,24.6,78.029702970297,70.2970297029703,2.0,32.6,,6.0,261.0,65.049504950495
2014,"Media studies, communications and librarianship",74,84.0,-10.0,Ravensbourne,41.8,76.6838118811881,66.58,3.0,34.0,56.0,7.0,258.0,64.5396681785534
2013,"Media studies, communications and librarianship",4,25.0,-21.0,Robert Gordon,76.9,88.0132731296386,89.4482029598308,7.0,14.9,70.0,9.0,353.0,72.5544745172192
2014,"Media studies, communications and librarianship",37,4.0,33.0,Robert Gordon,56.3,87.0409154606948,85.142174432497,4.0,29.6,58.0,7.0,343.0,71.2856712739272
2013,"Media studies, communications and librarianship",73,64.0,9.0,Roehampton,31.8,68.2843310169877,61.756880733945,3.0,13.8,29.0,4.0,261.0,60.5097185669247
2014,"Media studies, communications and librarianship",62,73.0,-11.0,Roehampton,49.0,80.4894222071461,69.0636363636364,3.0,14.1,40.0,4.0,295.0,70.4844153262245
2013,"Media studies, communications and librarianship",12,10.0,2.0,Royal Holloway,67.0,87.1317429361984,86.0,8.0,15.2,45.0,6.0,392.0,74.8130569766934
2014,"Media studies, communications and librarianship",13,12.0,1.0,Royal Holloway,71.8,88.3319897116972,85.6598368808435,8.0,15.0,49.0,7.0,391.0,76.1772428884026
2013,"Media studies, communications and librarianship",58,78.0,-20.0,Salford,37.4,75.8009908846055,63.6624853034552,6.0,18.2,42.0,4.0,304.0,47.8714919482129
2014,"Media studies, communications and librarianship",72,58.0,14.0,Salford,42.3,68.7675784653316,63.7154849338085,4.0,15.9,41.0,3.0,332.0,52.2444405753486
2013,"Media studies, communications and librarianship",8,5.0,3.0,Sheffield,68.5,87.4933194932396,93.763440860215,5.0,23.2,67.0,7.0,385.0,76.5997197569219
2014,"Media studies, communications and librarianship",7,8.0,-1.0,Sheffield,76.0,87.0509425576831,87.3324710519832,7.0,23.9,76.0,8.0,400.0,76.8161866980116
2013,"Media studies, communications and librarianship",53,75.0,-22.0,Sheffield Hallam,39.6,71.9750928494782,62.2174068617934,5.0,22.9,33.0,8.0,306.0,59.8035287405225
2014,"Media studies, communications and librarianship",43,53.0,-10.0,Sheffield Hallam,54.6,80.4445839979773,80.5094313418053,6.0,21.3,38.0,8.0,302.0,70.5967151759024
2013,"Media studies, communications and librarianship",5,3.0,2.0,Southampton,71.8,86.0,86.0,10.0,6.5,,7.0,426.0,67.6
2014,"Media studies, communications and librarianship",4,5.0,-1.0,Southampton,89.2,97.0,96.0,9.0,7.6,52.0,8.0,429.0,85.7715430861723
2013,"Media studies, communications and librarianship",71,55.0,16.0,Southampton Solent,33.3,74.9471431563652,68.6992501056079,4.0,20.8,37.0,2.0,295.0,58.032737614038
2014,"Media studies, communications and librarianship",57,71.0,-14.0,Southampton Solent,50.0,81.7907543594737,77.6955952492285,4.0,16.1,37.0,4.0,307.0,66.4414921445813
2014,"Media studies, communications and librarianship",73,,,St Mark and St John,42.0,80.25,77.7777777777778,2.0,29.3,,6.0,230.0,77.0916334661355
2013,"Media studies, communications and librarianship",59,51.0,8.0,"St Mary's UC, Twickenham",37.0,85.5,89.0,4.0,23.4,,4.0,263.0,69.1746374637464
2014,"Media studies, communications and librarianship",82,59.0,23.0,"St Mary's UC, Twickenham",36.8,83.5,79.0,3.0,35.3,,4.0,299.0,63.0
2013,"Media studies, communications and librarianship",74,50.0,24.0,Staffordshire,31.7,76.7920539799473,70.0737666034156,3.0,22.7,48.0,2.0,260.0,58.6071091702984
2014,"Media studies, communications and librarianship",71,74.0,-3.0,Staffordshire,43.5,83.3141232462842,80.969448244414,3.0,24.0,40.0,3.0,267.0,69.201709364977
2013,"Media studies, communications and librarianship",31,15.0,16.0,Stirling,52.1,87.2890472815834,83.981400305102,3.0,26.3,42.0,8.0,382.0,68.7437373429174
2014,"Media studies, communications and librarianship",36,31.0,5.0,Stirling,57.0,84.694292870435,74.315408867508,4.0,24.0,42.0,7.0,405.0,73.4722827771756
2013,"Media studies, communications and librarianship",45,24.0,21.0,Sunderland,44.1,80.4332135621387,77.1639468150355,6.0,16.6,29.0,4.0,281.0,71.9004645998535
2014,"Media studies, communications and librarianship",43,45.0,-2.0,Sunderland,54.6,85.7675695947218,79.1347233122375,6.0,17.0,35.0,6.0,286.0,71.9433696145303
2013,"Media studies, communications and librarianship",33,54.0,-21.0,Surrey,51.4,83.75,81.8181818181818,3.0,17.3,58.0,3.0,353.0,71.574197419742
2014,"Media studies, communications and librarianship",35,33.0,2.0,Surrey,57.6,83.2917705735661,77.0,4.0,15.8,,1.0,388.0,72.5099601593625
2013,"Media studies, communications and librarianship",11,8.0,3.0,Sussex,67.1,90.729867482161,90.0990099009901,8.0,20.6,63.0,6.0,354.0,70.5513110608279
2014,"Media studies, communications and librarianship",22,11.0,11.0,Sussex,64.7,88.25,87.0,8.0,20.3,48.0,6.0,391.0,62.7254509018036
2013,"Media studies, communications and librarianship",75,62.0,13.0,Teesside,30.9,77.5,70.0,6.0,29.4,26.0,5.0,258.0,71.5144314431443
2014,"Media studies, communications and librarianship",42,75.0,-33.0,Teesside,54.9,88.9168765743073,83.0,5.0,28.8,36.0,9.0,271.0,75.751503006012
2013,"Media studies, communications and librarianship",78,69.0,9.0,Trinity Saint David,29.3,78.469696969697,62.0,3.0,28.4,,6.0,195.0,73.1009900990099
2014,"Media studies, communications and librarianship",78,78.0,0.0,Trinity Saint David,41.2,78.5536159600998,65.0,2.0,17.1,,7.0,,57.7689243027888
2013,"Media studies, communications and librarianship",54,37.0,17.0,UC Falmouth,39.0,69.3864208082046,57.116393072532,8.0,21.9,47.0,4.0,256.0,57.0921739189758
2013,"Media studies, communications and librarianship",20,13.0,7.0,UEA,58.8,93.0296464948681,87.8787878787879,5.0,20.5,49.0,5.0,368.0,77.0548839090956
2014,"Media studies, communications and librarianship",19,20.0,-1.0,UEA,65.9,90.7709595295177,92.929292929293,6.0,17.0,48.0,5.0,434.0,63.0023061483471
2013,"Media studies, communications and librarianship",41,42.0,-1.0,Ulster,45.1,81.7454525563857,80.4002896592852,4.0,19.7,44.0,7.0,278.0,64.08419429927
2014,"Media studies, communications and librarianship",58,41.0,17.0,Ulster,49.6,80.8474708942251,85.208599720394,4.0,20.0,40.0,4.0,286.0,71.2349370306384
2014,"Media studies, communications and librarianship",85,85.0,0.0,University for the Creative Arts,36.2,,,4.0,37.4,,4.0,274.0,
2013,"Media studies, communications and librarianship",25,,,University of the Arts London,54.9,70.3473942253784,48.4845684568457,10.0,18.1,54.0,7.0,290.0,58.5347574757476
2014,"Media studies, communications and librarianship",47,25.0,22.0,University of the Arts London,54.5,68.9408808161119,51.7266475833251,9.0,24.6,54.0,8.0,300.0,59.6825403784805
2013,"Media studies, communications and librarianship",27,17.0,10.0,UWE Bristol,53.3,85.0943899474693,80.6517719568567,6.0,19.8,46.0,6.0,299.0,72.12921427736
2014,"Media studies, communications and librarianship",32,27.0,5.0,UWE Bristol,58.2,89.4876676920837,83.7496888374969,4.0,20.9,46.0,8.0,327.0,71.5985401459854
2013,"Media studies, communications and librarianship",2,2.0,0.0,Warwick,93.4,96.9924242424243,93.9393939393939,8.0,11.7,,8.0,457.0,79.0547654765476
2014,"Media studies, communications and librarianship",3,2.0,1.0,Warwick,90.7,91.9799498746867,87.0,9.0,11.2,,8.0,485.0,73.5470941883768
2013,"Media studies, communications and librarianship",43,,,West London,44.6,69.1488645739574,63.6524752475248,10.0,15.6,41.0,2.0,232.0,59.6579562956296
2014,"Media studies, communications and librarianship",58,43.0,15.0,West London,49.6,69.5446903242956,62.6026576341845,10.0,17.5,48.0,3.0,227.0,58.1932711903249
2013,"Media studies, communications and librarianship",61,,,West of Scotland,36.9,76.5586034912718,83.8383838383838,4.0,23.3,,,271.0,60.0401606425703
2014,"Media studies, communications and librarianship",89,61.0,28.0,West of Scotland,29.8,76.4872512437811,74.8325082508251,4.0,23.8,34.0,1.0,286.0,56.2184660958552
2013,"Media studies, communications and librarianship",19,20.0,-1.0,Westminster,60.9,75.996123348797,76.360354446997,8.0,17.8,55.0,9.0,323.0,60.1370459067568
2014,"Media studies, communications and librarianship",25,19.0,6.0,Westminster,63.2,80.5041839523544,75.5140186915888,7.0,20.5,47.0,9.0,365.0,64.7402917985504
2013,"Media studies, communications and librarianship",70,79.0,-9.0,Winchester,33.9,81.6377365596338,74.1365313653137,2.0,20.2,33.0,5.0,294.0,56.091582368569
2014,"Media studies, communications and librarianship",38,70.0,-32.0,Winchester,56.2,89.7642389472357,89.3686563652051,2.0,18.4,41.0,8.0,311.0,70.9006136691172
2013,"Media studies, communications and librarianship",85,84.0,1.0,Worcester,24.5,81.0932016213503,78.1927342945514,2.0,41.9,45.0,5.0,267.0,71.520017311836
2014,"Media studies, communications and librarianship",79,85.0,-6.0,Worcester,39.1,85.3214764180974,84.2023158869847,3.0,33.3,35.0,4.0,268.0,72.3247688346776
2013,"Media studies, communications and librarianship",51,86.0,-35.0,York St John,40.3,88.5,81.0,4.0,28.6,34.0,3.0,276.0,81.6693069306931
2014,"Media studies, communications and librarianship",30,51.0,-21.0,York St John,58.5,96.4912280701754,94.0594059405941,4.0,16.6,35.0,5.0,274.0,84.4311377245509
2013,Medicine,9,17.0,-8.0,Aberdeen,64.2,94.8596576527954,97.6420454545454,4.0,8.4,99.0,5.0,533.0,68.4550494926408
2014,Medicine,12,9.0,3.0,Aberdeen,53.2,94.6473098342228,94.315395270097,3.0,8.2,99.0,8.0,535.0,68.532263006702
2015,Medicine,16,12.0,4.0,Aberdeen,59.4,94.5,94.059405940594,3.0,8.19999999999999,100.0,4.0,547.0,62.7254509018036
2013,Medicine,23,25.0,-2.0,Birmingham,41.7,86.7812100234414,84.1584158415842,3.0,9.2,100.0,5.0,534.0,35.1716766504237
2014,Medicine,21,23.0,-2.0,Birmingham,41.0,93.2330827067669,89.8989898989899,4.0,8.6,100.0,3.0,547.0,41.8837675350701
2015,Medicine,21,21.0,0.0,Birmingham,53.2,92.5558312655086,90.9999999999999,4.0,8.8,100.0,2.0,554.0,54.3999999999999
2013,Medicine,20,18.0,2.0,Brighton Sussex Medical School,43.8,95.4887218045113,94.059405940594,4.0,11.4,99.0,,469.0,54.0
2014,Medicine,23,20.0,3.0,Brighton Sussex Medical School,34.4,93.75,91.0,4.0,12.7,100.0,9.0,498.0,61.9238476953908
2015,Medicine,18,23.0,-5.0,Brighton Sussex Medical School,57.7,96.4912280701754,95.9595959595959,8.0,12.3,100.0,9.0,492.0,70.941883767535
2013,Medicine,26,28.0,-2.0,Bristol,37.3,89.9720222022202,81.1881188118812,5.0,11.5,100.0,6.0,508.0,38.4697101929038
2014,Medicine,30,26.0,4.0,Bristol,26.5,93.75,87.0,4.0,11.4,100.0,4.0,507.0,40.8817635270541
2015,Medicine,29,30.0,-1.0,Bristol,34.5,89.168765743073,83.8383838383838,3.0,11.8,100.0,6.0,515.0,46.8
2013,Medicine,1,2.0,-1.0,Cambridge,100.0,93.4616434616435,94.0,10.0,5.8,98.0,2.0,630.0,68.8640168364663
2014,Medicine,1,1.0,0.0,Cambridge,100.0,92.7318295739348,92.0,10.0,5.8,98.0,3.0,640.0,65.0602409638554
2015,Medicine,1,1.0,0.0,Cambridge,100.0,91.0,77.0,10.0,5.6,89.0,3.0,650.0,51.8
2013,Medicine,29,30.0,-1.0,Cardiff,34.5,81.479797979798,69.3069306930693,4.0,9.6,100.0,7.0,520.0,29.3072087517348
2014,Medicine,24,29.0,-5.0,Cardiff,34.2,84.7117794486216,86.1386138613861,4.0,9.8,100.0,5.0,544.0,43.6
2015,Medicine,22,24.0,-2.0,Cardiff,52.1,86.25,85.1485148514851,8.0,9.8,100.0,6.0,531.0,49.003984063745
2013,Medicine,5,4.0,1.0,Dundee,74.8,93.75,92.0,10.0,6.7,99.0,,535.0,52.0
2014,Medicine,5,5.0,0.0,Dundee,74.2,91.7705735660848,92.0792079207921,9.0,4.9,98.0,6.0,549.0,56.2
2015,Medicine,5,5.0,0.0,Dundee,73.8,94.4862155388471,94.059405940594,7.0,,100.0,6.0,547.0,55.2894211576846
2013,Medicine,3,3.0,0.0,Edinburgh,80.2,94.4820232023202,92.0,10.0,5.9,100.0,2.0,577.0,35.0461936584049
2014,Medicine,3,3.0,0.0,Edinburgh,80.4,94.4862155388471,96.0,10.0,6.5,99.0,2.0,585.0,43.0278884462151
2015,Medicine,7,3.0,4.0,Edinburgh,71.3,91.75,86.1386138613861,10.0,8.0,99.0,2.0,584.0,37.6753507014028
2014,Medicine,14,,,Exeter,50.6,92.2885572139304,91.0,5.0,10.0,97.0,7.0,539.0,63.2734530938124
2015,Medicine,8,14.0,-6.0,Exeter,67.7,92.3635473791418,93.612436509158,8.0,8.0,100.0,6.0,515.0,66.1811797880218
2013,Medicine,28,23.0,5.0,Glasgow,34.7,80.1235844227192,64.0,4.0,8.7,99.0,4.0,517.0,32.8874501693493
2014,Medicine,24,28.0,-4.0,Glasgow,34.2,85.9649122807017,84.0,4.0,8.9,99.0,3.0,511.0,54.2
2015,Medicine,17,24.0,-7.0,Glasgow,58.2,90.9999999999999,83.8383838383838,4.0,8.19999999999999,100.0,3.0,560.0,59.2814371257485
2013,Medicine,10,14.0,-4.0,Hull York Medical School,63.6,91.7293233082707,90.0,4.0,5.6,99.0,,514.0,55.7768924302789
2014,Medicine,20,10.0,10.0,Hull York Medical School,41.8,89.9749373433584,90.9090909090909,4.0,9.6,100.0,6.0,537.0,45.6913827655311
2015,Medicine,26,20.0,6.0,Hull York Medical School,44.0,91.7705735660847,88.0,5.0,9.0,98.0,4.0,510.0,47.5247524752475
2013,Medicine,11,6.0,5.0,Imperial College,62.3,91.4419191919192,92.9292929292929,6.0,7.3,100.0,1.0,556.0,49.174237578049
2014,Medicine,8,11.0,-3.0,Imperial College,57.5,89.2768079800499,83.1683168316832,7.0,7.5,99.0,4.0,567.0,47.0
2015,Medicine,14,8.0,6.0,Imperial College,62.1,86.5336658354114,82.1782178217821,7.0,7.7,99.0,3.0,584.0,46.9879518072289
2013,Medicine,24,29.0,-5.0,Keele,41.2,92.5247524752475,87.0,2.0,9.2,100.0,,464.0,56.5049504950495
2014,Medicine,10,24.0,-14.0,Keele,54.4,97.5,96.0,3.0,8.2,100.0,9.0,470.0,84.8
2015,Medicine,4,10.0,-6.0,Keele,78.2,97.5,97.0,3.0,6.9,100.0,7.0,534.0,91.0
2013,Medicine,16,11.0,5.0,King's College London,48.9,84.2953086517443,76.0,7.0,5.1,100.0,4.0,502.0,26.9790079969535
2014,Medicine,29,16.0,13.0,King's College London,29.5,78.9473684210526,57.0,6.0,5.4,99.0,3.0,530.0,17.9640718562874
2015,Medicine,28,29.0,-1.0,King's College London,36.4,78.1954887218045,56.9999999999999,4.0,6.3,99.0,7.0,526.0,25.2016129032258
2013,Medicine,14,13.0,1.0,Leeds,54.2,94.5065789473684,96.0396039603961,4.0,8.2,100.0,4.0,494.0,63.4405440544054
2014,Medicine,18,14.0,4.0,Leeds,45.9,95.2618453865337,95.049504950495,6.0,9.8,97.0,8.0,508.0,59.6
2015,Medicine,10,18.0,-8.0,Leeds,66.4,96.9849246231155,95.0,4.0,7.5,100.0,8.0,530.0,68.2730923694779
2013,Medicine,7,7.0,0.0,Leicester,64.4,93.0062761506276,95.0495049504951,5.0,6.2,100.0,6.0,505.0,57.3957395739574
2014,Medicine,9,7.0,2.0,Leicester,56.1,91.75,92.0792079207921,6.0,6.6,100.0,2.0,520.0,60.1593625498008
2015,Medicine,23,9.0,14.0,Leicester,51.6,90.7730673316708,89.0,5.0,7.4,99.0,2.0,528.0,47.0941883767535
2013,Medicine,25,27.0,-2.0,Liverpool,38.1,78.0290456431535,70.7070707070707,6.0,8.3,100.0,8.0,484.0,33.2475247524752
2014,Medicine,27,25.0,2.0,Liverpool,30.3,81.203007518797,75.0,6.0,8.7,99.0,4.0,494.0,43.0861723446894
2015,Medicine,31,27.0,4.0,Liverpool,29.4,75.25,78.9999999999999,5.0,8.6,100.0,3.0,488.0,43.4
2013,Medicine,19,15.0,4.0,Manchester,45.4,81.098143974177,69.0,8.0,8.6,100.0,9.0,500.0,38.9337189776246
2014,Medicine,17,19.0,-2.0,Manchester,46.0,82.5,71.0,9.0,8.3,100.0,8.0,538.0,40.6
2015,Medicine,20,17.0,3.0,Manchester,55.9,88.8059701492537,85.0,8.0,8.8,100.0,7.0,528.0,57.9158316633266
2013,Medicine,6,8.0,-2.0,Newcastle,65.2,95.0616385167928,94.1176470588236,5.0,7.9,100.0,7.0,528.0,62.4030437111848
2014,Medicine,7,6.0,1.0,Newcastle,62.4,96.75,95.959595959596,5.0,8.0,100.0,7.0,538.0,65.5378486055777
2015,Medicine,13,7.0,6.0,Newcastle,62.5,94.7368421052631,94.9494949494949,4.0,8.19999999999999,100.0,5.0,535.0,63.0738522954091
2013,Medicine,15,10.0,5.0,Nottingham,53.6,91.539603960396,89.0,3.0,6.7,100.0,8.0,517.0,42.8133952906492
2014,Medicine,13,15.0,-2.0,Nottingham,51.0,93.2668329177057,93.069306930693,4.0,7.0,100.0,6.0,530.0,55.8
2015,Medicine,11,13.0,-2.0,Nottingham,64.2,92.5,93.069306930693,4.0,6.7,100.0,7.0,543.0,64.8111332007952
2013,Medicine,2,1.0,1.0,Oxford,91.1,99.0018018018018,99.0,,7.8,99.0,2.0,611.0,86.4519880559484
2014,Medicine,2,2.0,0.0,Oxford,87.1,98.2587064676617,99.0,,8.6,90.0,3.0,620.0,85.3413654618474
2015,Medicine,2,2.0,0.0,Oxford,88.5,98.3211405142236,97.389791714351,,8.5,91.0,2.0,604.0,84.2030199157647
2013,Medicine,12,8.0,4.0,Peninsula Medical School,60.6,92.1381511549283,91.5302449785208,7.0,8.3,99.0,,500.0,60.9159951803912
2014,Medicine,6,,,Plymouth,65.7,94.4862155388471,94.949494949495,9.0,7.6,99.0,8.0,508.0,70.1402805611222
2015,Medicine,8,6.0,2.0,Plymouth,67.7,92.3635473791418,93.612436509158,8.0,8.0,100.0,6.0,515.0,66.1811797880218
2013,Medicine,7,18.0,-11.0,Queen Mary,64.4,92.9869736973698,94.0,6.0,8.6,100.0,9.0,496.0,65.9135805422889
2014,Medicine,11,7.0,4.0,Queen Mary,54.1,89.2230576441103,89.0,6.0,7.6,100.0,9.0,528.0,55.4
2015,Medicine,6,11.0,-5.0,Queen Mary,73.7,93.7027707808564,96.9696969696969,6.0,7.2,99.0,8.0,548.0,63.0
2013,Medicine,27,26.0,1.0,"Queen's, Belfast",34.8,86.3863636363636,75.2475247524753,3.0,9.9,100.0,,506.0,39.7071157583048
2014,Medicine,16,27.0,-11.0,"Queen's, Belfast",47.9,94.2355889724311,94.0,3.0,10.2,100.0,4.0,518.0,78.2435129740519
2015,Medicine,25,16.0,9.0,"Queen's, Belfast",44.3,92.964824120603,93.8775510204081,3.0,11.0,100.0,3.0,516.0,72.255489021956
2013,Medicine,18,15.0,3.0,Sheffield,45.8,91.5643564356436,92.0792079207921,3.0,9.0,100.0,2.0,509.0,59.7188118811881
2014,Medicine,28,18.0,10.0,Sheffield,30.2,87.3449131513648,89.1089108910891,3.0,9.0,100.0,4.0,501.0,55.1102204408818
2015,Medicine,24,28.0,-4.0,Sheffield,44.8,91.2935323383084,90.09900990099,3.0,9.6,100.0,3.0,526.0,61.1553784860557
2013,Medicine,22,21.0,1.0,Southampton,42.6,88.3094059405941,87.7551020408163,3.0,9.0,100.0,9.0,469.0,50.9369536953695
2014,Medicine,22,22.0,0.0,Southampton,36.4,94.5,91.0,3.0,8.8,99.0,1.0,502.0,58.2834331337325
2015,Medicine,19,22.0,-3.0,Southampton,57.2,91.2718204488778,85.0,4.0,6.2,100.0,7.0,503.0,63.4
2013,Medicine,16,22.0,-6.0,St Andrews,48.9,97.75,94.0,3.0,12.0,96.0,4.0,536.0,52.870073214218
2014,Medicine,15,16.0,-1.0,St Andrews,50.2,95.273631840796,99.0,3.0,12.2,89.0,9.0,546.0,75.4
2015,Medicine,12,15.0,-3.0,St Andrews,62.9,96.7661691542288,97.0,3.0,10.3,96.0,9.0,554.0,72.289156626506
2013,Medicine,30,20.0,10.0,St George's Medical School,27.2,88.75,84.0,5.0,14.9,99.0,7.0,459.0,48.7578836417673
2014,Medicine,31,,,"St George's, UoL",25.1,86.783042394015,69.3069306930693,6.0,10.0,100.0,7.0,493.0,42.4
2015,Medicine,30,31.0,-1.0,"St George's, UoL",31.7,81.360201511335,68.6868686868686,6.0,11.5,100.0,9.0,512.0,45.8
2013,Medicine,4,5.0,-1.0,UCL,75.9,93.2469945355192,95.959595959596,7.0,5.2,99.0,7.0,554.0,57.2223376658654
2014,Medicine,4,4.0,0.0,UCL,74.6,92.2305764411027,94.0,7.0,5.4,100.0,7.0,563.0,58.6826347305389
2015,Medicine,3,4.0,-1.0,UCL,81.9,92.964824120603,93.0,7.0,5.3,100.0,4.0,587.0,62.1513944223107
2013,Medicine,21,24.0,-3.0,UEA,42.7,88.75,80.1980198019802,3.0,7.8,100.0,,453.0,52.1878787878788
2014,Medicine,19,21.0,-2.0,UEA,43.7,91.044776119403,89.1089108910891,2.0,6.8,100.0,8.0,515.0,50.4970178926441
2015,Medicine,15,19.0,-4.0,UEA,61.8,92.5373134328358,94.9999999999999,2.0,6.8,97.0,8.0,542.0,62.9482071713147
2013,Medicine,13,12.0,1.0,Warwick,55.1,90.7574257425742,85.0,8.0,8.3,100.0,7.0,,43.8537482319661
2014,Medicine,26,13.0,13.0,Warwick,31.4,89.0547263681592,83.8383838383838,4.0,10.0,98.0,9.0,,41.2
2015,Medicine,27,26.0,1.0,Warwick,38.6,91.4572864321607,86.8686868686868,3.0,12.3,100.0,9.0,,52.4
2015,Modern Languages & Linguistics,47,,,Aberdeen,57.9,88.719045273201,85.8991300517564,3.0,15.5,64.0,4.0,431.0,71.4850783316825
2013,Modern Languages & Linguistics,44,47.0,-3.0,Aberystwyth,47.5,91.3209516489806,92.2014508991185,3.0,19.1,67.0,2.0,327.0,71.552606297419
2014,Modern Languages & Linguistics,50,44.0,6.0,Aberystwyth,43.5,91.7288548750906,92.11560310192,3.0,22.3,74.0,1.0,353.0,72.164009177632
2015,Modern Languages & Linguistics,46,50.0,-4.0,Aberystwyth,58.8,88.1574040465131,86.1786494755244,4.0,14.6,63.0,5.0,347.0,67.5648650705907
2013,Modern Languages & Linguistics,14,21.0,-7.0,Aston,69.8,91.4509848365258,88.5934391105148,9.0,10.7,75.0,4.0,393.0,66.0414781191367
2014,Modern Languages & Linguistics,18,14.0,4.0,Aston,67.3,86.9116524675798,85.7158707676845,8.0,12.7,84.0,5.0,390.0,68.1353958994532
2015,Modern Languages & Linguistics,33,18.0,15.0,Aston,65.0999999999999,88.5593003096367,90.5022593817823,6.0,14.1,67.0,5.0,357.0,72.9610455735819
2013,Modern Languages & Linguistics,34,55.0,-21.0,Bangor,56.0,92.9375758876497,92.3070051899493,3.0,17.2,65.0,3.0,298.0,76.5677663717644
2014,Modern Languages & Linguistics,53,34.0,19.0,Bangor,41.8,86.2123666785435,82.8853663297842,3.0,15.0,61.0,2.0,338.0,63.6537763441698
2015,Modern Languages & Linguistics,47,53.0,-6.0,Bangor,57.9,90.1652504202235,88.381402155115,2.0,12.9,72.0,2.0,316.0,76.3538061363732
2013,Modern Languages & Linguistics,11,8.0,3.0,Bath,71.0,89.5826435062861,90.2892986072801,6.0,14.9,78.0,8.0,451.0,68.5323985946982
2014,Modern Languages & Linguistics,9,11.0,-2.0,Bath,71.5,93.6038593197557,93.8072791406125,7.0,12.1,75.0,7.0,471.0,71.0086378694696
2015,Modern Languages & Linguistics,12,9.0,3.0,Bath,77.2,92.8794450417558,92.2782098268824,6.0,14.3,75.0,8.0,447.0,74.9063719256539
2013,Modern Languages & Linguistics,30,12.0,18.0,Birmingham,59.2,90.3501410959706,85.3202564907117,7.0,11.9,60.0,4.0,410.0,66.9281516733756
2014,Modern Languages & Linguistics,13,30.0,-17.0,Birmingham,69.5,92.8632772405052,87.1612363249687,7.0,10.5,70.0,5.0,427.0,75.2682048942196
2015,Modern Languages & Linguistics,18,13.0,5.0,Birmingham,72.0999999999999,90.8197149283358,85.1086294724658,6.0,13.4,78.0,4.0,420.0,79.9128489669361
2013,Modern Languages & Linguistics,19,14.0,5.0,Bristol,64.8,93.0716118687461,82.5937775913107,4.0,17.0,78.0,4.0,451.0,68.691628714514
2014,Modern Languages & Linguistics,30,19.0,11.0,Bristol,57.8,89.1303513074052,76.7051935282024,6.0,14.8,76.0,6.0,456.0,51.893096688752
2015,Modern Languages & Linguistics,16,30.0,-14.0,Bristol,73.2,89.6624394341585,82.4247084282896,5.0,13.5,75.0,7.0,454.0,70.2129758387486
2013,Modern Languages & Linguistics,1,1.0,0.0,Cambridge,100.0,96.972292458596,96.9980747303688,10.0,10.9,82.0,8.0,559.0,85.5539783763552
2014,Modern Languages & Linguistics,1,1.0,0.0,Cambridge,100.0,96.9130865829478,94.3476536682089,10.0,10.8,78.0,7.0,574.0,87.2032749637015
2015,Modern Languages & Linguistics,1,1.0,0.0,Cambridge,100.0,95.2153631028791,95.6165840955284,10.0,10.4,79.0,7.0,590.0,79.3166473572144
2013,Modern Languages & Linguistics,50,31.0,19.0,Cardiff,45.0,88.5878647113266,85.2371835449441,3.0,21.6,61.0,3.0,424.0,64.7677679055561
2014,Modern Languages & Linguistics,48,50.0,-2.0,Cardiff,44.6,84.5840938489096,74.7209618104668,4.0,20.1,63.0,4.0,413.0,65.1888072946332
2015,Modern Languages & Linguistics,31,48.0,-17.0,Cardiff,66.8,89.5643207742244,87.8858274398868,7.0,11.6,64.0,5.0,412.0,71.6249336959048
2013,Modern Languages & Linguistics,52,45.0,7.0,Central Lancashire,43.9,80.2854095900862,82.4173288439955,6.0,17.3,,,242.0,68.7877818181818
2014,Modern Languages & Linguistics,59,52.0,7.0,Central Lancashire,36.1,73.4105514724546,73.4968475452196,6.0,19.7,,2.0,318.0,67.2427758266807
2015,Modern Languages & Linguistics,60,59.0,1.0,Central Lancashire,43.1,79.4691647150663,67.5836019199109,5.0,19.0,,3.0,301.0,71.107122635742
2013,Modern Languages & Linguistics,35,58.0,-23.0,Chester,55.2,91.459595959596,92.0,2.0,19.5,74.0,7.0,290.0,71.6831683168317
2014,Modern Languages & Linguistics,24,35.0,-11.0,Chester,61.6,96.3775531914894,91.2475693101225,2.0,14.6,81.0,8.0,317.0,71.2502418899704
2015,Modern Languages & Linguistics,63,24.0,39.0,Chester,33.1,75.8422987168082,71.9788566376897,3.0,14.0,,2.0,291.0,55.1823231447892
2013,Modern Languages & Linguistics,53,48.0,5.0,Coventry,43.3,80.058769513315,71.5335169880624,3.0,13.4,,6.0,280.0,64.4430424560306
2014,Modern Languages & Linguistics,12,53.0,-41.0,Coventry,69.7,96.24002364765,95.2085561497326,3.0,13.4,,10.0,284.0,85.323588353177
2015,Modern Languages & Linguistics,27,12.0,15.0,Coventry,69.2,92.3145078480269,85.7341028220469,3.0,12.5,,10.0,263.0,82.9629815998255
2013,Modern Languages & Linguistics,5,9.0,-4.0,Durham,79.8,95.0602593504031,94.0851063829787,5.0,13.9,80.0,8.0,528.0,71.9601297065838
2014,Modern Languages & Linguistics,3,5.0,-2.0,Durham,82.0,93.6924935711611,92.8803974217228,6.0,13.8,87.0,8.0,552.0,79.4007679709051
2015,Modern Languages & Linguistics,10,3.0,7.0,Durham,78.9,93.2530086468391,91.0919739489151,6.0,13.7,84.0,6.0,538.0,65.6782761269266
2013,Modern Languages & Linguistics,31,28.0,3.0,Edinburgh,58.1,81.4878346312879,72.4004024330258,8.0,16.9,61.0,8.0,482.0,54.9441024427917
2014,Modern Languages & Linguistics,11,31.0,-20.0,Edinburgh,70.2,88.5090058588568,76.0054323102611,10.0,16.9,80.0,7.0,489.0,58.5731440937145
2015,Modern Languages & Linguistics,35,11.0,24.0,Edinburgh,64.5999999999999,84.317598279819,78.7088149794014,7.0,14.1,66.0,6.0,482.0,57.4137761995508
2013,Modern Languages & Linguistics,48,50.0,-2.0,Edinburgh Napier,46.0,84.3819372211821,86.2036613272311,3.0,18.7,,,329.0,69.8149625031153
2014,Modern Languages & Linguistics,54,48.0,6.0,Edinburgh Napier,41.2,88.5,88.0,3.0,17.8,,,355.0,63.7450199203187
2015,Modern Languages & Linguistics,43,54.0,-11.0,Edinburgh Napier,61.3,89.3034825870646,89.9999999999999,3.0,15.7,,,375.0,78.5140562248996
2013,Modern Languages & Linguistics,39,34.0,5.0,Essex,50.2,84.193404293926,83.915395248953,3.0,16.3,52.0,8.0,331.0,73.6829359855099
2014,Modern Languages & Linguistics,35,39.0,-4.0,Essex,54.5,86.4265692578832,85.7408195923562,3.0,16.1,,8.0,372.0,79.2997236621852
2015,Modern Languages & Linguistics,41,35.0,6.0,Essex,62.2,92.1817790868242,93.2028292114925,3.0,16.8,60.0,6.0,339.0,82.8857049970626
2013,Modern Languages & Linguistics,22,23.0,-1.0,Exeter,62.5,92.1838588919434,88.313964425709,6.0,20.0,61.0,7.0,465.0,72.9046084863156
2014,Modern Languages & Linguistics,21,22.0,-1.0,Exeter,65.1,95.5713399518769,92.5977991794245,4.0,21.1,75.0,7.0,459.0,77.8577454030527
2015,Modern Languages & Linguistics,22,21.0,1.0,Exeter,71.3,91.4780313649081,90.0252911101439,5.0,18.0,70.0,7.0,462.0,75.9251610705128
2013,Modern Languages & Linguistics,8,25.0,-17.0,Glasgow,74.4,94.3957078375833,91.5508115384134,4.0,11.5,76.0,7.0,473.0,69.3656289442255
2014,Modern Languages & Linguistics,25,8.0,17.0,Glasgow,61.4,92.8280394853966,88.023160499854,5.0,14.9,71.0,3.0,486.0,67.6773308894171
2015,Modern Languages & Linguistics,24,25.0,-1.0,Glasgow,70.0999999999999,92.7367767578393,89.1990430363321,4.0,12.5,63.0,3.0,504.0,74.1981662989151
2013,Modern Languages & Linguistics,48,51.0,-3.0,Greenwich,46.0,86.8203786076732,76.9730954403852,3.0,20.4,,,202.0,81.9064100049103
2014,Modern Languages & Linguistics,47,48.0,-1.0,Greenwich,45.1,90.1782014090344,92.0300691486471,3.0,19.1,,,269.0,78.0626306442234
2013,Modern Languages & Linguistics,25,16.0,9.0,Heriot-Watt,61.4,87.6905904924732,87.8111413043478,10.0,19.2,,2.0,402.0,68.1369547009049
2014,Modern Languages & Linguistics,29,25.0,4.0,Heriot-Watt,58.3,87.1802731570748,89.5636146798938,9.0,15.7,75.0,1.0,409.0,77.7268390047418
2015,Modern Languages & Linguistics,30,29.0,1.0,Heriot-Watt,68.3,91.0047057429354,89.2089754530395,6.0,16.3999999999999,81.0,1.0,443.0,78.8167777710683
2015,Modern Languages & Linguistics,58,,,Hertfordshire,48.6,84.788029925187,83.0,3.0,15.3,38.0,7.0,351.0,71.6566866267465
2013,Modern Languages & Linguistics,42,43.0,-1.0,Hull,48.1,89.302973319584,78.2465863313744,5.0,20.7,67.0,3.0,315.0,73.1628072312846
2014,Modern Languages & Linguistics,41,42.0,-1.0,Hull,50.5,91.1691769502131,83.9636363636364,3.0,17.4,65.0,3.0,350.0,80.6912584856076
2015,Modern Languages & Linguistics,40,41.0,-1.0,Hull,62.6,92.5872788070158,94.3739244294799,3.0,,62.0,8.0,310.0,78.6823669745857
2013,Modern Languages & Linguistics,9,11.0,-2.0,Kent,73.7,90.987329713917,92.2570351836407,7.0,8.3,62.0,10.0,339.0,77.8210053374192
2014,Modern Languages & Linguistics,14,9.0,5.0,Kent,68.5,91.2998847241746,91.0663200421155,7.0,12.2,73.0,7.0,365.0,78.2187885510597
2015,Modern Languages & Linguistics,15,14.0,1.0,Kent,74.9,92.0499478608336,87.7473622719442,6.0,13.4,67.0,10.0,372.0,76.6920729426319
2013,Modern Languages & Linguistics,12,20.0,-8.0,King's College London,70.4,85.9513270059907,76.1079503047134,10.0,8.8,64.0,5.0,437.0,63.3343989277958
2014,Modern Languages & Linguistics,5,12.0,-7.0,King's College London,77.2,91.0792409920434,85.5461328184101,10.0,9.0,69.0,7.0,445.0,67.8289768490012
2015,Modern Languages & Linguistics,17,5.0,12.0,King's College London,72.7,85.9633082295074,77.5416307697338,10.0,9.5,60.0,5.0,452.0,66.5775732684892
2015,Modern Languages & Linguistics,44,,,Kingston,61.1,81.6789916432651,81.6700730641667,7.0,6.7,,,282.0,62.0338833706129
2013,Modern Languages & Linguistics,56,35.0,21.0,Lancaster,39.0,83.4778095578153,67.5950413223141,4.0,13.6,66.0,1.0,398.0,56.8485726258576
2014,Modern Languages & Linguistics,43,56.0,-13.0,Lancaster,48.4,87.6807883574778,80.8382982366033,3.0,16.2,78.0,1.0,413.0,71.4631830059767
2015,Modern Languages & Linguistics,25,43.0,-18.0,Lancaster,69.5999999999999,93.8511822995081,83.9005820211078,6.0,14.3,75.0,3.0,438.0,71.8595847798417
2013,Modern Languages & Linguistics,18,19.0,-1.0,Leeds,66.1,92.4755274246023,90.7662780809444,7.0,14.3,69.0,5.0,419.0,73.0710263637386
2014,Modern Languages & Linguistics,16,18.0,-2.0,Leeds,68.4,89.6946414018096,87.0953173851547,10.0,13.8,64.0,5.0,441.0,71.0176731377877
2015,Modern Languages & Linguistics,9,16.0,-7.0,Leeds,79.0999999999999,93.2204473568519,90.9433849985247,9.0,12.0,67.0,6.0,430.0,77.1658484350289
2013,Modern Languages & Linguistics,63,64.0,-1.0,Leeds Met,28.8,73.2664266426643,78.0,3.0,21.9,,4.0,253.0,67.0554455445545
2014,Modern Languages & Linguistics,60,63.0,-3.0,Leeds Met,32.9,80.4955434993218,87.9230769230769,3.0,27.2,,6.0,267.0,74.1075092453906
2015,Modern Languages & Linguistics,62,60.0,2.0,Leeds Met,38.7999999999999,83.1035980148883,88.52,3.0,24.1,,5.0,267.0,72.249016008401
2013,Modern Languages & Linguistics,4,7.0,-3.0,Leicester,80.6,93.6347336490562,89.7051098543034,10.0,12.4,60.0,7.0,384.0,87.4705808829731
2014,Modern Languages & Linguistics,10,4.0,6.0,Leicester,71.4,86.9371926735221,83.2731081448873,10.0,11.9,73.0,4.0,424.0,76.6835106534388
2015,Modern Languages & Linguistics,6,10.0,-4.0,Leicester,82.9,91.40738294496,89.1429949190312,8.0,11.7,81.0,7.0,413.0,78.7733301956442
2013,Modern Languages & Linguistics,27,52.0,-25.0,Liverpool,60.1,91.4933144632766,83.9567203216467,6.0,14.5,69.0,4.0,409.0,63.6932130881768
2014,Modern Languages & Linguistics,45,27.0,18.0,Liverpool,48.0,87.5327181060101,80.159151633793,6.0,14.6,55.0,3.0,404.0,66.3089625964829
2015,Modern Languages & Linguistics,37,45.0,-8.0,Liverpool,63.8,89.3435790775163,88.7834206950106,4.0,11.9,61.0,4.0,387.0,77.7975124776473
2014,Modern Languages & Linguistics,63,60.0,3.0,Liverpool John Moores,30.0,68.6096029377176,63.0050558247314,2.0,,61.0,6.0,,64.4084936848351
2015,Modern Languages & Linguistics,52,63.0,-11.0,Liverpool John Moores,53.7,74.2047426257952,68.6153846153846,2.0,,59.0,10.0,,67.1538461538461
2013,Modern Languages & Linguistics,45,63.0,-18.0,London Met,47.1,76.3511247600157,66.3285364049508,5.0,11.1,,5.0,,72.1265307077802
2014,Modern Languages & Linguistics,51,45.0,6.0,London Met,43.4,69.3074819926054,69.6202768424991,3.0,10.7,,8.0,259.0,62.7381718490729
2015,Modern Languages & Linguistics,53,51.0,2.0,London Met,52.7,78.6748643993771,68.0277227722772,4.0,9.19999999999999,,7.0,221.0,69.4417080406547
2013,Modern Languages & Linguistics,38,22.0,16.0,Manchester,50.4,85.4063516417831,74.5037896601216,8.0,12.1,54.0,3.0,394.0,62.2730500421023
2014,Modern Languages & Linguistics,36,38.0,-2.0,Manchester,53.9,85.3744011650282,78.0403304860017,8.0,11.7,54.0,4.0,432.0,65.1968584787052
2015,Modern Languages & Linguistics,36,36.0,0.0,Manchester,63.9,85.5008630249752,75.1079977116255,7.0,10.6,60.0,4.0,424.0,68.7877824214155
2013,Modern Languages & Linguistics,59,53.0,6.0,Manchester Met,37.4,86.3000369636455,79.3282489322758,3.0,13.0,41.0,3.0,293.0,76.3681676437983
2014,Modern Languages & Linguistics,58,59.0,-1.0,Manchester Met,36.2,79.9096210466225,71.7809495235238,2.0,16.2,60.0,2.0,322.0,75.8377101403951
2015,Modern Languages & Linguistics,55,58.0,-3.0,Manchester Met,51.2,82.3191326217641,75.3412453133425,4.0,11.6,51.0,3.0,320.0,74.628170054159
2013,Modern Languages & Linguistics,51,61.0,-10.0,Middlesex,44.5,80.3669007144617,77.0416566046849,5.0,29.0,,8.0,,66.545305994014
2014,Modern Languages & Linguistics,46,51.0,-5.0,Middlesex,45.4,81.4591294750638,75.8623853211009,5.0,31.9,,10.0,,67.01186396964
2013,Modern Languages & Linguistics,23,30.0,-7.0,Newcastle,62.3,93.9096487417807,90.5947609204631,6.0,16.0,63.0,4.0,435.0,74.8849146531588
2014,Modern Languages & Linguistics,27,23.0,4.0,Newcastle,59.1,87.9537963041408,81.5570695370695,4.0,19.5,76.0,5.0,428.0,75.7881596983579
2015,Modern Languages & Linguistics,14,27.0,-13.0,Newcastle,75.8,91.3373664347098,89.4331776573883,5.0,15.3,78.0,7.0,433.0,79.9372036483255
2013,Modern Languages & Linguistics,13,3.0,10.0,Northumbria,70.3,91.6370929047811,94.4616961311811,5.0,13.4,68.0,7.0,323.0,82.1123243710484
2014,Modern Languages & Linguistics,16,13.0,3.0,Northumbria,68.4,96.9944067119457,98.9081102676788,3.0,19.0,62.0,9.0,358.0,86.9167291067688
2015,Modern Languages & Linguistics,11,16.0,-5.0,Northumbria,77.5999999999999,95.286124180211,95.8682634730538,2.0,15.2,68.0,10.0,340.0,85.4814575451938
2013,Modern Languages & Linguistics,21,26.0,-5.0,Nottingham,63.0,88.1066009843236,81.6289537046224,7.0,11.1,69.0,5.0,406.0,66.7215011066675
2014,Modern Languages & Linguistics,22,21.0,1.0,Nottingham,63.4,91.6983692443577,85.6958218640476,7.0,11.4,66.0,5.0,430.0,70.6223269207382
2015,Modern Languages & Linguistics,27,22.0,5.0,Nottingham,69.2,87.6882726658939,85.8850432614356,7.0,10.8,68.0,4.0,409.0,71.1995343204792
2013,Modern Languages & Linguistics,36,41.0,-5.0,Nottingham Trent,54.4,86.5,85.0,5.0,17.5,,9.0,291.0,70.4060606060606
2014,Modern Languages & Linguistics,62,36.0,26.0,Nottingham Trent,32.0,73.1347424215482,69.6969696969697,4.0,21.4,66.0,3.0,299.0,58.9636346815908
2015,Modern Languages & Linguistics,61,62.0,-1.0,Nottingham Trent,41.2,77.8923500687003,76.0115532734274,5.0,,59.0,2.0,292.0,66.5392495246149
2013,Modern Languages & Linguistics,2,2.0,0.0,Oxford,87.8,94.8541011548347,92.6623664610644,,10.0,71.0,7.0,541.0,75.5472982414067
2014,Modern Languages & Linguistics,2,2.0,0.0,Oxford,87.9,93.5317220639024,89.8529124559315,9.0,10.0,70.0,8.0,575.0,73.9958140663241
2015,Modern Languages & Linguistics,2,2.0,0.0,Oxford,99.1,94.6677547457862,90.1545500042967,10.0,10.1,71.0,8.0,543.0,76.1108180147804
2013,Modern Languages & Linguistics,54,44.0,10.0,Oxford Brookes,42.0,71.4704874333587,64.6466108149276,4.0,17.6,,8.0,342.0,66.5346058866242
2014,Modern Languages & Linguistics,57,54.0,3.0,Oxford Brookes,39.5,74.1645946549542,48.3699147142437,4.0,20.7,,8.0,355.0,61.0065227713463
2015,Modern Languages & Linguistics,29,57.0,-28.0,Oxford Brookes,68.8,92.7739540038791,79.1550715071507,6.0,17.8,,7.0,338.0,89.8252253209384
2013,Modern Languages & Linguistics,47,62.0,-15.0,Plymouth,46.1,90.9545454545454,95.959595959596,2.0,17.5,,,279.0,69.0888888888889
2014,Modern Languages & Linguistics,56,47.0,9.0,Plymouth,39.6,86.0,80.8080808080808,5.0,23.0,,,302.0,63.855421686747
2013,Modern Languages & Linguistics,61,49.0,12.0,Portsmouth,34.9,88.3086071603728,96.4114762138303,5.0,20.1,49.0,2.0,289.0,61.6932327947405
2014,Modern Languages & Linguistics,52,61.0,-9.0,Portsmouth,42.5,79.4369374989583,82.5811866485893,5.0,21.1,50.0,8.0,308.0,67.1443215697325
2015,Modern Languages & Linguistics,54,52.0,2.0,Portsmouth,51.6,79.8438922985547,73.4196345787815,5.0,17.7,73.0,5.0,296.0,68.9530857113727
2013,Modern Languages & Linguistics,20,33.0,-13.0,Queen Mary,64.0,91.9433290308002,91.2136099071394,8.0,17.5,64.0,4.0,388.0,76.2686037332901
2014,Modern Languages & Linguistics,14,20.0,-6.0,Queen Mary,68.5,90.845704150977,83.8760723186953,9.0,13.7,69.0,8.0,387.0,72.6300613245739
2015,Modern Languages & Linguistics,19,14.0,5.0,Queen Mary,71.5999999999999,90.6484146344402,86.0542429376456,9.0,10.6,52.0,6.0,384.0,72.7803967358949
2013,Modern Languages & Linguistics,28,39.0,-11.0,"Queen's, Belfast",59.5,85.7433827701444,84.8554745597127,8.0,11.7,60.0,4.0,395.0,70.1255232691125
2014,Modern Languages & Linguistics,37,28.0,9.0,"Queen's, Belfast",52.9,86.8109455847715,79.957852347634,5.0,13.8,56.0,4.0,386.0,75.7649213939003
2015,Modern Languages & Linguistics,26,37.0,-11.0,"Queen's, Belfast",69.4,90.1291251756545,88.6012620938833,5.0,14.0,71.0,3.0,397.0,78.8694258782962
2013,Modern Languages & Linguistics,43,38.0,5.0,Reading,48.0,93.2725506691261,91.6725376352466,3.0,11.9,54.0,2.0,362.0,70.7359045161482
2014,Modern Languages & Linguistics,32,43.0,-11.0,Reading,57.2,91.3221948361641,84.3529588066394,2.0,14.2,80.0,3.0,357.0,76.5504622506576
2015,Modern Languages & Linguistics,19,32.0,-13.0,Reading,71.5999999999999,91.0547277754341,86.0572166057216,4.0,11.8,67.0,8.0,337.0,76.8187124987076
2013,Modern Languages & Linguistics,29,18.0,11.0,Roehampton,59.3,81.4169371019288,82.2608695652174,3.0,10.0,,8.0,280.0,71.062012818292
2014,Modern Languages & Linguistics,34,29.0,5.0,Roehampton,55.2,89.7755610972568,82.8282828282828,3.0,11.8,,,291.0,71.6566866267465
2015,Modern Languages & Linguistics,45,34.0,11.0,Roehampton,61.0,87.1028295376121,78.4359537403015,3.0,12.2,,7.0,283.0,81.2212291468579
2013,Modern Languages & Linguistics,39,42.0,-3.0,Royal Holloway,50.2,92.7439950245025,86.0811784511785,3.0,16.7,58.0,5.0,383.0,63.2440418041804
2014,Modern Languages & Linguistics,39,39.0,0.0,Royal Holloway,52.3,91.5691062895123,86.9131253539624,3.0,16.9,61.0,7.0,381.0,70.6006979182252
2015,Modern Languages & Linguistics,32,39.0,-7.0,Royal Holloway,66.7,90.8840968717592,85.2735966920988,4.0,10.7,63.0,7.0,388.0,68.9799738796353
2013,Modern Languages & Linguistics,32,62.0,-30.0,Salford,57.5,81.2150897081081,83.9991074161334,8.0,11.4,,8.0,323.0,73.170247523674
2014,Modern Languages & Linguistics,49,32.0,17.0,Salford,44.1,69.6531618413635,66.9337768825902,4.0,13.3,68.0,6.0,333.0,64.3509886643888
2015,Modern Languages & Linguistics,49,49.0,0.0,Salford,57.0,84.8652630910374,77.5266964824311,4.0,12.8,56.9999999999999,5.0,323.0,76.5752655191464
2013,Modern Languages & Linguistics,33,32.0,1.0,Sheffield,57.3,90.1224773671319,87.8933915361341,4.0,15.1,66.0,4.0,423.0,68.5548332594088
2014,Modern Languages & Linguistics,33,33.0,0.0,Sheffield,56.8,91.8601052452137,89.1481716516976,4.0,14.5,67.0,4.0,441.0,68.8896291184342
2015,Modern Languages & Linguistics,42,33.0,9.0,Sheffield,62.1,91.2097806571504,87.2523061083537,4.0,15.6,67.0,4.0,413.0,70.2201692468456
2013,Modern Languages & Linguistics,58,39.0,19.0,Sheffield Hallam,38.5,74.75,83.0,4.0,16.2,,,319.0,57.8848825181026
2014,Modern Languages & Linguistics,42,58.0,-16.0,Sheffield Hallam,48.6,87.0,88.1188118811881,6.0,18.2,,,315.0,66.468253968254
2015,Modern Languages & Linguistics,50,42.0,8.0,Sheffield Hallam,56.3,83.5411471321695,87.0,6.0,15.4,,,299.0,68.1274900398406
2013,Modern Languages & Linguistics,26,15.0,11.0,SOAS,60.4,88.5446858313892,88.467539718796,5.0,12.6,55.0,8.0,404.0,67.416588313323
2014,Modern Languages & Linguistics,26,26.0,0.0,SOAS,60.2,89.3716756896785,85.9845615709112,5.0,11.4,65.0,8.0,428.0,60.3703596857766
2015,Modern Languages & Linguistics,21,26.0,-5.0,SOAS,71.4,86.6779081446023,85.0155131733246,6.0,10.3,68.0,7.0,427.0,65.6364749244087
2013,Modern Languages & Linguistics,3,5.0,-2.0,Southampton,80.9,93.5866640824684,95.924633689311,9.0,6.5,63.0,8.0,465.0,75.2525070159842
2014,Modern Languages & Linguistics,4,3.0,1.0,Southampton,78.8,95.1294524496672,92.888020098277,8.0,7.6,74.0,7.0,461.0,75.7164902502402
2015,Modern Languages & Linguistics,4,4.0,0.0,Southampton,84.6,95.3153400651388,94.2256879053544,6.0,8.5,72.0,7.0,443.0,77.1661228349622
2013,Modern Languages & Linguistics,7,6.0,1.0,St Andrews,75.8,95.559835879871,96.4769295082609,7.0,15.5,69.0,7.0,504.0,76.5928895469309
2014,Modern Languages & Linguistics,6,7.0,-1.0,St Andrews,75.4,89.876990513325,81.1919428502912,7.0,12.8,75.0,8.0,504.0,70.7341104726847
2015,Modern Languages & Linguistics,5,6.0,-1.0,St Andrews,84.4,93.8084512050317,89.4294166370843,7.0,12.0,72.0,7.0,516.0,78.2510819435402
2015,Modern Languages & Linguistics,37,,,Stirling,63.8,95.0192163030841,89.3338741169473,4.0,12.3,80.0,2.0,394.0,70.3088405649257
2013,Modern Languages & Linguistics,60,36.0,24.0,Strathclyde,35.2,85.0,80.8080808080808,3.0,22.9,54.0,,427.0,55.1404494382022
2014,Modern Languages & Linguistics,44,60.0,-16.0,Strathclyde,48.2,89.9410314027922,79.7450787401575,3.0,19.5,60.0,,448.0,69.7086679738526
2015,Modern Languages & Linguistics,56,44.0,12.0,Strathclyde,49.1,93.6596247476546,90.1999999999999,3.0,20.0,61.0,1.0,469.0,69.9981426679469
2013,Modern Languages & Linguistics,16,,,Sunderland,67.0,86.318407960199,87.0,7.0,6.9,,,274.0,78.8423153692615
2014,Modern Languages & Linguistics,8,16.0,-8.0,Sunderland,73.4,91.5,91.0891089108911,7.0,6.4,,,293.0,84.2629482071713
2013,Modern Languages & Linguistics,15,13.0,2.0,Surrey,68.3,87.0093137133262,79.2348484848485,8.0,7.5,,8.0,368.0,68.4434139784946
2014,Modern Languages & Linguistics,18,15.0,3.0,Surrey,67.3,89.1542253810444,87.5548251920628,5.0,8.3,,6.0,412.0,74.7499365119232
2015,Modern Languages & Linguistics,3,18.0,-15.0,Surrey,85.2,92.4207360028457,88.9893907301177,8.0,6.5,,4.0,473.0,75.6384500343971
2013,Modern Languages & Linguistics,24,24.0,0.0,Sussex,61.5,89.0127416203087,87.314629371351,6.0,7.4,55.0,8.0,361.0,66.5136087242063
2014,Modern Languages & Linguistics,31,24.0,7.0,Sussex,57.7,89.542323793364,80.2978328960639,6.0,6.7,49.0,8.0,417.0,60.557133408083
2015,Modern Languages & Linguistics,7,31.0,-24.0,Sussex,80.5,94.7727111703591,93.0187023782036,10.0,8.0,44.0,8.0,398.0,78.321758738927
2013,Modern Languages & Linguistics,55,56.0,-1.0,Swansea,40.8,84.3461106377634,85.1849906856497,2.0,17.0,51.0,6.0,339.0,65.0084563700012
2014,Modern Languages & Linguistics,40,55.0,-15.0,Swansea,51.9,88.4019169774887,86.912341957629,2.0,17.9,78.0,4.0,355.0,72.4792774297688
2015,Modern Languages & Linguistics,34,40.0,-6.0,Swansea,64.9,87.6917155992112,83.10911154345,3.0,15.2,75.0,8.0,333.0,77.3001408984883
2013,Modern Languages & Linguistics,6,4.0,2.0,UCL,76.8,89.330409733444,83.066562581718,10.0,6.6,69.0,7.0,474.0,60.8768250429698
2014,Modern Languages & Linguistics,7,6.0,1.0,UCL,75.2,88.7837406496742,80.3425064952252,9.0,6.3,73.0,5.0,488.0,65.080261140661
2015,Modern Languages & Linguistics,13,7.0,6.0,UCL,77.0,86.1002331131144,78.5386913162402,9.0,7.7,75.0,5.0,478.0,59.6616475581436
2013,Modern Languages & Linguistics,17,17.0,0.0,UEA,66.7,88.0999096551182,92.3492811689842,8.0,17.6,67.0,8.0,352.0,70.5069625779957
2014,Modern Languages & Linguistics,23,17.0,6.0,UEA,61.9,87.9699701080121,91.350590358575,8.0,16.3,62.0,8.0,393.0,69.4543145536329
2015,Modern Languages & Linguistics,23,23.0,0.0,UEA,70.2,90.1761899642384,91.8004457117375,7.0,14.5,55.0,9.0,402.0,73.9227756399275
2013,Modern Languages & Linguistics,62,36.0,26.0,Ulster,30.5,81.3206558906543,74.7816205716058,4.0,13.0,40.0,2.0,287.0,60.1900081486191
2014,Modern Languages & Linguistics,61,62.0,-1.0,Ulster,32.1,82.3105559875712,78.1628813627631,4.0,12.8,39.0,3.0,291.0,67.3767555373306
2015,Modern Languages & Linguistics,59,61.0,-2.0,Ulster,45.4,80.9608401287384,83.1663257155103,4.0,13.9,,2.0,294.0,62.6617027654994
2013,Modern Languages & Linguistics,37,45.0,-8.0,UWE Bristol,54.0,84.611770228747,80.8465691396726,4.0,18.6,53.0,10.0,300.0,73.5292692835175
2014,Modern Languages & Linguistics,54,37.0,17.0,UWE Bristol,41.2,83.1658291457286,71.0,7.0,20.9,45.0,9.0,320.0,67.4
2013,Modern Languages & Linguistics,10,10.0,0.0,Warwick,71.1,96.5632488447076,94.678231474821,5.0,19.5,62.0,6.0,467.0,86.2365214561744
2014,Modern Languages & Linguistics,20,10.0,10.0,Warwick,65.5,94.891057519191,93.0184083562966,5.0,17.6,68.0,5.0,480.0,77.8824446852729
2015,Modern Languages & Linguistics,8,20.0,-12.0,Warwick,79.8,94.969517471069,93.0351964710229,5.0,16.0,76.0,5.0,470.0,83.6604675616961
2013,Modern Languages & Linguistics,46,57.0,-11.0,Westminster,47.0,74.9766386902419,62.2443093264687,5.0,9.1,69.0,5.0,268.0,64.930795768362
2014,Modern Languages & Linguistics,38,46.0,-8.0,Westminster,52.6,79.2931862883691,71.4241277979242,5.0,10.4,67.0,5.0,301.0,78.317937475787
2015,Modern Languages & Linguistics,51,38.0,13.0,Westminster,54.4,83.6663134592079,82.8787893966274,4.0,10.1999999999999,36.0,7.0,302.0,77.7758945668997
2013,Modern Languages & Linguistics,41,29.0,12.0,York,49.3,89.2656249980532,81.1211772734533,5.0,19.1,63.0,1.0,444.0,72.8239172918824
2014,Modern Languages & Linguistics,28,41.0,-13.0,York,58.5,95.7158895377484,93.6717493551813,6.0,18.6,61.0,4.0,441.0,78.8500447525686
2015,Modern Languages & Linguistics,39,28.0,11.0,York,63.5,94.647307891544,92.2727005373804,4.0,12.9,65.0,2.0,422.0,74.9066178163317
2013,Modern Languages & Linguistics,57,59.0,-2.0,York St John,38.8,90.0594405594406,85.6923076923077,2.0,32.6,,6.0,293.0,78.4450120737546
2014,Modern Languages & Linguistics,64,57.0,7.0,York St John,28.5,85.2927680798005,79.1048951048951,3.0,,,3.0,291.0,55.4083042705797
2015,Modern Languages & Linguistics,57,64.0,-7.0,York St John,48.9,90.6471202945018,85.6574257425742,2.0,27.4,,7.0,292.0,78.479043049941
2013,Music,68,77.0,-9.0,Anglia Ruskin,47.9,77.9292929292929,69.6969696969697,7.0,16.7,,2.0,267.0,54.6949494949495
2014,Music,48,68.0,-20.0,Anglia Ruskin,64.0,87.2180451127819,81.8181818181818,7.0,17.8,,3.0,254.0,76.2
2015,Music,68,48.0,20.0,Anglia Ruskin,53.7,83.291770573566,76.2376237623762,7.0,23.0,,2.0,273.0,68.7872763419483
2013,Music,36,37.0,-1.0,Bangor,65.0,89.4671717171717,82.8282828282828,3.0,16.4,72.0,3.0,315.0,69.0
2014,Music,50,36.0,14.0,Bangor,62.7,86.284289276808,80.0,3.0,14.2,73.0,1.0,352.0,65.1302605210421
2015,Music,48,50.0,-2.0,Bangor,68.4,89.5,84.0,2.0,11.8,66.0,3.0,325.0,71.0843373493975
2013,Music,42,39.0,3.0,Bath Spa,63.3,88.5314953192187,70.4126346872057,5.0,20.8,69.0,7.0,320.0,59.5046552321139
2014,Music,56,42.0,14.0,Bath Spa,61.0,86.177771976767,79.2349468713105,5.0,22.0,66.0,3.0,385.0,64.818665903235
2015,Music,41,56.0,-15.0,Bath Spa,71.7,88.75,88.8888888888889,6.0,17.7,68.0,7.0,369.0,53.1999999999999
2013,Music,3,13.0,-10.0,Birmingham,96.9,97.9924242424242,98.0,10.0,12.3,72.0,5.0,451.0,77.6831683168317
2014,Music,6,3.0,3.0,Birmingham,88.9,86.7167919799499,80.0,10.0,10.7,77.0,4.0,490.0,70.0201207243461
2015,Music,14,6.0,8.0,Birmingham,86.7,88.4711779448621,70.0,10.0,13.2,89.0,4.0,444.0,53.2934131736526
2013,Music,31,24.0,7.0,Birmingham City,68.9,86.9141414141414,85.8585858585858,7.0,19.9,78.0,4.0,250.0,71.9434343434344
2014,Music,27,31.0,-4.0,Birmingham City,72.9,86.5,87.0,6.0,19.5,81.0,5.0,319.0,76.1044176706827
2015,Music,26,27.0,-1.0,Birmingham City,79.5999999999999,85.9649122807017,87.0,8.0,13.9,89.0,2.0,327.0,75.4
2013,Music,66,67.0,-1.0,Bournemouth,50.2,81.7955112219451,70.0,3.0,23.0,,,285.0,58.6826347305389
2014,Music,65,66.0,-1.0,Bournemouth,53.5,76.5586034912718,71.0,4.0,23.8,,,319.0,62.2
2015,Music,60,65.0,-5.0,Bournemouth,59.8,64.4278606965174,45.5445544554455,9.0,14.1,,3.0,,58.531746031746
2013,Music,53,42.0,11.0,Brighton,58.4,81.289603960396,62.0,8.0,14.0,,1.0,277.0,61.6574491768704
2014,Music,34,53.0,-19.0,Brighton,69.4,85.0746268656717,70.2970297029703,8.0,13.2,,2.0,290.0,72.5646123260437
2015,Music,30,34.0,-4.0,Brighton,77.5,92.5187032418952,90.0,6.0,14.4,,5.0,268.0,85.6573705179282
2013,Music,2,1.0,1.0,Bristol,97.9,94.9848484848485,86.8686868686869,8.0,13.9,,8.0,439.0,78.7717171717172
2014,Music,2,2.0,0.0,Bristol,92.4,92.25,84.0,8.0,16.1,86.0,7.0,461.0,83.3333333333333
2015,Music,5,2.0,3.0,Bristol,94.2,95.5112219451371,94.0,6.0,13.8,76.0,7.0,458.0,75.9519038076152
2013,Music,17,43.0,-26.0,Brunel,80.5,90.25,85.0,6.0,14.4,,9.0,341.0,70.8
2014,Music,33,17.0,16.0,Brunel,69.6,76.865671641791,71.0,6.0,14.8,,9.0,341.0,67.6646706586826
2015,Music,7,33.0,-26.0,Brunel,92.3,86.4661654135338,79.7979797979798,10.0,13.3,,8.0,328.0,85.2882703777335
2013,Music,77,78.0,-1.0,Bucks New University,36.8,78.2103210321032,62.3762376237624,4.0,25.1,59.0,1.0,255.0,63.1663366336634
2014,Music,77,77.0,0.0,Bucks New University,34.0,81.75,77.0,4.0,26.0,35.0,1.0,234.0,62.4
2015,Music,74,77.0,-3.0,Bucks New University,37.1,81.25,65.6565656565656,3.0,20.9,41.0,1.0,280.0,57.455268389662
2013,Music,10,9.0,1.0,Cambridge,88.3,84.939393939394,85.8585858585858,10.0,17.6,76.0,5.0,514.0,63.4015646662706
2014,Music,10,10.0,0.0,Cambridge,86.2,84.2105263157895,87.0,10.0,18.2,79.0,5.0,550.0,61.0337972166998
2015,Music,5,10.0,-5.0,Cambridge,94.2,83.291770573566,81.8181818181818,10.0,16.8999999999999,86.0,5.0,544.0,66.3326653306613
2013,Music,63,68.0,-5.0,Canterbury Christ Church,54.5,89.8193069306931,78.7878787878788,2.0,21.4,53.0,7.0,234.0,70.7567356735674
2014,Music,69,63.0,6.0,Canterbury Christ Church,50.6,82.8715365239295,65.3465346534654,2.0,19.1,50.0,5.0,278.0,66.2674650698603
2015,Music,65,69.0,-4.0,Canterbury Christ Church,58.3,84.9624060150375,75.0,2.0,18.2,46.0,7.0,294.0,65.7314629258516
2013,Music,30,46.0,-16.0,Cardiff,69.3,96.5,92.0792079207921,5.0,17.9,63.0,3.0,392.0,68.5515151515152
2014,Music,32,30.0,2.0,Cardiff,69.8,88.25,83.0,7.0,15.5,62.0,3.0,395.0,72.4
2015,Music,33,32.0,1.0,Cardiff,77.0,90.5,88.0,5.0,13.7,69.0,4.0,405.0,70.9163346613545
2013,Music,33,,,Cardiff Met,67.4,86.6336633663366,76.2376237623762,6.0,17.7,,,258.0,75.7625741955639
2013,Music,72,65.0,7.0,Central Lancashire,42.5,68.9455445544554,55.5555555555556,4.0,21.0,37.0,6.0,300.0,53.8973592426507
2014,Music,62,72.0,-10.0,Central Lancashire,56.1,85.5361596009975,81.8181818181818,4.0,22.1,45.0,6.0,284.0,66.8
2015,Music,56,62.0,-6.0,Central Lancashire,62.6,78.4119106699751,77.7777777777777,6.0,16.2,45.0,4.0,348.0,65.1394422310757
2013,Music,55,66.0,-11.0,Chester,57.8,83.5396039603961,74.0,3.0,16.1,,,285.0,60.8517851785178
2014,Music,58,55.0,3.0,Chester,59.8,86.5671641791045,75.7575757575758,3.0,16.9,,,294.0,64.8
2015,Music,50,58.0,-8.0,Chester,66.5,85.820895522388,73.0,4.0,15.0,,,312.0,71.7434869739478
2013,Music,59,73.0,-14.0,Chichester,55.9,87.5,89.0,3.0,17.2,47.0,6.0,283.0,64.2181818181818
2014,Music,51,59.0,-8.0,Chichester,61.8,90.4522613065326,92.0,3.0,19.8,38.0,6.0,307.0,68.3366733466934
2015,Music,54,51.0,3.0,Chichester,63.8,76.8844221105527,69.6969696969696,3.0,16.8,57.9999999999999,8.0,335.0,63.0522088353413
2013,Music,40,38.0,2.0,City,64.4,77.6782178217822,61.3861386138614,10.0,16.5,70.0,1.0,363.0,56.219801980198
2014,Music,36,40.0,-4.0,City,69.0,91.0224438902743,80.1980198019802,10.0,20.7,57.0,1.0,426.0,68.9243027888446
2015,Music,22,36.0,-14.0,City,81.3,98.5,100.0,4.0,14.2,76.0,3.0,386.0,82.7655310621242
2013,Music,59,74.0,-15.0,Coventry,55.9,73.5984234016622,64.9322033898305,3.0,18.8,63.0,7.0,303.0,68.0635932907736
2014,Music,62,59.0,3.0,Coventry,56.1,77.7970328416247,54.4722268837053,4.0,16.1,55.0,6.0,325.0,58.5216017286785
2015,Music,51,62.0,-11.0,Coventry,66.3,75.9468978484258,57.9636963696369,4.0,11.9,63.0,5.0,339.0,67.1753438673781
2013,Music,76,,,Cumbria,38.5,69.21799679968,60.0,3.0,21.6,,,269.0,39.8868686868687
2014,Music,45,76.0,-31.0,Cumbria,64.5,87.281795511222,78.0,4.0,18.7,,10.0,277.0,60.4790419161677
2015,Music,46,45.0,1.0,Cumbria,69.7,93.2835820895522,85.1485148514851,2.0,34.7999999999999,,9.0,359.0,82.4701195219123
2013,Music,51,41.0,10.0,De Montfort,58.6,86.25,84.1584158415842,3.0,17.2,,7.0,310.0,67.8
2014,Music,55,51.0,4.0,De Montfort,61.1,92.0,88.0,3.0,20.5,54.0,7.0,269.0,68.8
2015,Music,49,55.0,-6.0,De Montfort,67.8,82.1339950372208,61.9999999999999,6.0,11.6,36.0,8.0,313.0,63.5999999999999
2013,Music,19,35.0,-16.0,Derby,78.8,98.25,100.0,7.0,19.6,,3.0,324.0,85.209900990099
2014,Music,59,19.0,40.0,Derby,59.2,84.6544016768065,85.7199265381084,7.0,18.6,46.0,5.0,294.0,60.443762688924
2015,Music,69,59.0,10.0,Derby,53.5,85.1227664778957,80.7490216540568,4.0,25.0,33.0,2.0,349.0,68.0633532972767
2013,Music,13,8.0,5.0,Durham,86.0,90.75,91.0,5.0,14.1,74.0,5.0,452.0,80.9732573257326
2014,Music,9,13.0,-4.0,Durham,86.6,92.0,96.0,4.0,13.9,78.0,5.0,497.0,84.0
2015,Music,36,9.0,27.0,Durham,73.5,78.030303030303,64.0,4.0,13.7,,4.0,544.0,57.6305220883534
2013,Music,75,79.0,-4.0,East London,40.9,76.25,66.6666666666667,2.0,27.0,63.0,5.0,231.0,64.2714570858284
2014,Music,76,75.0,1.0,East London,36.7,75.4342431761787,46.0,2.0,,56.0,3.0,268.0,47.6953907815631
2015,Music,65,76.0,-11.0,East London,58.3,76.4999999999999,51.5151515151515,9.0,23.6,59.0,8.0,302.0,44.8207171314741
2013,Music,18,26.0,-8.0,Edinburgh,79.6,96.2821782178218,89.8989898989899,6.0,16.0,55.0,8.0,448.0,60.8750675067507
2014,Music,22,18.0,4.0,Edinburgh,77.5,95.5112219451372,84.0,6.0,16.6,66.0,6.0,472.0,61.9238476953908
2015,Music,1,22.0,-21.0,Edinburgh,100.0,91.5,92.0,10.0,11.7,,6.0,470.0,77.6
2013,Music,44,28.0,16.0,Edinburgh Napier,62.4,89.0,72.2772277227723,4.0,20.7,67.0,6.0,384.0,55.997608684753
2014,Music,41,44.0,-3.0,Edinburgh Napier,66.5,87.7805486284289,82.1782178217822,4.0,19.2,72.0,3.0,384.0,73.1075697211155
2015,Music,47,41.0,6.0,Edinburgh Napier,69.5999999999999,91.5,79.2079207920792,3.0,14.5,50.0,4.0,397.0,75.8483033932135
2013,Music,51,59.0,-8.0,Essex,58.6,95.7412899043915,88.8888888888889,9.0,21.3,48.0,2.0,249.0,64.4
2014,Music,47,51.0,-4.0,Essex,64.2,91.3151364764268,81.1881188118812,6.0,16.9,56.0,6.0,249.0,68.4
2015,Music,62,47.0,15.0,Essex,59.2,80.7980049875311,72.0,5.0,15.6,66.0,1.0,,71.9123505976095
2014,Music,75,,,Falmouth,39.3,71.0,60.0,4.0,25.1,,5.0,257.0,40.8
2015,Music,61,75.0,-14.0,Falmouth,59.4,77.25,69.0,7.0,20.3,56.0,5.0,284.0,60.5633802816901
2013,Music,50,48.0,2.0,Glamorgan,60.0,79.8712121212121,64.0,4.0,14.6,55.0,7.0,321.0,60.7090909090909
2013,Music,7,33.0,-26.0,Glasgow,90.8,95.75,94.0,5.0,10.3,,6.0,470.0,77.8851485148515
2014,Music,17,7.0,10.0,Glasgow,79.9,97.75,94.0,5.0,22.1,74.0,4.0,476.0,81.2375249500998
2015,Music,37,17.0,20.0,Glasgow,73.2,91.1838790931989,88.8888888888889,4.0,16.2,,1.0,488.0,70.941883767535
2013,Music,35,43.0,-8.0,Gloucestershire,66.1,93.7574257425742,86.0,3.0,22.6,,6.0,269.0,90.0453445344534
2014,Music,31,35.0,-4.0,Gloucestershire,70.2,92.25,90.9090909090909,3.0,28.9,,10.0,265.0,88.508064516129
2015,Music,27,31.0,-4.0,Gloucestershire,79.4,90.9999999999999,90.9999999999999,3.0,,,9.0,259.0,87.3999999999999
2013,Music,28,35.0,-7.0,Goldsmiths,70.6,86.1868686868687,87.0,4.0,15.8,54.0,9.0,358.0,61.9393939393939
2014,Music,35,28.0,7.0,Goldsmiths,69.3,88.2205513784461,85.0,4.0,15.5,51.0,9.0,365.0,68.3366733466934
2015,Music,43,35.0,8.0,Goldsmiths,71.2,87.5311720698254,82.1782178217821,4.0,19.8,64.0,9.0,356.0,62.4254473161033
2013,Music,1,4.0,-3.0,Guildhall School of Music and Drama,100.0,,,8.0,8.3,78.0,9.0,410.0,
2014,Music,1,1.0,0.0,Guildhall School of Music and Drama,100.0,,,8.0,7.8,92.0,10.0,397.0,
2015,Music,2,1.0,1.0,Guildhall School of Music and Drama,95.6,84.6347607052896,74.7474747474747,7.0,6.6,92.0,10.0,348.0,67.6706827309237
2013,Music,49,21.0,28.0,Hertfordshire,60.1,88.4747474747475,83.0,6.0,23.0,47.0,9.0,316.0,58.9191919191919
2014,Music,61,49.0,12.0,Hertfordshire,56.8,84.5,74.0,6.0,22.8,45.0,8.0,298.0,59.2
2015,Music,28,61.0,-33.0,Hertfordshire,79.0999999999999,78.4461152882205,75.0,8.0,7.3,61.0,7.0,341.0,60.0401606425702
2013,Music,42,40.0,2.0,Huddersfield,63.3,89.6969696969697,83.0,4.0,16.2,58.0,4.0,319.0,73.1939472385269
2014,Music,38,42.0,-4.0,Huddersfield,68.4,89.5522388059702,92.0,3.0,18.1,71.0,5.0,334.0,73.8522954091816
2015,Music,44,38.0,6.0,Huddersfield,70.5,85.5,84.1584158415841,3.0,15.4,64.0,6.0,337.0,71.0843373493975
2013,Music,47,34.0,13.0,Hull,61.4,90.7772277227723,93.0693069306931,5.0,21.3,,3.0,332.0,75.8050205020502
2014,Music,39,47.0,-8.0,Hull,67.0,87.7805486284289,87.0,4.0,20.3,59.0,4.0,377.0,79.8
2015,Music,39,39.0,0.0,Hull,72.0,89.7243107769423,84.0,4.0,13.2,44.0,5.0,354.0,76.5999999999999
2013,Music,41,56.0,-15.0,Keele,64.2,88.3044554455446,90.0,3.0,18.6,71.0,5.0,283.0,71.495203076793
2014,Music,24,41.0,-17.0,Keele,76.5,92.5187032418953,94.0,3.0,16.0,73.0,8.0,340.0,80.8383233532934
2015,Music,35,24.0,11.0,Keele,74.2,89.7755610972568,93.069306930693,3.0,14.9,62.0,6.0,361.0,74.3999999999999
2013,Music,39,53.0,-14.0,Kent,64.5,78.2920792079208,75.7575757575758,8.0,15.6,,,314.0,78.3247524752475
2014,Music,14,39.0,-25.0,Kent,82.7,93.75,88.8888888888889,8.0,13.6,,,348.0,79.3587174348697
2015,Music,55,14.0,41.0,Kent,63.2,71.2977216050782,58.0981098109811,5.0,12.1,,3.0,334.0,67.5545454545454
2013,Music,8,15.0,-7.0,King's College London,89.8,95.5,87.8787878787879,6.0,12.1,68.0,7.0,485.0,66.4930693069307
2014,Music,7,8.0,-1.0,King's College London,88.4,94.0298507462687,85.8585858585858,6.0,13.4,80.0,7.0,518.0,64.128256513026
2015,Music,19,7.0,12.0,King's College London,83.8,89.0274314214463,80.1980198019802,5.0,11.3,,7.0,470.0,67.4650698602794
2013,Music,67,58.0,9.0,Kingston,48.4,68.2980548054806,55.4455445544554,4.0,16.3,48.0,6.0,288.0,64.0048944842265
2014,Music,66,67.0,-1.0,Kingston,53.0,64.5,56.5656565656566,4.0,16.0,52.0,4.0,322.0,64.3286573146292
2015,Music,73,66.0,7.0,Kingston,45.4,64.9874055415617,46.9999999999999,5.0,16.5,49.0,2.0,315.0,61.3226452905811
2013,Music,27,17.0,10.0,Lancaster,70.7,81.7722772277228,66.3366336633663,9.0,11.8,49.0,3.0,331.0,76.2559855985599
2013,Music,58,50.0,8.0,Leeds,56.2,84.9570707070707,79.2079207920792,3.0,23.8,63.0,5.0,370.0,64.0047404740474
2014,Music,45,58.0,-13.0,Leeds,64.5,88.75,86.0,4.0,23.0,67.0,5.0,403.0,68.937875751503
2015,Music,32,45.0,-13.0,Leeds,77.0999999999999,92.2305764411027,85.1485148514851,5.0,17.8,61.0,5.0,466.0,74.749498997996
2013,Music,48,53.0,-5.0,Leeds College of Music,61.2,79.8449699892269,75.0,2.0,12.8,59.0,7.0,330.0,55.1458598425939
2013,Music,28,30.0,-2.0,Liverpool,70.6,89.9646464646465,84.0,4.0,15.7,49.0,7.0,,77.838803880388
2014,Music,42,28.0,14.0,Liverpool,66.3,91.4786967418546,78.0,3.0,18.7,54.0,7.0,398.0,64.6706586826347
2015,Music,42,42.0,0.0,Liverpool,71.4,92.5187032418952,93.0,4.0,17.1,45.0,6.0,395.0,70.2594810379241
2013,Music,57,60.0,-3.0,Liverpool John Moores,56.9,87.0,81.0,3.0,20.8,,,268.0,64.7306930693069
2014,Music,49,57.0,-8.0,Liverpool John Moores,63.9,92.4812030075188,85.8585858585859,4.0,27.0,,,342.0,75.0
2015,Music,71,49.0,22.0,Liverpool John Moores,50.3,80.7017543859649,74.7474747474747,2.0,19.8999999999999,,,311.0,55.5110220440881
2015,Music,75,,,London South Bank,36.4,80.25,75.0,2.0,32.7,,2.0,222.0,66.1354581673306
2013,Music,24,26.0,-2.0,Manchester,74.3,91.0,84.0,3.0,16.9,64.0,4.0,467.0,74.3663366336634
2014,Music,8,24.0,-16.0,Manchester,87.3,98.992443324937,95.959595959596,3.0,15.9,74.0,7.0,563.0,72.8
2015,Music,3,8.0,-5.0,Manchester,94.6,91.2718204488778,87.9999999999999,5.0,14.2,85.0,5.0,543.0,78.5999999999999
2013,Music,63,68.0,-5.0,Manchester Met,54.5,89.2722772277228,81.0,3.0,20.0,,4.0,280.0,67.5153315331533
2014,Music,67,63.0,4.0,Manchester Met,51.3,74.3142144638404,63.3663366336634,3.0,19.3,,7.0,326.0,54.0918163672655
2015,Music,70,67.0,3.0,Manchester Met,53.2,68.0,67.0,2.0,17.8999999999999,,4.0,338.0,62.7254509018036
2013,Music,70,32.0,38.0,Middlesex,45.3,77.4717218265605,59.0,9.0,25.8,46.0,4.0,233.0,54.7529624048961
2014,Music,71,70.0,1.0,Middlesex,44.5,69.3266832917706,50.0,8.0,28.1,,7.0,266.0,48.496993987976
2015,Music,29,71.0,-42.0,Middlesex,78.7,85.9649122807017,73.0,9.0,15.4,62.0,8.0,298.0,70.0
2013,Music,20,6.0,14.0,Newcastle,78.1,92.5,88.0,6.0,15.4,51.0,7.0,435.0,68.993997037499
2014,Music,23,20.0,3.0,Newcastle,76.6,88.8059701492537,80.0,6.0,14.6,60.0,7.0,463.0,65.7370517928287
2015,Music,17,23.0,-6.0,Newcastle,84.6,95.25,86.0,4.0,,76.0,8.0,437.0,72.0883534136546
2013,Music,55,72.0,-17.0,Northampton,57.8,81.8126678421267,71.0,8.0,19.1,,,186.0,70.4301858133412
2014,Music,68,55.0,13.0,Northampton,50.8,77.0573566084788,62.3762376237624,8.0,19.2,,1.0,,66.3346613545817
2015,Music,72,68.0,4.0,Northampton,49.1,83.5,72.0,4.0,21.7,51.0,,272.0,67.7354709418837
2013,Music,15,20.0,-5.0,Nottingham,83.4,96.2348484848485,83.0,5.0,11.3,66.0,4.0,446.0,78.8277227722772
2014,Music,20,15.0,5.0,Nottingham,78.4,96.75,91.0,7.0,13.9,58.0,4.0,411.0,73.9478957915832
2015,Music,4,20.0,-16.0,Nottingham,94.4,94.0,93.0,7.0,13.5,80.0,7.0,435.0,83.0677290836653
2013,Music,4,2.0,2.0,Oxford,93.4,92.5,96.0,,16.4,65.0,7.0,490.0,80.5777777777778
2014,Music,5,4.0,1.0,Oxford,90.2,93.25,94.059405940594,,17.6,76.0,6.0,535.0,74.749498997996
2015,Music,9,5.0,4.0,Oxford,88.8,94.776119402985,85.8585858585858,,20.0,82.0,7.0,530.0,72.4550898203592
2013,Music,25,63.0,-38.0,Oxford Brookes,72.8,92.514601460146,89.1089108910891,4.0,23.3,,9.0,303.0,85.559595959596
2014,Music,15,25.0,-10.0,Oxford Brookes,82.5,92.5187032418953,88.0,8.0,16.9,,9.0,315.0,80.8383233532934
2015,Music,34,15.0,19.0,Oxford Brookes,75.2,97.25,94.0,5.0,27.7,45.0,9.0,345.0,90.6
2013,Music,69,22.0,47.0,Plymouth,45.7,69.3429842984298,55.0,8.0,18.5,46.0,6.0,267.0,45.7210121012101
2014,Music,60,69.0,-9.0,Plymouth,57.2,79.5511221945137,75.2475247524752,8.0,18.2,47.0,7.0,272.0,59.8
2015,Music,23,60.0,-37.0,Plymouth,81.0,96.2311557788944,96.9696969696969,10.0,17.7,57.9999999999999,7.0,268.0,80.3212851405622
2013,Music,32,56.0,-24.0,"Queen's, Belfast",67.5,91.0148514851485,88.1188118811881,4.0,14.6,53.0,5.0,403.0,63.9108910891089
2014,Music,26,32.0,-6.0,"Queen's, Belfast",75.2,81.6377171215881,75.0,6.0,15.2,,8.0,410.0,74.7011952191235
2015,Music,10,26.0,-16.0,"Queen's, Belfast",88.7,95.5,96.9696969696969,5.0,13.1,74.0,7.0,376.0,82.0925553319919
2014,Music,74,,,Ravensbourne,39.5,70.049504950495,61.0,3.0,27.8,,,242.0,65.0698602794411
2013,Music,5,3.0,2.0,Royal Academy of Music,93.2,89.049504950495,84.1584158415842,8.0,9.0,,9.0,324.0,70.1633388145016
2014,Music,4,5.0,-1.0,Royal Academy of Music,90.9,87.468671679198,86.1386138613862,7.0,9.3,95.0,9.0,338.0,70.9163346613546
2015,Music,11,4.0,7.0,Royal Academy of Music,87.8,86.7167919799498,88.0,6.0,9.19999999999999,96.0,7.0,317.0,67.1999999999999
2013,Music,6,7.0,-1.0,Royal College of Music,92.5,86.4570707070707,85.0,10.0,11.8,98.0,6.0,303.0,59.2612612612613
2014,Music,3,6.0,-3.0,Royal College of Music,91.1,87.1536523929471,88.0,10.0,11.1,94.0,6.0,318.0,70.9677419354839
2015,Music,8,3.0,5.0,Royal College of Music,89.8,88.25,79.2079207920792,10.0,9.8,94.0,7.0,309.0,58.4
2013,Music,9,,,Royal Conservatoire of Scotland,89.1,,,7.0,9.8,86.0,6.0,327.0,
2014,Music,13,9.0,4.0,Royal Conservatoire of Scotland,83.6,,,6.0,9.9,82.0,7.0,329.0,
2015,Music,38,13.0,25.0,Royal Conservatoire of Scotland,72.7,78.3042394014962,77.0,6.0,11.3,84.0,4.0,399.0,44.6
2013,Music,23,29.0,-6.0,Royal Holloway,74.9,93.2920792079208,93.9393939393939,5.0,12.6,58.0,4.0,387.0,74.1849384938494
2014,Music,19,23.0,-4.0,Royal Holloway,79.0,95.7393483709273,92.0,4.0,13.5,77.0,4.0,439.0,71.4
2015,Music,15,19.0,-4.0,Royal Holloway,85.9,92.4812030075188,91.9191919191919,4.0,14.0,70.0,5.0,487.0,80.2788844621513
2013,Music,21,19.0,2.0,Royal Northern College of Music,77.0,84.0,74.0,8.0,12.0,79.0,6.0,341.0,56.8363438317516
2014,Music,25,21.0,4.0,Royal Northern College of Music,75.7,87.2180451127819,89.8989898989899,8.0,11.8,75.0,5.0,337.0,69.2614770459082
2015,Music,16,25.0,-9.0,Royal Northern College of Music,84.7,86.4661654135338,89.0,6.0,11.3,87.0,7.0,345.0,69.1999999999999
2014,Music,17,,,Royal Welsh College,79.9,81.0,68.0,,7.6,79.0,8.0,343.0,45.0
2015,Music,21,17.0,4.0,Royal Welsh College,81.4,81.0,68.0,,8.19999999999999,89.0,7.0,359.0,44.9999999999999
2013,Music,62,75.0,-13.0,Salford,54.8,84.7072918970729,76.0,3.0,16.8,45.0,9.0,277.0,59.1393939393939
2014,Music,52,62.0,-10.0,Salford,61.7,89.5,88.0,3.0,19.3,45.0,8.0,341.0,65.3306613226453
2015,Music,57,52.0,5.0,Salford,60.8,79.6992481203007,70.7070707070707,3.0,21.4,55.0,10.0,341.0,51.1952191235059
2013,Music,26,11.0,15.0,Sheffield,72.5,91.0,72.0,5.0,15.6,77.0,7.0,378.0,57.2792079207921
2014,Music,30,26.0,4.0,Sheffield,70.3,84.25,77.0,5.0,16.4,61.0,4.0,433.0,70.9741550695825
2015,Music,24,30.0,-6.0,Sheffield,80.9,88.5856079404466,81.0,5.0,12.1,64.0,7.0,402.0,79.6407185628742
2014,Music,21,18.0,3.0,SOAS,77.6,90.25,88.0,3.0,11.5,,,426.0,69.1532258064516
2015,Music,67,,,South Wales,57.2,79.3017456359102,68.3168316831683,8.0,17.6,40.0,3.0,297.0,62.4750499001996
2013,Music,16,23.0,-7.0,Southampton,82.0,99.2449494949495,100.0,6.0,16.3,69.0,8.0,409.0,65.5143514351435
2014,Music,16,16.0,0.0,Southampton,80.6,95.75,91.9191919191919,7.0,16.7,75.0,7.0,404.0,68.6746987951807
2015,Music,20,16.0,4.0,Southampton,82.9,92.9824561403508,92.0,5.0,11.0,74.0,7.0,399.0,63.8554216867469
2013,Music,71,76.0,-5.0,Southampton Solent,44.9,87.0175438596491,84.0,3.0,20.6,44.0,1.0,320.0,67.550495049505
2014,Music,73,71.0,2.0,Southampton Solent,42.7,74.1293532338309,71.0,3.0,21.4,30.0,4.0,308.0,55.5776892430279
2015,Music,64,73.0,-9.0,Southampton Solent,58.7,81.5,78.9999999999999,3.0,16.8,37.0,4.0,306.0,68.7374749498997
2013,Music,38,51.0,-13.0,Strathclyde,64.7,85.4671717171717,83.0,3.0,21.4,68.0,2.0,445.0,64.8078607860786
2014,Music,37,38.0,-1.0,Strathclyde,68.9,86.5336658354115,78.0,2.0,24.2,,5.0,,72.5646123260437
2013,Music,65,24.0,41.0,Sunderland,52.8,71.7005200520052,57.5757575757576,7.0,17.1,,,284.0,54.8914691469147
2014,Music,53,65.0,-12.0,Sunderland,61.6,78.5,68.0,8.0,16.2,,,250.0,59.4377510040161
2015,Music,53,53.0,0.0,Sunderland,63.9,75.3117206982543,67.6767676767676,7.0,15.8,,,291.0,60.4790419161676
2013,Music,14,14.0,0.0,Surrey,84.1,89.0771195097038,82.4887640449438,8.0,14.8,68.0,7.0,457.0,61.0488016217352
2014,Music,11,14.0,-3.0,Surrey,86.0,95.7123782117653,94.5571205007825,7.0,14.0,69.0,4.0,487.0,79.8489983977459
2015,Music,13,11.0,2.0,Surrey,86.8,93.3757304478306,90.3518764247558,8.0,11.8,56.9999999999999,6.0,464.0,71.1764351528593
2013,Music,45,31.0,14.0,Sussex,61.8,88.2417241724172,89.0,2.0,20.0,,7.0,354.0,74.2
2014,Music,57,45.0,12.0,Sussex,60.2,76.8079800498753,77.0,3.0,19.8,,7.0,393.0,52.9058116232465
2015,Music,31,57.0,-26.0,Sussex,77.3,84.0,81.1881188118811,4.0,9.1,,7.0,403.0,62.4254473161033
2013,Music,61,52.0,9.0,The Liverpool Institute for Performing Arts,55.2,79.8737623762376,81.0,2.0,18.0,64.0,5.0,264.0,66.2792079207921
2014,Music,39,61.0,-22.0,The Liverpool Institute for Performing Arts,67.0,81.5,82.0,3.0,18.0,73.0,5.0,327.0,80.8
2015,Music,58,39.0,19.0,The Liverpool Institute for Performing Arts,60.7,66.0847880299251,62.0,3.0,16.8,57.9999999999999,7.0,366.0,60.6425702811244
2013,Music,22,16.0,6.0,Trinity Laban Conservatoire,76.6,77.6930693069307,67.0,,8.8,90.0,5.0,328.0,49.1410341034103
2014,Music,28,22.0,6.0,Trinity Laban Conservatoire,72.8,78.9473684210526,75.0,10.0,9.5,84.0,1.0,310.0,50.6986027944112
2015,Music,25,28.0,-3.0,Trinity Laban Conservatoire,79.8,77.3067331670823,68.0,9.0,8.9,91.0,4.0,314.0,54.7094188376753
2013,Music,74,46.0,28.0,UC Falmouth,41.9,78.231339031339,69.6969696969697,5.0,23.6,50.0,4.0,202.0,61.7795693503777
2013,Music,11,12.0,-1.0,UEA,86.7,98.0,87.8787878787878,10.0,15.1,55.0,10.0,361.0,61.6336633663366
2014,Music,43,11.0,32.0,UEA,65.6,80.2992518703242,46.0,6.0,18.4,56.0,7.0,419.0,53.0693069306931
2013,Music,78,70.0,8.0,Ulster,33.1,66.0878107678317,54.5454545454545,3.0,19.6,,4.0,276.0,38.0811881188119
2014,Music,64,78.0,-14.0,Ulster,55.9,85.25,80.0,3.0,19.6,49.0,3.0,298.0,73.6526946107784
2015,Music,52,64.0,-12.0,Ulster,66.0,89.5,85.0,3.0,12.2,51.0,3.0,290.0,77.5100401606425
2013,Music,34,,,University of the Arts London,67.2,86.9570707070707,87.0,8.0,19.0,,,218.0,69.7676767676768
2014,Music,54,34.0,20.0,University of the Arts London,61.3,80.2992518703242,66.0,9.0,23.9,,6.0,,65.5378486055777
2015,Music,18,54.0,-36.0,University of the Arts London,84.2,80.5,78.0,10.0,9.1,,7.0,241.0,74.7011952191235
2013,Music,37,,,West London,64.8,78.2214221422142,64.6464646464646,9.0,15.6,57.0,7.0,253.0,59.6732673267327
2014,Music,44,37.0,7.0,West London,65.2,83.7905236907731,79.7979797979798,8.0,17.5,54.0,7.0,259.0,68.986083499006
2015,Music,40,44.0,-4.0,West London,71.9,83.0633563279332,76.7525978604052,5.0,10.1,60.0,7.0,300.0,63.9186145446465
2013,Music,73,,,West of Scotland,42.1,94.219696969697,95.0,2.0,23.3,37.0,1.0,315.0,69.9555555555556
2014,Music,72,73.0,-1.0,West of Scotland,44.1,85.5,69.3069306930693,3.0,23.8,39.0,1.0,346.0,75.0
2015,Music,63,72.0,-9.0,West of Scotland,58.9,89.3034825870646,84.0,2.0,,34.0,2.0,345.0,78.0
2013,Music,54,62.0,-8.0,Westminster,58.0,75.4040404040404,66.3366336633663,4.0,18.0,62.0,8.0,279.0,56.7070707070707
2014,Music,70,54.0,16.0,Westminster,45.4,73.1829573934837,60.6060606060606,4.0,24.1,56.0,7.0,292.0,45.4909819639279
2015,Music,58,70.0,-12.0,Westminster,60.7,69.172932330827,70.0,5.0,20.3999999999999,62.0,9.0,293.0,55.1999999999999
2013,Music,12,5.0,7.0,York,86.3,92.5222772277228,88.0,9.0,14.8,68.0,6.0,412.0,65.4362636263626
2014,Music,12,12.0,0.0,York,85.2,93.25,92.0,8.0,16.6,77.0,7.0,452.0,66.4670658682635
2015,Music,12,12.0,0.0,York,87.5,90.0249376558603,84.0,9.0,17.6,76.0,4.0,397.0,83.2335329341317
2013,Music,46,64.0,-18.0,York St John,61.6,79.25,68.0,5.0,20.2,41.0,10.0,,63.9962596259626
2014,Music,29,46.0,-17.0,York St John,71.7,89.6725440806045,79.0,8.0,17.7,,,235.0,72.7454909819639
2015,Music,45,29.0,16.0,York St John,70.3,79.5,78.9999999999999,3.0,15.3,,9.0,263.0,75.8964143426294
2013,Nursing & Midwifery,78,67.0,11.0,Abertay Dundee,26.3,,,1.0,17.7,55.0,,225.0,
2014,Nursing & Midwifery,75,78.0,-3.0,Abertay Dundee,28.1,80.0359794908062,74.7678571428571,1.0,,71.0,7.0,299.0,60.944038811044
2015,Nursing & Midwifery,68,75.0,-7.0,Abertay Dundee,32.7999999999999,87.2180451127819,74.2574257425742,2.0,24.0,,,266.0,38.6454183266932
2013,Nursing & Midwifery,50,56.0,-6.0,Anglia Ruskin,47.2,83.7171717171717,74.0,9.0,22.3,95.0,4.0,244.0,69.766596659666
2014,Nursing & Midwifery,52,50.0,2.0,Anglia Ruskin,47.5,83.25,78.0,9.0,19.8,90.0,,251.0,70.4819277108434
2015,Nursing & Midwifery,65,52.0,13.0,Anglia Ruskin,49.5,80.2005012531328,69.3069306930693,9.0,21.0,98.0,1.0,275.0,69.8
2013,Nursing & Midwifery,23,21.0,2.0,Bangor,58.0,88.4226754197159,85.4130434782608,6.0,14.9,93.0,2.0,280.0,77.6361447831297
2014,Nursing & Midwifery,34,23.0,11.0,Bangor,53.8,87.8983172216255,88.2302515965882,6.0,15.8,94.0,2.0,260.0,80.8308755760369
2015,Nursing & Midwifery,37,34.0,3.0,Bangor,64.5,86.0,78.7878787878787,6.0,14.7,99.0,2.0,311.0,76.0
2013,Nursing & Midwifery,37,11.0,26.0,Bedfordshire,53.3,84.9570707070707,77.0,6.0,16.2,,9.0,261.0,61.030303030303
2014,Nursing & Midwifery,47,37.0,10.0,Bedfordshire,49.3,85.0746268656716,83.1683168316832,6.0,19.2,89.0,10.0,246.0,64.5290581162324
2015,Nursing & Midwifery,62,47.0,15.0,Bedfordshire,52.8,82.7067669172932,82.8282828282828,5.0,23.5,97.0,7.0,263.0,65.7370517928286
2013,Nursing & Midwifery,9,10.0,-1.0,Birmingham,65.9,88.7414115509964,78.1344232515895,10.0,12.5,83.0,3.0,395.0,55.2904632152589
2014,Nursing & Midwifery,17,9.0,8.0,Birmingham,64.0,91.2549965855538,85.1474087463242,9.0,14.0,73.0,4.0,408.0,62.985892817482
2015,Nursing & Midwifery,11,17.0,-6.0,Birmingham,75.3,97.2568578553616,96.0,6.0,14.3,99.0,2.0,376.0,70.6586826347305
2013,Nursing & Midwifery,33,63.0,-30.0,Birmingham City,55.3,86.714381073524,87.9073582953534,5.0,18.3,86.0,8.0,276.0,78.13933834844
2014,Nursing & Midwifery,35,33.0,2.0,Birmingham City,52.9,86.4917693888793,87.854771225341,5.0,18.9,88.0,6.0,305.0,77.4282008515379
2015,Nursing & Midwifery,34,35.0,-1.0,Birmingham City,65.8,90.0497512437811,85.0,4.0,19.3999999999999,97.0,8.0,342.0,67.065868263473
2013,Nursing & Midwifery,41,38.0,3.0,Bournemouth,51.7,71.976348184269,64.6850399325647,8.0,15.8,89.0,8.0,327.0,58.7899576770864
2014,Nursing & Midwifery,10,41.0,-31.0,Bournemouth,68.7,88.6474539457807,85.1290322580645,8.0,15.6,79.0,10.0,314.0,76.5218695112025
2015,Nursing & Midwifery,32,10.0,22.0,Bournemouth,66.2,85.3233830845771,81.0,6.0,18.6,96.0,9.0,324.0,75.0
2013,Nursing & Midwifery,19,31.0,-12.0,Bradford,59.3,84.5277647124844,84.630452380759,5.0,15.6,93.0,7.0,295.0,68.74425979554
2014,Nursing & Midwifery,38,19.0,19.0,Bradford,51.5,84.7355471164886,85.3190484728946,6.0,17.2,86.0,6.0,305.0,68.1777600170756
2015,Nursing & Midwifery,53,38.0,15.0,Bradford,56.5,77.6381909547738,81.1881188118811,5.0,16.3999999999999,85.0,9.0,330.0,62.7766599597585
2013,Nursing & Midwifery,40,17.0,23.0,Brighton,52.2,88.7656322671102,85.9562626165529,4.0,15.4,77.0,8.0,300.0,62.9264470423978
2014,Nursing & Midwifery,44,40.0,4.0,Brighton,49.9,87.5480868102903,77.1048360066132,4.0,15.9,76.0,8.0,298.0,70.2437700593168
2015,Nursing & Midwifery,40,44.0,-4.0,Brighton,62.5,85.7142857142857,79.0,3.0,16.3,98.0,7.0,318.0,63.4
2013,Nursing & Midwifery,24,41.0,-17.0,Brunel,57.4,87.8366336633663,87.0,7.0,12.0,74.0,7.0,330.0,65.7786778677868
2014,Nursing & Midwifery,55,24.0,31.0,Brunel,45.8,84.0399002493766,81.0,6.0,11.7,62.0,4.0,343.0,57.684630738523
2013,Nursing & Midwifery,63,51.0,12.0,Bucks New University,41.1,79.3391089108911,72.2772277227723,3.0,21.7,100.0,3.0,,66.7786778677868
2014,Nursing & Midwifery,76,63.0,13.0,Bucks New University,27.0,86.75,71.0,4.0,22.8,100.0,2.0,236.0,57.3705179282868
2015,Nursing & Midwifery,63,76.0,-13.0,Bucks New University,50.7,84.6534653465346,84.8484848484848,4.0,22.1,,6.0,272.0,62.0758483033932
2013,Nursing & Midwifery,69,73.0,-4.0,Canterbury Christ Church,38.0,84.7619352263694,78.91399869914,2.0,19.4,93.0,7.0,254.0,61.8420644254206
2014,Nursing & Midwifery,68,69.0,-1.0,Canterbury Christ Church,38.4,85.7461906898077,81.0764858156975,2.0,20.4,84.0,7.0,290.0,64.8901727199009
2015,Nursing & Midwifery,49,68.0,-19.0,Canterbury Christ Church,59.6,82.7930174563591,78.7878787878788,2.0,17.3,98.0,9.0,292.0,62.1999999999999
2013,Nursing & Midwifery,34,26.0,8.0,Cardiff,54.6,82.0144554455446,79.560937427076,7.0,16.8,99.0,4.0,321.0,63.7564233503745
2014,Nursing & Midwifery,13,34.0,-21.0,Cardiff,66.3,91.8551159679239,88.7554452715743,9.0,17.9,94.0,4.0,353.0,73.3382741046884
2015,Nursing & Midwifery,20,13.0,7.0,Cardiff,71.0999999999999,89.1959798994974,87.8787878787878,,14.9,98.0,4.0,381.0,71.25748502994
2013,Nursing & Midwifery,59,72.0,-13.0,Central Lancashire,44.5,86.1156469394557,79.6025432735948,6.0,14.9,58.0,6.0,278.0,67.7858617748288
2014,Nursing & Midwifery,63,59.0,4.0,Central Lancashire,41.8,82.6663801411789,82.8916766022152,6.0,17.4,77.0,4.0,278.0,66.9396535273525
2015,Nursing & Midwifery,60,63.0,-3.0,Central Lancashire,54.8,81.2967581047381,74.0,7.0,18.5,94.0,4.0,342.0,61.6
2013,Nursing & Midwifery,60,60.0,0.0,Chester,44.4,82.8401400056388,71.9455894476505,4.0,17.4,89.0,6.0,259.0,65.421826197888
2014,Nursing & Midwifery,19,60.0,-41.0,Chester,63.6,93.5162094763092,89.7424401257963,5.0,17.8,85.0,9.0,267.0,81.5637493660369
2015,Nursing & Midwifery,30,19.0,11.0,Chester,67.0,87.0646766169154,84.1584158415841,5.0,17.3999999999999,97.0,7.0,314.0,78.4708249496981
2013,Nursing & Midwifery,14,7.0,7.0,City,62.3,80.7034869381903,74.7100083502326,9.0,14.8,88.0,8.0,295.0,63.2981864766859
2014,Nursing & Midwifery,60,14.0,46.0,City,44.2,74.9956944175346,67.8166116611661,8.0,19.3,89.0,8.0,282.0,58.4434294730485
2015,Nursing & Midwifery,67,60.0,7.0,City,46.9,80.0,71.7171717171717,7.0,21.3,84.0,4.0,323.0,69.6606786427145
2013,Nursing & Midwifery,31,22.0,9.0,Coventry,55.6,89.6576129162553,87.8208232445521,3.0,15.9,80.0,8.0,312.0,68.0163378288165
2014,Nursing & Midwifery,30,31.0,-1.0,Coventry,55.4,90.3061260362748,88.623467964774,4.0,16.4,79.0,8.0,317.0,70.7505264811372
2015,Nursing & Midwifery,9,30.0,-21.0,Coventry,76.7,94.4723618090452,95.9595959595959,4.0,15.1,98.0,8.0,331.0,88.1763527054108
2013,Nursing & Midwifery,74,32.0,42.0,Cumbria,35.2,87.8598048758364,90.2416020671835,1.0,17.8,74.0,6.0,246.0,68.5555832327419
2014,Nursing & Midwifery,71,74.0,-3.0,Cumbria,34.2,85.7592814820371,76.5047182349814,1.0,21.0,78.0,8.0,305.0,65.0261625449165
2015,Nursing & Midwifery,42,71.0,-29.0,Cumbria,62.1,88.4711779448621,82.0,1.0,16.7,97.0,8.0,311.0,77.7108433734939
2013,Nursing & Midwifery,76,76.0,0.0,De Montfort,34.1,78.9099973377619,81.8853716357551,4.0,16.0,80.0,1.0,268.0,65.3056028525478
2014,Nursing & Midwifery,73,76.0,-3.0,De Montfort,32.9,83.3920483428752,85.7221801346801,3.0,17.9,57.0,5.0,291.0,68.2800099601594
2015,Nursing & Midwifery,32,73.0,-41.0,De Montfort,66.2,96.0099750623441,95.0,3.0,17.5,,,309.0,82.1999999999999
2013,Nursing & Midwifery,53,42.0,11.0,Derby,46.8,83.6861381510816,72.9421111266688,4.0,13.3,76.0,6.0,263.0,61.613742076009
2014,Nursing & Midwifery,26,53.0,-27.0,Derby,56.1,89.9718639430562,84.6678861434531,4.0,13.4,73.0,7.0,306.0,73.0130139325631
2013,Nursing & Midwifery,61,53.0,8.0,Dundee,43.9,88.0006930564408,87.0024813895782,4.0,21.1,93.0,,230.0,66.9623855226006
2014,Nursing & Midwifery,58,61.0,-3.0,Dundee,44.4,86.783042394015,86.9361120255248,4.0,20.5,94.0,,286.0,65.6686626746507
2015,Nursing & Midwifery,61,58.0,3.0,Dundee,53.9,88.1909547738693,87.0,5.0,18.8,94.0,,237.0,67.6706827309237
2013,Nursing & Midwifery,25,69.0,-44.0,East London,57.3,89.4029374664131,91.4312499530722,9.0,13.2,71.0,4.0,218.0,73.640467769831
2014,Nursing & Midwifery,15,25.0,-10.0,East London,65.4,88.4627715762643,88.8045222545899,10.0,10.4,58.0,5.0,282.0,78.4290730506665
2013,Nursing & Midwifery,32,20.0,12.0,Edge Hill,55.5,90.9895942480404,89.1035721219181,2.0,16.3,96.0,4.0,246.0,80.0174667999237
2014,Nursing & Midwifery,32,32.0,0.0,Edge Hill,54.7,88.3374689826303,82.0,4.0,14.5,88.0,3.0,308.0,75.9443339960239
2015,Nursing & Midwifery,27,32.0,-5.0,Edge Hill,67.5,91.75,89.9999999999999,5.0,14.9,90.0,5.0,329.0,84.630738522954
2013,Nursing & Midwifery,1,1.0,0.0,Edinburgh,100.0,97.7449494949495,98.0,10.0,11.9,,9.0,432.0,83.4732673267326
2014,Nursing & Midwifery,1,1.0,0.0,Edinburgh,100.0,96.0,93.0693069306931,10.0,9.9,,9.0,468.0,71.2
2015,Nursing & Midwifery,1,1.0,0.0,Edinburgh,100.0,98.4962406015037,96.9696969696969,10.0,8.0,,,500.0,69.1382765531062
2013,Nursing & Midwifery,75,59.0,16.0,Edinburgh Napier,34.4,88.9722222222222,83.1683168316832,3.0,25.2,92.0,,202.0,74.4023285899094
2014,Nursing & Midwifery,77,75.0,2.0,Edinburgh Napier,26.5,81.9548872180451,79.0,3.0,24.9,91.0,,253.0,60.4790419161677
2015,Nursing & Midwifery,64,77.0,-13.0,Edinburgh Napier,50.3,85.5361596009975,81.0,3.0,20.0,94.0,,285.0,63.8
2013,Nursing & Midwifery,39,49.0,-10.0,Essex,52.6,81.9045029239766,86.3466666666666,7.0,13.0,72.0,6.0,270.0,67.5727486522667
2014,Nursing & Midwifery,49,39.0,10.0,Essex,48.4,84.0157232704402,88.1678419414269,7.0,13.5,63.0,6.0,304.0,69.4312878431699
2013,Nursing & Midwifery,10,25.0,-15.0,Glamorgan,64.1,89.2367736773677,90.8163265306122,7.0,15.4,91.0,5.0,288.0,76.7465546554655
2013,Nursing & Midwifery,2,2.0,0.0,Glasgow,90.5,96.2311766060327,96.1842044669584,10.0,14.7,,5.0,454.0,79.2672308423118
2014,Nursing & Midwifery,3,2.0,1.0,Glasgow,78.9,96.1097800471328,96.7368421052632,7.0,19.2,,,429.0,86.796992481203
2015,Nursing & Midwifery,4,3.0,1.0,Glasgow,85.1,88.7780548628428,88.1188118811881,9.0,16.8,,4.0,422.0,83.6653386454183
2013,Nursing & Midwifery,58,45.0,13.0,Glasgow Caledonian,44.6,86.9828776695604,87.8669300353948,3.0,19.2,70.0,7.0,277.0,74.9417209150518
2014,Nursing & Midwifery,66,58.0,8.0,Glasgow Caledonian,40.6,90.1709631908096,87.6767873459056,5.0,18.9,76.0,2.0,293.0,69.7892457253066
2015,Nursing & Midwifery,52,66.0,-14.0,Glasgow Caledonian,57.8,91.4786967418546,94.9494949494949,4.0,19.5,86.0,,319.0,79.2415169660678
2013,Nursing & Midwifery,55,54.0,1.0,Glyndwr,46.0,96.7673267326732,96.0,3.0,18.2,93.0,1.0,200.0,85.6673267326733
2014,Nursing & Midwifery,39,55.0,-16.0,Glyndwr,51.0,96.5233262665928,94.3670095164856,3.0,21.4,96.0,1.0,267.0,85.7616514582563
2015,Nursing & Midwifery,17,39.0,-22.0,Glyndwr,73.0999999999999,94.0298507462686,94.059405940594,4.0,14.0,94.0,2.0,,87.2763419483101
2013,Nursing & Midwifery,62,75.0,-13.0,Greenwich,42.9,92.5910473400281,91.0588235294118,3.0,21.5,86.0,,261.0,76.2001494267074
2014,Nursing & Midwifery,45,62.0,-17.0,Greenwich,49.8,93.4169774028567,91.0445922641045,3.0,21.6,84.0,8.0,329.0,67.4648393083904
2015,Nursing & Midwifery,55,45.0,10.0,Greenwich,56.1,91.9597989949748,88.8888888888889,3.0,22.5,90.0,8.0,299.0,78.6427145708582
2013,Nursing & Midwifery,43,40.0,3.0,Hertfordshire,49.3,87.771370777064,79.5927962614506,4.0,16.1,74.0,9.0,289.0,62.0587803382139
2014,Nursing & Midwifery,64,43.0,21.0,Hertfordshire,41.7,87.4225424672793,86.8222222222222,4.0,14.7,70.0,2.0,298.0,73.0948882001846
2015,Nursing & Midwifery,38,64.0,-26.0,Hertfordshire,64.2,83.25,77.2277227722772,4.0,16.0,97.0,8.0,319.0,58.7174348697394
2013,Nursing & Midwifery,54,62.0,-8.0,Huddersfield,46.6,88.7252176172535,86.2850382478809,5.0,16.2,66.0,6.0,248.0,78.2173644128087
2014,Nursing & Midwifery,21,54.0,-33.0,Huddersfield,58.2,93.3400578466368,92.4053667993062,4.0,19.4,79.0,7.0,293.0,83.3292902194311
2015,Nursing & Midwifery,6,21.0,-15.0,Huddersfield,80.2,96.2406015037594,97.0,4.0,16.8999999999999,96.0,8.0,372.0,93.8
2013,Nursing & Midwifery,36,36.0,0.0,Hull,53.9,86.239354528294,88.6129753914989,4.0,15.9,98.0,3.0,325.0,70.7841753302847
2014,Nursing & Midwifery,40,36.0,4.0,Hull,50.8,86.0349127182045,95.0,4.0,16.8,95.0,4.0,305.0,72.8542914171657
2015,Nursing & Midwifery,43,40.0,3.0,Hull,61.7,84.6153846153846,84.0,4.0,13.7,89.0,7.0,351.0,67.79324055666
2013,Nursing & Midwifery,12,8.0,4.0,Keele,62.9,97.031914893617,91.9148936170213,5.0,17.4,79.0,8.0,302.0,74.0449272890815
2014,Nursing & Midwifery,6,12.0,-6.0,Keele,75.5,95.0061728395062,95.8827160493827,6.0,13.9,82.0,10.0,314.0,74.5840570028947
2015,Nursing & Midwifery,14,6.0,8.0,Keele,73.7,92.5373134328358,91.089108910891,5.0,15.5,,9.0,332.0,68.9860834990059
2013,Nursing & Midwifery,70,65.0,5.0,Kent,37.4,89.5,94.0,7.0,19.4,55.0,3.0,316.0,50.5975391777861
2014,Nursing & Midwifery,41,70.0,-29.0,Kent,50.7,93.5,94.0,7.0,20.3,71.0,4.0,380.0,58.0
2013,Nursing & Midwifery,42,34.0,8.0,King's College London,50.9,84.5348509939962,77.3594306049822,7.0,19.9,84.0,7.0,362.0,51.8759256876989
2014,Nursing & Midwifery,33,42.0,-9.0,King's College London,53.9,87.5899552632506,85.687781606149,8.0,20.8,84.0,7.0,376.0,54.1534094338984
2015,Nursing & Midwifery,31,33.0,-2.0,King's College London,66.8,85.3233830845771,83.0,7.0,19.0,99.0,6.0,383.0,60.1999999999999
2013,Nursing & Midwifery,27,34.0,-7.0,Kingston,57.0,83.3468863190667,68.9673913043478,7.0,13.4,,9.0,295.0,61.2691343047348
2014,Nursing & Midwifery,16,,,Kingston - St George's University,64.7,86.5624777087401,85.69227994228,10.0,14.1,86.0,5.0,298.0,63.4169925643789
2015,Nursing & Midwifery,18,16.0,2.0,Kingston - St George's University,72.3,89.9749373433583,82.0,10.0,15.1,96.0,9.0,288.0,61.4770459081836
2013,Nursing & Midwifery,8,4.0,4.0,Leeds,67.2,87.8022540983607,80.4900584320727,10.0,14.3,97.0,3.0,317.0,62.9339961045285
2014,Nursing & Midwifery,37,8.0,29.0,Leeds,52.0,85.7031899443978,72.4758149167352,,16.1,96.0,2.0,350.0,58.0912845039615
2015,Nursing & Midwifery,19,37.0,-18.0,Leeds,71.8,78.8029925187032,70.0,10.0,16.0,98.0,2.0,388.0,64.0
2013,Nursing & Midwifery,56,43.0,13.0,Leeds Met,44.8,88.6101302248452,82.4405208993806,4.0,14.7,70.0,5.0,265.0,71.7176533416888
2014,Nursing & Midwifery,28,56.0,-28.0,Leeds Met,55.8,93.9396691278083,93.3186276767212,5.0,13.7,58.0,4.0,312.0,83.4081767599453
2015,Nursing & Midwifery,36,28.0,8.0,Leeds Met,65.0999999999999,94.7630922693266,89.0,4.0,13.0,96.0,3.0,299.0,67.3999999999999
2013,Nursing & Midwifery,49,57.0,-8.0,Lincoln,47.3,88.1123501214363,92.6383399209486,4.0,19.8,76.0,7.0,279.0,75.862420665507
2014,Nursing & Midwifery,23,49.0,-26.0,Lincoln,57.2,83.117862161385,88.4335273221979,4.0,18.1,86.0,9.0,312.0,72.8506785989656
2015,Nursing & Midwifery,39,23.0,16.0,Lincoln,63.5,92.5187032418952,96.039603960396,5.0,21.2,,5.0,321.0,77.0459081836327
2013,Nursing & Midwifery,13,12.0,1.0,Liverpool,62.5,90.9904563490057,87.0553454221827,9.0,11.5,94.0,1.0,322.0,65.2365130426163
2014,Nursing & Midwifery,22,13.0,9.0,Liverpool,57.8,84.7255327329856,76.6644295302014,8.0,12.0,91.0,2.0,339.0,60.3743595860289
2015,Nursing & Midwifery,2,22.0,-20.0,Liverpool,87.7,97.7556109725685,100.0,8.0,11.5,100.0,,366.0,88.0478087649402
2013,Nursing & Midwifery,71,77.0,-6.0,Liverpool John Moores,37.1,86.1994937994651,85.5468483816014,5.0,21.8,86.0,2.0,282.0,67.7120033638798
2014,Nursing & Midwifery,58,71.0,-13.0,Liverpool John Moores,44.4,84.3434076764946,81.665191238225,6.0,20.9,87.0,5.0,329.0,62.9141138968643
2015,Nursing & Midwifery,51,58.0,-7.0,Liverpool John Moores,58.6,85.5,84.9999999999999,5.0,19.1,92.0,4.0,338.0,74.4
2013,Nursing & Midwifery,17,37.0,-20.0,London South Bank,61.0,86.0785002353446,81.8221851542952,8.0,12.4,95.0,7.0,,63.5842303405476
2014,Nursing & Midwifery,46,17.0,29.0,London South Bank,49.7,87.3655503239195,84.5672092501079,5.0,19.2,97.0,7.0,258.0,67.5928965587185
2015,Nursing & Midwifery,56,46.0,10.0,London South Bank,55.9,87.2817955112219,82.0,4.0,19.3999999999999,93.0,8.0,272.0,59.0457256461232
2013,Nursing & Midwifery,18,16.0,2.0,Manchester,60.0,89.5674835344973,80.3209123734922,8.0,16.7,96.0,6.0,350.0,54.2773753518771
2014,Nursing & Midwifery,18,18.0,0.0,Manchester,63.8,90.4509400149382,88.7167799165388,8.0,15.6,95.0,3.0,370.0,65.66956744455
2015,Nursing & Midwifery,45,18.0,27.0,Manchester,61.0,83.7499999999999,77.0,7.0,14.3,92.0,4.0,375.0,56.4257028112449
2013,Nursing & Midwifery,72,66.0,6.0,Manchester Met,36.9,81.9153602316753,73.3130434782609,3.0,12.4,82.0,1.0,264.0,54.768647126676
2014,Nursing & Midwifery,72,72.0,0.0,Manchester Met,33.1,82.7920513997083,80.146504973078,3.0,17.7,64.0,2.0,347.0,66.8931780299019
2015,Nursing & Midwifery,26,72.0,-46.0,Manchester Met,68.4,95.0,100.0,3.0,16.2,98.0,2.0,335.0,81.5999999999999
2013,Nursing & Midwifery,57,19.0,38.0,Middlesex,44.7,86.0066627183891,78.8403908794788,9.0,14.4,69.0,3.0,222.0,66.4133688287396
2014,Nursing & Midwifery,48,57.0,-9.0,Middlesex,49.2,80.5283386356242,79.3397645519948,9.0,16.2,74.0,5.0,249.0,70.1051477543065
2015,Nursing & Midwifery,59,48.0,11.0,Middlesex,54.9,81.094527363184,82.1782178217821,7.0,17.8,,3.0,282.0,72.5450901803607
2013,Nursing & Midwifery,35,23.0,12.0,Northampton,54.4,85.0744222935071,80.7741935483871,4.0,14.3,86.0,9.0,258.0,63.1597977968926
2014,Nursing & Midwifery,24,35.0,-11.0,Northampton,57.0,85.0663191692857,85.2796610169492,6.0,12.7,90.0,5.0,306.0,69.0345181889202
2015,Nursing & Midwifery,23,24.0,-1.0,Northampton,70.3,92.2499999999999,92.0,6.0,12.6,97.0,2.0,323.0,80.1204819277108
2013,Nursing & Midwifery,37,38.0,-1.0,Northumbria,53.3,86.2090849974828,87.8008474576271,4.0,18.8,90.0,5.0,319.0,77.9564881064378
2014,Nursing & Midwifery,36,37.0,-1.0,Northumbria,52.7,89.7795081779565,90.471162824104,4.0,16.4,84.0,4.0,308.0,79.2658065889909
2015,Nursing & Midwifery,25,36.0,-11.0,Northumbria,69.9,93.0174563591022,93.0,4.0,16.3,97.0,5.0,362.0,79.3587174348697
2013,Nursing & Midwifery,5,14.0,-9.0,Nottingham,72.2,93.2287891552804,89.8481141914731,5.0,15.4,93.0,9.0,368.0,65.3147672385174
2014,Nursing & Midwifery,8,5.0,3.0,Nottingham,72.7,92.6303780709831,85.0623501199041,7.0,14.5,91.0,8.0,386.0,65.799975009972
2015,Nursing & Midwifery,7,8.0,-1.0,Nottingham,76.9,93.467336683417,91.9191919191919,7.0,14.7,99.0,8.0,364.0,66.3983903420523
2013,Nursing & Midwifery,29,12.0,17.0,Oxford Brookes,56.8,91.031411689556,86.1513893324816,4.0,15.3,82.0,6.0,287.0,75.5987767809039
2014,Nursing & Midwifery,12,29.0,-17.0,Oxford Brookes,66.5,93.0029069767442,88.2339396730371,5.0,16.9,89.0,6.0,335.0,82.8134521284495
2015,Nursing & Midwifery,12,12.0,0.0,Oxford Brookes,74.7,93.467336683417,89.9999999999999,8.0,16.2,93.0,7.0,346.0,85.3413654618473
2013,Nursing & Midwifery,47,48.0,-1.0,Plymouth,47.8,85.3172913632953,76.0012025012025,7.0,20.7,90.0,7.0,283.0,63.6246684012139
2014,Nursing & Midwifery,70,47.0,23.0,Plymouth,35.0,84.6811185623429,77.3717371737174,3.0,23.5,78.0,7.0,300.0,67.375823828661
2015,Nursing & Midwifery,41,70.0,-29.0,Plymouth,62.2,88.3663366336633,83.1683168316831,5.0,16.5,94.0,6.0,313.0,71.7948717948717
2013,Nursing & Midwifery,4,6.0,-2.0,Portsmouth,74.3,94.7463300453757,86.872852233677,,11.4,95.0,5.0,310.0,67.6649273132657
2014,Nursing & Midwifery,3,4.0,-1.0,Portsmouth,78.9,96.0324176268526,96.9186817671666,,13.5,91.0,9.0,353.0,64.0564692652168
2015,Nursing & Midwifery,3,3.0,0.0,Portsmouth,86.8,99.25,97.0,10.0,13.6,,,380.0,75.1984126984127
2013,Nursing & Midwifery,66,50.0,16.0,Queen Margaret,40.8,84.5257029801341,81.1740788832982,3.0,18.9,66.0,6.0,341.0,64.1248210334731
2014,Nursing & Midwifery,54,66.0,-12.0,Queen Margaret,46.6,88.3826837357202,87.012403804483,3.0,18.3,61.0,7.0,357.0,71.2903645746512
2015,Nursing & Midwifery,15,54.0,-39.0,Queen Margaret,73.5999999999999,98.4962406015037,100.0,3.0,16.0,100.0,4.0,365.0,70.3406813627254
2013,Nursing & Midwifery,28,27.0,1.0,"Queen's, Belfast",56.9,90.2323232323232,88.0,4.0,18.7,95.0,7.0,276.0,75.15822249501
2014,Nursing & Midwifery,50,28.0,22.0,"Queen's, Belfast",47.8,91.75,89.0,4.0,19.4,95.0,3.0,284.0,66.6666666666667
2015,Nursing & Midwifery,53,50.0,3.0,"Queen's, Belfast",56.5,93.4837092731829,91.089108910891,4.0,19.6,92.0,4.0,295.0,69.7394789579158
2013,Nursing & Midwifery,46,46.0,0.0,Robert Gordon,48.5,89.0424809872292,86.4527009222662,6.0,14.9,88.0,3.0,245.0,68.6530061701822
2014,Nursing & Midwifery,67,46.0,21.0,Robert Gordon,40.3,87.6736929027772,87.2181351083085,4.0,19.0,83.0,3.0,238.0,75.9973881777945
2015,Nursing & Midwifery,57,67.0,-10.0,Robert Gordon,55.2,86.0,87.0,4.0,19.1,93.0,,300.0,70.0598802395209
2013,Nursing & Midwifery,51,64.0,-13.0,Salford,47.1,84.3638609621566,81.0980198019802,4.0,13.0,79.0,3.0,291.0,64.261517499881
2014,Nursing & Midwifery,42,51.0,-9.0,Salford,50.3,88.2120233691958,86.9049610250698,6.0,14.1,73.0,3.0,300.0,70.4011646895545
2015,Nursing & Midwifery,47,42.0,5.0,Salford,59.9,83.75,81.1881188118811,4.0,14.8,95.0,3.0,353.0,66.9338677354709
2013,Nursing & Midwifery,11,,,Sheffield,63.4,92.004700470047,90.0,7.0,12.3,67.0,6.0,425.0,50.7852980610561
2014,Nursing & Midwifery,25,11.0,14.0,Sheffield,56.7,86.284289276808,86.8686868686869,7.0,13.3,55.0,5.0,454.0,54.1832669322709
2015,Nursing & Midwifery,24,25.0,-1.0,Sheffield,70.2,89.1358024691358,87.1287128712871,7.0,12.9,,,305.0,66.4682539682539
2013,Nursing & Midwifery,26,29.0,-3.0,Sheffield Hallam,57.2,88.0196265359662,81.502536253506,4.0,15.8,88.0,9.0,296.0,63.2842365456334
2014,Nursing & Midwifery,31,26.0,5.0,Sheffield Hallam,55.3,86.0448869440268,86.1181076171226,5.0,17.1,87.0,9.0,309.0,69.5575192307312
2015,Nursing & Midwifery,44,31.0,13.0,Sheffield Hallam,61.1,84.8258706467661,86.0,6.0,17.5,88.0,9.0,324.0,73.5999999999999
2015,Nursing & Midwifery,20,,,South Wales,71.0999999999999,93.4837092731829,95.0,4.0,16.2,95.0,4.0,378.0,83.6327345309381
2013,Nursing & Midwifery,6,8.0,-2.0,Southampton,71.3,86.5865977222722,85.6193181818182,9.0,15.6,90.0,8.0,378.0,59.867485839493
2014,Nursing & Midwifery,9,6.0,3.0,Southampton,70.3,91.7905529659174,87.3938448031995,10.0,15.9,88.0,8.0,334.0,63.8180185327178
2015,Nursing & Midwifery,8,9.0,-1.0,Southampton,76.8,82.7930174563591,84.0,9.0,15.4,100.0,8.0,354.0,70.4
2013,Nursing & Midwifery,63,28.0,35.0,St George's Medical School,41.1,78.4065420560748,73.1682242990654,,,70.0,2.0,354.0,52.5657855909956
2014,Nursing & Midwifery,62,,,St Mark and St John,42.1,,,2.0,14.9,,1.0,370.0,
2013,Nursing & Midwifery,3,5.0,-2.0,Staffordshire,76.2,92.029702970297,96.0,8.0,14.7,98.0,8.0,274.0,84.2647464746474
2014,Nursing & Midwifery,11,3.0,8.0,Staffordshire,67.8,92.0,87.0,6.0,15.7,91.0,8.0,252.0,85.2295409181637
2015,Nursing & Midwifery,22,11.0,11.0,Staffordshire,70.7,91.7293233082706,81.8181818181818,5.0,13.7,99.0,4.0,329.0,77.0623742454728
2013,Nursing & Midwifery,77,71.0,6.0,Stirling,29.7,81.9644306310973,77.0,5.0,22.6,92.0,,173.0,60.2391561736819
2014,Nursing & Midwifery,69,77.0,-8.0,Stirling,35.5,83.5,81.1881188118812,4.0,19.8,86.0,,219.0,62.9482071713148
2015,Nursing & Midwifery,48,69.0,-21.0,Stirling,59.8,90.4761904761904,89.0,4.0,16.3999999999999,93.0,,271.0,71.9438877755511
2013,Nursing & Midwifery,21,,,Strathclyde,58.7,89.1339545719278,90.3086779266162,2.0,14.6,71.0,6.0,429.0,63.6053640658184
2014,Nursing & Midwifery,28,21.0,7.0,Strathclyde,55.8,91.3576508839666,86.9189189189189,4.0,15.4,65.0,5.0,457.0,61.7046646111692
2013,Nursing & Midwifery,73,44.0,29.0,Sunderland,36.1,67.1919191919192,55.4455445544554,6.0,16.8,,,281.0,58.6545454545454
2014,Nursing & Midwifery,74,73.0,1.0,Sunderland,28.9,78.1094527363184,76.7676767676768,2.0,13.8,35.0,,,72.4
2013,Nursing & Midwifery,22,15.0,7.0,Surrey,58.4,92.1797514070517,89.0018289894833,8.0,23.4,94.0,6.0,345.0,71.961239992312
2014,Nursing & Midwifery,7,22.0,-15.0,Surrey,75.1,90.7730673316708,88.0,9.0,22.6,96.0,8.0,397.0,80.5220883534136
2015,Nursing & Midwifery,13,7.0,6.0,Surrey,74.5999999999999,89.4999999999999,88.8888888888889,8.0,23.2,98.0,8.0,395.0,74.1482965931863
2013,Nursing & Midwifery,16,46.0,-30.0,Swansea,61.7,83.6869435396308,86.573063973064,7.0,15.6,95.0,5.0,331.0,67.6688773125254
2014,Nursing & Midwifery,14,16.0,-2.0,Swansea,65.6,89.1385718466491,86.4705882352941,8.0,15.6,98.0,3.0,360.0,69.1251289856054
2015,Nursing & Midwifery,28,14.0,14.0,Swansea,67.4,86.180904522613,87.8787878787878,7.0,15.7,98.0,2.0,335.0,73.0923694779116
2013,Nursing & Midwifery,30,24.0,6.0,Teesside,56.2,89.941863256093,86.9395348837209,5.0,16.9,87.0,4.0,317.0,80.1755368094949
2014,Nursing & Midwifery,20,30.0,-10.0,Teesside,59.6,93.5421922893091,91.8122308919634,4.0,18.4,81.0,4.0,337.0,82.9812721152162
2015,Nursing & Midwifery,16,20.0,-4.0,Teesside,73.3,93.0,90.9999999999999,4.0,16.3999999999999,95.0,8.0,329.0,86.8525896414342
2013,Nursing & Midwifery,48,68.0,-20.0,UC Suffolk,47.4,84.7794372895233,82.4611825668548,,17.5,94.0,1.0,305.0,68.5047861795525
2014,Nursing & Midwifery,53,48.0,5.0,UC Suffolk,47.4,83.0925299872271,78.891472868217,,19.0,98.0,2.0,314.0,67.8690347150516
2013,Nursing & Midwifery,7,3.0,4.0,UEA,70.5,94.7945332994838,91.0512820512821,,12.5,85.0,7.0,314.0,65.2623211039053
2014,Nursing & Midwifery,5,7.0,-2.0,UEA,78.7,90.4257425742574,89.3333333333333,,13.2,91.0,9.0,371.0,74.2239292994356
2015,Nursing & Midwifery,5,5.0,0.0,UEA,84.6,85.0374064837905,89.0,10.0,12.5,99.0,8.0,370.0,61.5537848605577
2013,Nursing & Midwifery,45,29.0,16.0,Ulster,49.0,88.4283237669322,89.2048039074596,7.0,13.9,55.0,5.0,323.0,62.7474255464397
2014,Nursing & Midwifery,42,45.0,-3.0,Ulster,50.3,89.9538635424023,92.1919820654845,4.0,15.8,81.0,4.0,314.0,67.4839507919901
2015,Nursing & Midwifery,58,42.0,16.0,Ulster,55.1,89.7755610972568,93.9393939393939,3.0,17.6,94.0,3.0,328.0,57.429718875502
2015,Nursing & Midwifery,35,,,University Campus Suffolk,65.7,81.25,76.2376237623762,,18.3,98.0,6.0,374.0,71.1999999999999
2013,Nursing & Midwifery,44,55.0,-11.0,UWE Bristol,49.2,87.0368068147923,83.103100980652,3.0,16.5,87.0,6.0,287.0,64.4139755159807
2014,Nursing & Midwifery,50,44.0,6.0,UWE Bristol,47.8,85.0740469349552,80.7887788778878,3.0,16.4,89.0,7.0,312.0,62.174163141097
2015,Nursing & Midwifery,28,50.0,-22.0,UWE Bristol,67.4,85.286783042394,79.0,3.0,14.8,97.0,7.0,353.0,69.1382765531062
2013,Nursing & Midwifery,63,,,West London,41.1,69.3316831683168,65.6565656565657,5.0,19.0,98.0,,253.0,54.6
2014,Nursing & Midwifery,61,63.0,-2.0,West London,43.7,81.75,83.0,5.0,22.4,90.0,7.0,259.0,77.3547094188377
2015,Nursing & Midwifery,50,61.0,-11.0,West London,59.1,87.7499999999999,84.1584158415841,5.0,19.7,99.0,3.0,291.0,76.4
2013,Nursing & Midwifery,67,74.0,-7.0,West of Scotland,39.0,91.5839206232451,91.0619610348132,4.0,18.7,81.0,1.0,249.0,64.3615293787443
2014,Nursing & Midwifery,56,67.0,-11.0,West of Scotland,45.1,95.9118348017282,93.9693251533742,4.0,17.7,76.0,3.0,273.0,74.3924560777998
2015,Nursing & Midwifery,66,56.0,10.0,West of Scotland,48.2,91.2718204488777,90.09900990099,4.0,16.6,82.0,,259.0,62.4
2013,Nursing & Midwifery,20,70.0,-50.0,Westminster,59.2,91.7670267026703,83.0,6.0,16.1,,9.0,,70.9587158715872
2014,Nursing & Midwifery,65,20.0,45.0,Westminster,41.3,88.5572139303483,77.0,6.0,16.9,72.0,3.0,,61.3545816733068
2013,Nursing & Midwifery,52,57.0,-5.0,Worcester,47.0,96.9848484848485,97.0,1.0,22.4,90.0,5.0,266.0,78.6969696969697
2014,Nursing & Midwifery,27,52.0,-25.0,Worcester,55.9,97.75,100.0,3.0,19.9,90.0,5.0,256.0,93.9637826961771
2015,Nursing & Midwifery,46,27.0,19.0,Worcester,60.7,93.984962406015,92.0,2.0,17.8999999999999,93.0,7.0,276.0,77.8
2013,Nursing & Midwifery,15,33.0,-18.0,York,62.0,89.4368686868687,87.0,8.0,11.6,,7.0,357.0,53.2891489148915
2014,Nursing & Midwifery,2,15.0,-13.0,York,79.2,93.9698492462312,94.0,9.0,12.8,97.0,8.0,318.0,68.5370741482966
2015,Nursing & Midwifery,9,2.0,7.0,York,76.7,93.984962406015,87.9999999999999,8.0,15.3,97.0,6.0,351.0,63.8722554890219
2013,Nursing & Midwifery,68,61.0,7.0,York St John,38.4,90.529702970297,82.8282828282828,3.0,14.7,49.0,5.0,284.0,61.9035503550355
2014,Nursing & Midwifery,57,68.0,-11.0,York St John,44.5,91.0,90.0,5.0,16.1,62.0,3.0,320.0,68.8
2013,Pharmacy & Pharmacology,9,16.0,-7.0,Aston,86.0,86.7070707070707,94.0,5.0,17.5,100.0,6.0,421.0,76.6435643564356
2014,Pharmacy & Pharmacology,7,9.0,-2.0,Aston,87.3,92.7318295739348,94.0,5.0,17.1,99.0,6.0,459.0,73.7051792828685
2015,Pharmacy & Pharmacology,5,7.0,-2.0,Aston,93.2,93.5162094763092,94.059405940594,4.0,17.8,100.0,6.0,438.0,86.0279441117764
2013,Pharmacy & Pharmacology,17,18.0,-1.0,Bath,79.2,90.0272277227723,88.0,4.0,15.8,94.0,6.0,462.0,54.7727782412153
2014,Pharmacy & Pharmacology,11,17.0,-6.0,Bath,82.0,95.7286432160804,96.039603960396,5.0,16.0,93.0,4.0,450.0,70.5410821643287
2015,Pharmacy & Pharmacology,16,11.0,5.0,Bath,86.7,95.25,98.9999999999999,5.0,16.8999999999999,100.0,1.0,481.0,67.871485943775
2013,Pharmacy & Pharmacology,27,28.0,-1.0,Bradford,61.0,88.7892156862745,95.0,3.0,21.2,96.0,3.0,351.0,69.8930693069307
2014,Pharmacy & Pharmacology,25,27.0,-2.0,Bradford,70.1,88.0,92.0,3.0,23.1,98.0,7.0,375.0,71.6
2015,Pharmacy & Pharmacology,24,25.0,-1.0,Bradford,74.7,86.9346733668341,90.9090909090909,3.0,25.0,96.0,7.0,389.0,63.9442231075697
2013,Pharmacy & Pharmacology,24,21.0,3.0,Brighton,67.8,80.9065656565657,89.1089108910891,4.0,23.1,98.0,8.0,364.0,56.7263039410737
2014,Pharmacy & Pharmacology,28,24.0,4.0,Brighton,61.6,82.75,62.3762376237624,4.0,22.9,100.0,8.0,379.0,40.8450704225352
2015,Pharmacy & Pharmacology,18,28.0,-10.0,Brighton,84.0,85.75,93.0,4.0,23.0,98.0,9.0,368.0,73.3466933867735
2013,Pharmacy & Pharmacology,16,9.0,7.0,Bristol,80.8,83.9015151515152,81.8181818181818,8.0,6.2,72.0,3.0,428.0,62.3010101010101
2014,Pharmacy & Pharmacology,17,16.0,1.0,Bristol,80.1,90.5,84.0,9.0,10.3,69.0,3.0,468.0,74.6506986027944
2013,Pharmacy & Pharmacology,5,8.0,-3.0,Cardiff,89.8,93.9772727272727,93.939393939394,8.0,17.0,100.0,4.0,447.0,61.9535353535354
2014,Pharmacy & Pharmacology,1,5.0,-4.0,Cardiff,100.0,95.5,96.0,10.0,15.5,99.0,6.0,455.0,70.7414829659318
2015,Pharmacy & Pharmacology,2,1.0,1.0,Cardiff,99.0,93.5,96.9696969696969,9.0,13.9,98.0,5.0,452.0,72.4550898203592
2013,Pharmacy & Pharmacology,30,26.0,4.0,Central Lancashire,51.8,78.2871287128713,79.2079207920792,3.0,21.3,,5.0,369.0,44.4607860786079
2014,Pharmacy & Pharmacology,22,30.0,-8.0,Central Lancashire,74.9,89.0,92.0,4.0,17.8,100.0,2.0,392.0,86.0
2015,Pharmacy & Pharmacology,20,22.0,-2.0,Central Lancashire,82.8,90.5,88.8888888888888,3.0,20.2,100.0,4.0,406.0,81.6733067729083
2013,Pharmacy & Pharmacology,28,30.0,-2.0,De Montfort,57.4,83.3914350471192,91.0,3.0,16.5,90.0,3.0,312.0,59.6
2014,Pharmacy & Pharmacology,29,28.0,1.0,De Montfort,61.0,86.5,90.0990099009901,3.0,16.7,91.0,5.0,341.0,55.6224899598394
2015,Pharmacy & Pharmacology,25,29.0,-4.0,De Montfort,73.3,84.8258706467661,87.0,3.0,16.3999999999999,87.0,7.0,393.0,58.7174348697394
2013,Pharmacy & Pharmacology,4,4.0,0.0,Dundee,90.0,92.0594059405941,97.0,3.0,4.2,,,456.0,64.0329832983298
2014,Pharmacy & Pharmacology,9,4.0,5.0,Dundee,83.0,92.0594059405941,97.0,2.0,4.8,,,403.0,64.0329832983298
2013,Pharmacy & Pharmacology,14,5.0,9.0,Edinburgh,81.4,,,10.0,15.5,52.0,8.0,,
2013,Pharmacy & Pharmacology,22,15.0,7.0,Greenwich,68.9,94.2121212121212,96.039603960396,5.0,24.2,100.0,,288.0,84.8316831683168
2014,Pharmacy & Pharmacology,12,22.0,-10.0,Greenwich,81.9,93.483709273183,96.969696969697,6.0,25.8,100.0,9.0,339.0,83.7022132796781
2013,Pharmacy & Pharmacology,20,13.0,7.0,Hertfordshire,78.1,89.0191563903472,89.0,3.0,12.2,88.0,8.0,334.0,73.9277212324654
2014,Pharmacy & Pharmacology,13,20.0,-7.0,Hertfordshire,81.6,88.5856079404466,92.0,3.0,11.5,98.0,8.0,346.0,71.6566866267465
2015,Pharmacy & Pharmacology,14,13.0,1.0,Hertfordshire,87.6,91.0,96.0,5.0,11.0,97.0,6.0,364.0,70.5410821643286
2013,Pharmacy & Pharmacology,8,2.0,6.0,Huddersfield,86.7,99.009900990099,100.0,4.0,17.8,,,372.0,84.659405940594
2014,Pharmacy & Pharmacology,15,8.0,7.0,Huddersfield,81.1,96.2593516209476,91.0,3.0,20.3,,8.0,376.0,76.5060240963856
2015,Pharmacy & Pharmacology,7,15.0,-8.0,Huddersfield,92.0,97.25,97.9797979797979,3.0,14.8,98.0,8.0,403.0,77.4647887323943
2013,Pharmacy & Pharmacology,10,10.0,0.0,Keele,84.8,96.4949494949495,93.0,8.0,15.6,,5.0,366.0,68.2774085627741
2014,Pharmacy & Pharmacology,26,10.0,16.0,Keele,68.1,91.75,88.8888888888889,7.0,17.4,100.0,1.0,388.0,53.6
2015,Pharmacy & Pharmacology,10,26.0,-16.0,Keele,89.5,93.9546599496221,95.9595959595959,5.0,17.7,98.0,5.0,425.0,72.0
2013,Pharmacy & Pharmacology,26,24.0,2.0,Kent,62.6,89.5,94.0,7.0,24.9,92.0,5.0,320.0,50.501002004008
2014,Pharmacy & Pharmacology,8,26.0,-18.0,Kent,83.1,93.5,94.0,7.0,21.8,100.0,10.0,365.0,58.0
2013,Pharmacy & Pharmacology,15,22.0,-7.0,King's College London,81.0,94.509900990099,97.0,3.0,14.9,90.0,5.0,421.0,68.7316431065072
2014,Pharmacy & Pharmacology,20,15.0,5.0,King's College London,77.1,84.0,90.0,6.0,15.7,91.0,6.0,435.0,57.1713147410358
2015,Pharmacy & Pharmacology,17,20.0,-3.0,King's College London,84.1,88.7499999999999,87.8787878787878,8.0,15.3,94.0,4.0,431.0,56.6
2013,Pharmacy & Pharmacology,32,33.0,-1.0,Kingston,44.2,81.0,88.0,2.0,20.8,70.0,7.0,297.0,58.0119047619048
2014,Pharmacy & Pharmacology,31,32.0,-1.0,Kingston,38.8,76.5586034912718,76.7676767676768,3.0,19.8,77.0,3.0,302.0,59.0818363273453
2015,Pharmacy & Pharmacology,27,31.0,-4.0,Kingston,64.2,75.3731343283582,70.0,6.0,17.6,80.0,8.0,336.0,50.2
2013,Pharmacy & Pharmacology,11,1.0,10.0,Leeds,84.4,94.0,96.0,8.0,12.7,,2.0,386.0,81.6
2014,Pharmacy & Pharmacology,14,11.0,3.0,Leeds,81.2,97.0,100.0,8.0,12.9,,2.0,409.0,72.5646123260437
2015,Pharmacy & Pharmacology,6,14.0,-8.0,Leeds,92.5,96.7254408060453,100.0,7.0,11.0,,4.0,405.0,80.1999999999999
2013,Pharmacy & Pharmacology,18,3.0,15.0,Liverpool,79.0,89.6590909090909,95.0,10.0,8.7,60.0,3.0,364.0,57.7087112072552
2014,Pharmacy & Pharmacology,21,18.0,3.0,Liverpool,75.0,94.4862155388471,96.0,10.0,9.2,68.0,2.0,435.0,54.6719681908549
2015,Pharmacy & Pharmacology,19,21.0,-2.0,Liverpool,83.0,90.2743142144638,91.9191919191919,9.0,7.7,82.0,4.0,413.0,57.4297188755019
2013,Pharmacy & Pharmacology,29,29.0,0.0,Liverpool John Moores,53.3,78.0489548954896,86.0,3.0,21.7,94.0,6.0,376.0,46.2
2014,Pharmacy & Pharmacology,27,29.0,-2.0,Liverpool John Moores,64.2,87.468671679198,91.0891089108911,3.0,24.5,95.0,6.0,397.0,63.12625250501
2015,Pharmacy & Pharmacology,26,27.0,-1.0,Liverpool John Moores,66.8,74.0,81.0,3.0,23.5,96.0,7.0,393.0,38.0761523046092
2013,Pharmacy & Pharmacology,33,32.0,1.0,London Met,37.6,81.6313131313131,74.0,2.0,23.1,,4.0,209.0,61.0626262626262
2014,Pharmacy & Pharmacology,30,33.0,-3.0,London Met,42.8,83.8889618060113,90.7849548112706,2.0,,,3.0,250.0,66.0011164274322
2015,Pharmacy & Pharmacology,28,30.0,-2.0,London Met,42.0,83.5233768946175,81.0119047619047,2.0,34.2,,1.0,250.0,72.4200598802395
2013,Pharmacy & Pharmacology,20,11.0,9.0,Manchester,78.1,78.7312231223122,84.1584158415842,9.0,13.8,89.0,5.0,434.0,46.041512605042
2014,Pharmacy & Pharmacology,4,20.0,-16.0,Manchester,90.3,88.9724310776942,86.1386138613861,10.0,13.2,94.0,4.0,463.0,65.2
2015,Pharmacy & Pharmacology,12,4.0,8.0,Manchester,88.7,84.28927680798,83.1683168316831,10.0,12.8,93.0,3.0,444.0,64.6706586826347
2015,Pharmacy & Pharmacology,9,,,Medway School of Pharmacy,90.0,95.0,98.0,7.0,21.8,99.0,9.0,355.0,77.3547094188376
2013,Pharmacy & Pharmacology,7,12.0,-5.0,Nottingham,86.8,82.3311831183118,90.0,9.0,13.7,99.0,4.0,461.0,57.675556265304
2014,Pharmacy & Pharmacology,5,7.0,-2.0,Nottingham,88.9,87.780548628429,91.0,8.0,13.6,97.0,5.0,470.0,60.4790419161677
2015,Pharmacy & Pharmacology,3,5.0,-2.0,Nottingham,97.6,87.719298245614,92.0,9.0,14.1,97.0,7.0,488.0,62.6746506986027
2013,Pharmacy & Pharmacology,25,25.0,0.0,Nottingham Trent,65.6,80.75,89.0,3.0,8.4,,,313.0,57.314629258517
2013,Pharmacy & Pharmacology,31,31.0,0.0,Portsmouth,48.6,78.25,74.2574257425743,4.0,15.7,91.0,1.0,320.0,62.1346303169643
2014,Pharmacy & Pharmacology,19,31.0,-12.0,Portsmouth,79.0,91.25,90.0,4.0,15.2,91.0,8.0,353.0,68.937875751503
2015,Pharmacy & Pharmacology,21,19.0,2.0,Portsmouth,78.7,93.0348258706467,96.039603960396,4.0,16.6,90.0,6.0,351.0,75.6972111553784
2013,Pharmacy & Pharmacology,2,14.0,-12.0,"Queen's, Belfast",96.2,96.0,91.0,5.0,18.8,100.0,7.0,437.0,82.3232323232323
2014,Pharmacy & Pharmacology,2,2.0,0.0,"Queen's, Belfast",98.9,98.5,98.989898989899,5.0,18.7,99.0,6.0,433.0,93.2270916334662
2015,Pharmacy & Pharmacology,4,2.0,2.0,"Queen's, Belfast",96.9,97.0074812967581,98.0,5.0,15.6,99.0,5.0,429.0,89.0438247011952
2013,Pharmacy & Pharmacology,23,27.0,-4.0,Reading,68.4,81.0,84.8484848484848,4.0,14.6,100.0,6.0,359.0,44.1110311031103
2014,Pharmacy & Pharmacology,24,23.0,1.0,Reading,72.9,83.375314861461,87.0,4.0,16.5,98.0,8.0,379.0,51.6
2015,Pharmacy & Pharmacology,8,24.0,-16.0,Reading,90.6,90.7035175879396,93.069306930693,6.0,13.7,100.0,7.0,393.0,66.7330677290836
2013,Pharmacy & Pharmacology,13,17.0,-4.0,Robert Gordon,82.0,93.25,93.9393939393939,3.0,14.9,100.0,,443.0,66.610101010101
2014,Pharmacy & Pharmacology,6,13.0,-7.0,Robert Gordon,88.7,95.2380952380952,98.989898989899,3.0,16.5,100.0,8.0,450.0,69.6177062374245
2015,Pharmacy & Pharmacology,14,6.0,8.0,Robert Gordon,87.6,88.5,90.09900990099,3.0,17.0,98.0,7.0,480.0,67.3306772908366
2013,Pharmacy & Pharmacology,3,7.0,-4.0,Strathclyde,95.2,87.6944444444445,91.0,5.0,13.8,93.0,10.0,481.0,56.5311780157608
2014,Pharmacy & Pharmacology,18,3.0,15.0,Strathclyde,79.4,83.75,88.8888888888889,5.0,17.9,96.0,6.0,507.0,62.8
2015,Pharmacy & Pharmacology,22,18.0,4.0,Strathclyde,75.0,80.25,79.0,4.0,24.7,93.0,6.0,510.0,47.8957915831663
2013,Pharmacy & Pharmacology,6,20.0,-14.0,Sunderland,87.9,89.7595509550955,90.0,5.0,19.8,100.0,10.0,409.0,70.9452565328218
2014,Pharmacy & Pharmacology,23,6.0,17.0,Sunderland,73.0,85.678391959799,88.0,4.0,17.5,95.0,8.0,373.0,51.7034068136273
2015,Pharmacy & Pharmacology,23,23.0,0.0,Sunderland,74.9,81.0473815461346,75.9999999999999,4.0,17.8999999999999,100.0,8.0,345.0,48.7077534791252
2013,Pharmacy & Pharmacology,12,1.0,11.0,UCL,82.3,88.5247524752476,85.1485148514852,8.0,15.4,92.0,8.0,421.0,48.1533758797567
2014,Pharmacy & Pharmacology,10,12.0,-2.0,UCL,82.5,84.5,84.8484848484848,9.0,15.9,94.0,3.0,489.0,54.6
2015,Pharmacy & Pharmacology,13,10.0,3.0,UCL,87.8,80.75,75.0,9.0,13.9,94.0,5.0,474.0,44.4
2013,Pharmacy & Pharmacology,1,6.0,-5.0,UEA,100.0,95.5,97.0,7.0,14.0,98.0,6.0,420.0,80.3818181818182
2014,Pharmacy & Pharmacology,3,1.0,2.0,UEA,92.7,96.75,95.0,5.0,14.6,98.0,4.0,442.0,74.2971887550201
2015,Pharmacy & Pharmacology,11,3.0,8.0,UEA,89.2,93.0174563591022,94.9999999999999,5.0,16.3999999999999,100.0,2.0,471.0,71.5139442231075
2013,Pharmacy & Pharmacology,19,23.0,-4.0,Ulster,78.9,79.228897889789,71.2871287128713,8.0,5.3,,,367.0,59.7802343614643
2014,Pharmacy & Pharmacology,16,19.0,-3.0,Ulster,80.6,85.3233830845771,84.0,6.0,8.7,,,378.0,76.6932270916335
2015,Pharmacy & Pharmacology,1,16.0,-15.0,Ulster,100.0,100.0,100.0,4.0,13.3,,,392.0,96.7806841046277
2013,Philosophy,20,14.0,6.0,Aberdeen,61.6,91.7928767876788,82.8333333333333,5.0,18.6,,9.0,351.0,63.3094251647387
2014,Philosophy,30,20.0,10.0,Aberdeen,65.4,96.1464449017142,95.043308113749,5.0,18.5,54.0,6.0,416.0,68.2957474563006
2015,Philosophy,14,30.0,-16.0,Aberdeen,57.1,96.6907880836678,94.8728079442214,4.0,17.0,49.0,9.0,427.0,79.7614950534173
2013,Philosophy,16,37.0,-21.0,Anglia Ruskin,63.4,88.4083928718075,84.8484848484848,10.0,17.0,,,227.0,82.3393939393939
2014,Philosophy,24,16.0,8.0,Anglia Ruskin,69.5,91.0224438902743,81.1881188118812,10.0,17.3,,,242.0,72.0
2015,Philosophy,29,24.0,5.0,Anglia Ruskin,41.9,91.75,81.0,9.0,24.7,,9.0,214.0,74.4979919678714
2013,Philosophy,41,41.0,0.0,Bath Spa,46.7,97.489898989899,90.9090909090909,2.0,21.1,,,282.0,86.1191919191919
2014,Philosophy,44,41.0,3.0,Bath Spa,51.6,92.0,92.0,2.0,23.2,,,335.0,80.8
2013,Philosophy,28,38.0,-10.0,Birmingham,53.7,91.539403940394,77.0,8.0,20.6,63.0,4.0,409.0,63.5584158415842
2014,Philosophy,15,28.0,-13.0,Birmingham,73.5,89.0547263681592,85.0,8.0,19.8,73.0,6.0,414.0,68.6626746506986
2015,Philosophy,11,15.0,-4.0,Birmingham,60.8,94.75,86.9999999999999,6.0,18.5,68.0,8.0,404.0,83.3999999999999
2013,Philosophy,32,45.0,-13.0,Brighton,50.0,99.0,95.959595959596,3.0,21.7,36.0,9.0,288.0,81.6
2014,Philosophy,42,32.0,10.0,Brighton,53.0,98.0049875311721,88.1188118811881,3.0,21.6,,3.0,285.0,76.24750499002
2015,Philosophy,40,42.0,-2.0,Brighton,28.8,94.6802855257525,93.2176308539944,3.0,20.7,47.0,3.0,258.0,81.8272727272727
2013,Philosophy,18,11.0,7.0,Bristol,62.3,93.7821782178218,80.0,7.0,19.4,69.0,5.0,504.0,60.3591368145824
2014,Philosophy,27,18.0,9.0,Bristol,66.8,88.6934673366834,78.0,5.0,18.1,71.0,7.0,485.0,57.1142284569138
2015,Philosophy,12,27.0,-15.0,Bristol,60.0,93.1989924433249,84.0,5.0,15.2,78.0,7.0,480.0,68.2634730538922
2013,Philosophy,1,1.0,0.0,Cambridge,100.0,96.0,100.0,,14.6,76.0,8.0,540.0,85.0
2014,Philosophy,8,1.0,7.0,Cambridge,83.1,82.8358208955224,85.1485148514852,,14.5,67.0,6.0,581.0,70.4590818363273
2015,Philosophy,1,8.0,-7.0,Cambridge,100.0,93.7343358395989,92.079207920792,10.0,12.2,80.0,8.0,588.0,75.8964143426294
2013,Philosophy,34,30.0,4.0,Cardiff,49.5,97.4848484848485,96.0,3.0,21.6,49.0,2.0,436.0,83.2
2014,Philosophy,26,34.0,-8.0,Cardiff,67.5,97.75,96.969696969697,4.0,20.1,63.0,5.0,419.0,73.0923694779116
2015,Philosophy,33,26.0,7.0,Cardiff,39.5,93.984962406015,93.9393939393939,6.0,24.2,64.0,3.0,405.0,77.3547094188376
2013,Philosophy,38,16.0,22.0,Central Lancashire,47.9,93.2835820895523,94.0,7.0,20.0,,,277.0,86.491935483871
2014,Philosophy,21,38.0,-17.0,Central Lancashire,70.8,93.984962406015,93.0,6.0,19.1,,,296.0,88.1526104417671
2015,Philosophy,39,21.0,18.0,Central Lancashire,31.9,95.9999999999999,98.0,4.0,20.2,,1.0,309.0,86.6
2013,Philosophy,23,12.0,11.0,Dundee,56.5,89.98399839984,83.1683168316832,5.0,22.4,,9.0,342.0,77.4
2014,Philosophy,22,23.0,-1.0,Dundee,70.2,90.4761904761905,87.8787878787879,5.0,23.9,,9.0,375.0,82.4
2015,Philosophy,28,22.0,6.0,Dundee,42.1,93.467336683417,91.9191919191919,4.0,29.7,,,382.0,80.8383233532934
2013,Philosophy,7,8.0,-1.0,Durham,80.4,90.469696969697,90.0,6.0,15.6,76.0,7.0,532.0,79.6545781936684
2014,Philosophy,5,7.0,-2.0,Durham,87.5,90.7730673316708,91.0,6.0,15.8,73.0,8.0,550.0,78.8423153692615
2015,Philosophy,4,5.0,-1.0,Durham,73.5,97.9949874686716,95.049504950495,5.0,15.6,76.0,7.0,532.0,84.7695390781563
2013,Philosophy,33,17.0,16.0,Edinburgh,49.7,78.8514851485148,67.0,9.0,16.9,55.0,7.0,460.0,35.6625062506251
2014,Philosophy,13,33.0,-20.0,Edinburgh,76.5,83.6683417085427,76.0,10.0,16.9,79.0,6.0,496.0,52.2088353413655
2015,Philosophy,17,13.0,4.0,Edinburgh,52.8,87.0324189526184,82.1782178217821,10.0,28.0,63.0,7.0,488.0,65.7370517928286
2013,Philosophy,10,7.0,3.0,Essex,72.8,94.9644133644134,97.0,7.0,12.3,,4.0,365.0,83.3590568261847
2014,Philosophy,14,10.0,4.0,Essex,75.2,94.0149625935162,97.029702970297,5.0,12.7,,3.0,370.0,85.2589641434263
2015,Philosophy,21,14.0,7.0,Essex,49.9,97.2431077694235,95.0,4.0,21.0,,4.0,368.0,84.5691382765531
2013,Philosophy,37,25.0,12.0,Exeter,48.2,88.5,78.0,5.0,22.3,,4.0,459.0,63.3434343434344
2014,Philosophy,22,37.0,-15.0,Exeter,70.2,96.0,92.0,5.0,21.9,,6.0,483.0,76.2
2015,Philosophy,10,22.0,-12.0,Exeter,62.4,93.7343358395989,94.9999999999999,5.0,14.2,,6.0,445.0,82.8343313373253
2013,Philosophy,19,13.0,6.0,Glasgow,61.7,95.259900990099,95.0,8.0,18.6,29.0,6.0,429.0,80.6313631363136
2014,Philosophy,17,19.0,-2.0,Glasgow,72.4,89.6725440806045,87.0,6.0,18.9,72.0,4.0,466.0,70.6586826347305
2015,Philosophy,22,17.0,5.0,Glasgow,48.6,94.75,94.0,6.0,20.7,,3.0,462.0,75.4
2013,Philosophy,15,28.0,-13.0,Hertfordshire,63.5,93.479797979798,96.0,2.0,16.8,,8.0,317.0,86.0178217821782
2014,Philosophy,36,15.0,21.0,Hertfordshire,60.8,93.7965260545906,83.0,3.0,16.6,,3.0,335.0,75.4491017964072
2015,Philosophy,35,36.0,-1.0,Hertfordshire,34.4,97.7443609022556,89.8989898989898,4.0,12.4,,4.0,347.0,68.3266932270916
2013,Philosophy,43,40.0,3.0,Heythrop College,39.2,87.1762176217622,79.0,1.0,14.9,44.0,6.0,343.0,60.2435643564356
2014,Philosophy,46,43.0,3.0,Heythrop College,49.8,84.5,79.0,1.0,15.2,70.0,4.0,361.0,52.0958083832335
2015,Philosophy,36,46.0,-10.0,Heythrop College,34.2,91.3151364764268,87.0,1.0,19.6,57.9999999999999,8.0,356.0,74.6506986027944
2013,Philosophy,44,46.0,-2.0,Hull,36.1,94.7722772277228,92.0,2.0,18.2,54.0,1.0,306.0,64.2617434675798
2014,Philosophy,39,44.0,-5.0,Hull,57.0,97.9949874686717,99.0,2.0,19.6,,4.0,342.0,69.7394789579158
2015,Philosophy,41,39.0,2.0,Hull,28.0,83.7092731829573,85.0,7.0,,52.0,3.0,310.0,72.9083665338645
2013,Philosophy,40,44.0,-4.0,Keele,47.1,92.209595959596,91.0,3.0,19.7,,,324.0,71.4545454545454
2014,Philosophy,35,40.0,-5.0,Keele,60.9,99.25,100.0,2.0,23.0,,,351.0,75.751503006012
2015,Philosophy,30,35.0,-5.0,Keele,41.5,94.2643391521197,96.0,3.0,28.3,,8.0,368.0,78.9156626506024
2013,Philosophy,21,31.0,-10.0,Kent,60.0,90.25,90.0,5.0,12.7,74.0,5.0,361.0,52.4642857142857
2014,Philosophy,30,21.0,9.0,Kent,65.4,86.25,88.8888888888889,6.0,11.8,59.0,3.0,375.0,68.6626746506986
2015,Philosophy,15,30.0,-15.0,Kent,54.0,87.96992481203,88.0,6.0,13.2,65.0,7.0,381.0,80.3212851405622
2013,Philosophy,5,5.0,0.0,King's College London,81.1,92.009900990099,90.0990099009901,7.0,12.7,64.0,7.0,465.0,82.0415841584158
2014,Philosophy,2,5.0,-3.0,King's College London,98.7,94.9874686716792,84.0,8.0,13.6,87.0,9.0,490.0,70.8582834331337
2015,Philosophy,8,2.0,6.0,King's College London,68.3,96.75,93.069306930693,6.0,13.0,79.0,6.0,455.0,72.7091633466135
2013,Philosophy,24,20.0,4.0,Lancaster,56.3,89.0519801980198,83.1683168316832,8.0,15.2,65.0,1.0,389.0,58.0871287128713
2014,Philosophy,33,24.0,9.0,Lancaster,63.1,94.9874686716792,93.0,7.0,16.3,67.0,1.0,428.0,77.2
2015,Philosophy,38,33.0,5.0,Lancaster,32.5,90.9999999999999,92.0,6.0,13.8,55.0,1.0,413.0,65.5378486055776
2013,Philosophy,35,42.0,-7.0,Leeds,49.4,89.4823232323232,86.0,4.0,20.3,63.0,5.0,410.0,66.3764576457646
2014,Philosophy,45,35.0,10.0,Leeds,51.4,89.7755610972568,86.8686868686869,6.0,22.6,49.0,4.0,413.0,65.6
2015,Philosophy,34,45.0,-11.0,Leeds,37.9,89.9497487437186,83.9999999999999,8.0,11.6,46.0,3.0,413.0,69.2614770459081
2013,Philosophy,26,19.0,7.0,Liverpool,55.2,89.3998653198653,95.0,8.0,17.8,,2.0,394.0,65.8848484848485
2014,Philosophy,40,26.0,14.0,Liverpool,55.6,84.5386533665836,83.8383838383839,8.0,20.5,56.0,4.0,428.0,66.1354581673307
2015,Philosophy,44,40.0,4.0,Liverpool,25.0,85.5721393034826,75.0,6.0,13.8,,2.0,395.0,67.4
2013,Philosophy,3,3.0,0.0,London School of Economics,89.3,88.264401440144,89.0,9.0,11.3,,8.0,502.0,68.4
2014,Philosophy,1,3.0,-2.0,London School of Economics,100.0,92.0,95.959595959596,9.0,10.7,,8.0,508.0,81.437125748503
2015,Philosophy,9,1.0,8.0,London School of Economics,65.7,90.25,92.0,5.0,13.5,,7.0,516.0,82.6
2013,Philosophy,27,43.0,-16.0,Manchester,55.0,86.5668316831683,76.7676767676768,9.0,20.1,61.0,4.0,451.0,58.4
2014,Philosophy,34,27.0,7.0,Manchester,62.0,85.5,75.2475247524752,7.0,18.9,69.0,3.0,477.0,63.5814889336016
2015,Philosophy,30,34.0,-4.0,Manchester,41.5,87.2817955112219,81.8181818181818,6.0,15.4,65.0,4.0,428.0,71.3999999999999
2013,Philosophy,46,35.0,11.0,Manchester Met,29.8,94.0,94.0,2.0,22.0,26.0,5.0,290.0,67.8
2014,Philosophy,47,46.0,1.0,Manchester Met,47.1,87.780548628429,83.0,2.0,23.1,44.0,8.0,317.0,69.8795180722892
2015,Philosophy,43,47.0,-4.0,Manchester Met,26.3,91.2935323383084,92.9292929292929,3.0,23.0,33.0,8.0,310.0,76.0479041916167
2013,Philosophy,11,23.0,-12.0,Newcastle,67.4,98.0,96.0,4.0,21.0,,6.0,406.0,86.4
2014,Philosophy,12,11.0,1.0,Newcastle,77.9,94.2643391521197,92.0792079207921,4.0,19.7,,8.0,418.0,81.6
2015,Philosophy,16,12.0,4.0,Newcastle,53.2,98.4962406015037,93.9393939393939,7.0,26.9,,8.0,402.0,76.5531062124248
2014,Philosophy,41,,,Northampton,55.2,94.0149625935162,95.049504950495,4.0,27.1,,,282.0,88.4462151394422
2013,Philosophy,36,29.0,7.0,Nottingham,48.6,92.7722772277228,92.0792079207921,4.0,18.8,62.0,2.0,411.0,67.2
2014,Philosophy,25,36.0,-11.0,Nottingham,69.0,94.2355889724311,94.0,5.0,18.6,70.0,3.0,417.0,77.5100401606426
2015,Philosophy,24,25.0,-1.0,Nottingham,46.5,91.5211970074813,90.0,6.0,18.5,73.0,3.0,412.0,75.2495009980039
2013,Philosophy,2,2.0,0.0,Oxford,89.9,94.0,95.0,,13.9,71.0,7.0,588.0,66.2464446611467
2014,Philosophy,3,2.0,1.0,Oxford,95.2,93.984962406015,94.0,,13.5,75.0,8.0,594.0,68.3366733466934
2015,Philosophy,2,3.0,-1.0,Oxford,76.4,93.4837092731829,92.9292929292929,,12.9,75.0,7.0,593.0,72.6546906187624
2013,Philosophy,9,9.0,0.0,Oxford Brookes,73.7,93.9873737373737,93.0,8.0,14.7,,9.0,315.0,69.1090909090909
2014,Philosophy,4,9.0,-5.0,Oxford Brookes,90.1,97.4874371859296,100.0,9.0,17.9,,10.0,335.0,84.0
2015,Philosophy,5,4.0,1.0,Oxford Brookes,72.0999999999999,94.7630922693266,90.09900990099,5.0,9.6,,10.0,326.0,83.6327345309381
2013,Philosophy,39,41.0,-2.0,"Queen's, Belfast",47.4,73.6489898989899,55.5555555555556,6.0,16.1,,,395.0,59.9080459770115
2014,Philosophy,37,39.0,-2.0,"Queen's, Belfast",60.0,90.0744416873449,73.0,5.0,16.4,,,379.0,64.859437751004
2015,Philosophy,42,37.0,5.0,"Queen's, Belfast",27.0,88.9724310776942,84.1584158415841,4.0,14.1,,2.0,376.0,70.8582834331337
2013,Philosophy,31,33.0,-2.0,Reading,50.5,91.4873737373737,89.0,5.0,15.9,49.0,2.0,391.0,72.6352435243524
2014,Philosophy,29,31.0,-2.0,Reading,65.6,94.25,98.0,6.0,14.9,56.0,2.0,390.0,72.7454909819639
2015,Philosophy,25,29.0,-4.0,Reading,44.8,95.9999999999999,97.0,4.0,11.5,52.0,3.0,372.0,72.7454909819639
2013,Philosophy,22,31.0,-9.0,Roehampton,57.5,100.0,95.0,2.0,18.4,,,301.0,83.9052441155718
2014,Philosophy,28,22.0,6.0,Roehampton,66.6,99.4987468671679,96.0,3.0,18.6,,,269.0,84.1683366733467
2014,Philosophy,20,,,Royal Holloway,71.6,93.7027707808564,95.959595959596,4.0,15.9,,,404.0,72.289156626506
2015,Philosophy,27,20.0,7.0,Royal Holloway,42.6,92.0199501246882,93.0,3.0,13.1,,,393.0,69.3227091633466
2013,Philosophy,25,15.0,10.0,Sheffield,55.4,93.5372096033133,92.0792079207921,4.0,22.1,56.0,5.0,462.0,76.4212819719472
2014,Philosophy,17,25.0,-8.0,Sheffield,72.4,97.2431077694236,98.0,4.0,22.9,72.0,5.0,455.0,81.4
2015,Philosophy,23,17.0,6.0,Sheffield,48.3,96.2406015037593,94.0,6.0,16.8,60.0,6.0,441.0,66.5330661322645
2013,Philosophy,29,36.0,-7.0,Southampton,52.3,92.7574257425743,96.0,4.0,18.9,44.0,5.0,430.0,66.1834437586261
2014,Philosophy,32,29.0,3.0,Southampton,64.7,92.75,92.0,4.0,20.3,50.0,8.0,407.0,74.3027888446215
2015,Philosophy,18,32.0,-14.0,Southampton,52.2,93.7343358395989,96.9999999999999,4.0,22.8,78.0,7.0,405.0,77.7555110220441
2013,Philosophy,4,6.0,-2.0,St Andrews,84.9,89.7468746874687,93.0693069306931,8.0,12.9,,8.0,563.0,70.3326732673267
2014,Philosophy,6,4.0,2.0,St Andrews,86.9,91.0,91.0,9.0,12.7,,5.0,524.0,71.8875502008032
2015,Philosophy,3,6.0,-3.0,St Andrews,74.9,93.3246323443727,89.6341970645662,10.0,10.4,68.0,4.0,500.0,72.3469400060295
2014,Philosophy,43,,,"St Mary's UC, Twickenham",52.2,94.5273631840796,97.0,2.0,27.1,,,274.0,87.2763419483102
2015,Philosophy,37,43.0,-6.0,"St Mary's UC, Twickenham",33.7,94.0,90.0,2.0,23.3,,,289.0,85.1405622489959
2013,Philosophy,42,34.0,8.0,Staffordshire,46.4,88.75,76.0,5.0,19.3,,,293.0,71.6
2014,Philosophy,38,42.0,-4.0,Staffordshire,58.1,86.6834170854272,81.8181818181818,6.0,18.8,,,252.0,75.2
2013,Philosophy,29,31.0,-2.0,Stirling,52.3,95.2146464646465,97.0,3.0,19.4,,4.0,372.0,81.266106442577
2014,Philosophy,19,29.0,-10.0,Stirling,72.0,97.4937343358396,98.0,4.0,15.9,,3.0,401.0,85.1703406813627
2015,Philosophy,25,19.0,6.0,Stirling,44.8,93.5,90.9999999999999,3.0,13.5,47.0,4.0,375.0,82.9659318637274
2013,Philosophy,13,18.0,-5.0,Sussex,66.0,94.0097509750975,100.0,6.0,20.4,58.0,7.0,396.0,81.2095808383234
2014,Philosophy,48,13.0,35.0,Sussex,46.2,84.75,87.0,5.0,23.5,39.0,4.0,425.0,62.0
2015,Philosophy,32,48.0,-16.0,Sussex,40.9,96.4824120603014,95.0,4.0,19.1,41.0,5.0,426.0,82.8
2013,Philosophy,44,26.0,18.0,Trinity Saint David,36.1,88.7970297029703,73.7373737373737,3.0,20.9,,,253.0,65.1421906588565
2014,Philosophy,49,44.0,5.0,Trinity Saint David,34.3,80.0498753117207,70.2970297029703,2.0,22.5,,,222.0,69.3227091633466
2013,Philosophy,6,4.0,2.0,UCL,81.0,91.2192648922687,88.1188118811881,8.0,13.3,50.0,9.0,499.0,70.6
2014,Philosophy,6,6.0,0.0,UCL,86.9,86.9674185463659,82.0,10.0,14.0,68.0,9.0,477.0,58.7525150905432
2015,Philosophy,7,6.0,1.0,UCL,70.0999999999999,91.9799498746866,87.8787878787878,9.0,12.7,,8.0,526.0,59.8
2013,Philosophy,14,21.0,-7.0,UEA,65.6,96.509900990099,92.0,9.0,15.9,44.0,3.0,386.0,80.1108910891089
2014,Philosophy,10,14.0,-4.0,UEA,80.5,97.2636815920398,97.0,9.0,14.5,48.0,6.0,406.0,81.2375249500998
2015,Philosophy,6,10.0,-4.0,UEA,71.7,100.0,100.0,8.0,15.9,67.0,4.0,423.0,82.1285140562248
2013,Philosophy,12,24.0,-12.0,UWE Bristol,66.2,93.8118811881188,96.039603960396,4.0,17.7,,9.0,294.0,78.9857264914309
2014,Philosophy,9,12.0,-3.0,UWE Bristol,80.6,99.0,96.0,4.0,19.0,,7.0,307.0,88.8
2015,Philosophy,13,9.0,4.0,UWE Bristol,57.2,100.0,100.0,3.0,27.2,55.0,8.0,335.0,93.9879759519037
2013,Philosophy,8,10.0,-2.0,Warwick,74.2,89.25,88.0,8.0,14.3,62.0,6.0,497.0,66.7974947807933
2014,Philosophy,11,8.0,3.0,Warwick,78.1,88.0,84.1584158415842,8.0,14.3,75.0,6.0,531.0,55.3571428571429
2015,Philosophy,20,11.0,9.0,Warwick,50.5,91.5211970074813,94.0,5.0,17.8,64.0,6.0,509.0,66.9980119284294
2013,Philosophy,17,22.0,-5.0,York,62.6,94.5,90.9090909090909,6.0,19.1,67.0,4.0,460.0,67.6543170495786
2014,Philosophy,16,17.0,-1.0,York,72.5,94.0149625935162,92.0,7.0,18.6,66.0,4.0,470.0,72.5450901803607
2015,Philosophy,19,16.0,3.0,York,51.5,93.2668329177057,84.1584158415841,5.0,16.2,71.0,6.0,465.0,65.3306613226452
2013,Physics,41,39.0,2.0,Aberystwyth,38.0,79.0,72.0,3.0,17.1,,,310.0,66.4
2014,Physics,43,41.0,2.0,Aberystwyth,35.1,87.5311720698254,88.1188118811881,3.0,20.8,,,310.0,56.1752988047809
2015,Physics,43,43.0,0.0,Aberystwyth,42.6,75.689223057644,78.7878787878787,2.0,24.5,,10.0,330.0,60.6
2013,Physics,22,22.0,0.0,Bath,68.4,91.4719221922192,93.0,3.0,11.7,80.0,4.0,465.0,64.5980798079808
2014,Physics,24,22.0,2.0,Bath,69.7,93.0,92.9292929292929,4.0,12.5,77.0,4.0,488.0,66.1971830985916
2015,Physics,13,24.0,-11.0,Bath,76.0999999999999,94.235588972431,93.0,4.0,12.2,94.0,6.0,512.0,70.3187250996016
2013,Physics,5,3.0,2.0,Birmingham,89.9,89.239898989899,93.9393939393939,8.0,10.0,75.0,6.0,503.0,72.0424242424242
2014,Physics,4,5.0,-1.0,Birmingham,88.0,93.984962406015,95.0,9.0,10.2,80.0,4.0,538.0,77.5551102204409
2015,Physics,3,4.0,-1.0,Birmingham,88.0,97.2431077694235,99.0,8.0,11.6,86.0,6.0,555.0,84.4311377245509
2013,Physics,23,23.0,0.0,Bristol,68.2,86.4722222222222,82.0,5.0,13.7,76.0,5.0,498.0,64.0446631184066
2014,Physics,25,23.0,2.0,Bristol,69.1,89.9749373433584,86.8686868686869,5.0,13.8,72.0,6.0,529.0,70.8249496981891
2015,Physics,31,25.0,6.0,Bristol,62.9,84.4611528822055,84.1584158415841,5.0,14.1,85.0,5.0,490.0,58.5999999999999
2013,Physics,40,36.0,4.0,Cardiff,45.4,84.5,88.0,5.0,13.1,61.0,2.0,430.0,56.8
2014,Physics,29,40.0,-11.0,Cardiff,63.6,88.25,92.9292929292929,5.0,12.1,70.0,6.0,445.0,65.8682634730539
2015,Physics,25,29.0,-4.0,Cardiff,67.8,89.2768079800498,88.0,6.0,12.8,87.0,4.0,461.0,70.3187250996015
2013,Physics,37,38.0,-1.0,Central Lancashire,48.6,84.5519801980198,86.1386138613862,3.0,15.2,,,305.0,71.6425249511851
2014,Physics,39,37.0,2.0,Central Lancashire,51.3,86.75,83.1683168316832,3.0,11.6,,,326.0,73.8
2015,Physics,21,39.0,-18.0,Central Lancashire,70.8,92.2885572139303,93.069306930693,3.0,7.8,,,365.0,84.2315369261477
2013,Physics,39,37.0,2.0,Dundee,45.7,85.3465346534653,72.2772277227723,3.0,15.9,,,380.0,53.4238223822382
2014,Physics,34,39.0,-5.0,Dundee,55.2,90.0249376558604,95.049504950495,2.0,12.7,,,373.0,68.452380952381
2015,Physics,32,34.0,-2.0,Dundee,61.7,92.7680798004987,96.0,2.0,11.4,,,386.0,68.8622754491018
2013,Physics,10,9.0,1.0,Durham,82.5,87.4570707070707,91.9191919191919,4.0,11.2,80.0,6.0,574.0,70.6640161524458
2014,Physics,7,10.0,-3.0,Durham,85.6,87.6884422110553,86.0,5.0,10.9,83.0,8.0,584.0,77.9116465863454
2015,Physics,7,7.0,0.0,Durham,77.7,85.286783042394,88.8888888888889,4.0,10.8,86.0,7.0,623.0,75.6972111553784
2013,Physics,9,14.0,-5.0,Edinburgh,83.3,89.0,94.0,10.0,11.6,64.0,7.0,514.0,67.3430143014301
2014,Physics,19,9.0,10.0,Edinburgh,74.3,85.2130325814536,81.0,,11.0,81.0,7.0,519.0,56.0
2015,Physics,9,19.0,-10.0,Edinburgh,77.0,84.6733668341708,89.0,10.0,11.5,75.0,7.0,523.0,60.3999999999999
2013,Physics,21,30.0,-9.0,Exeter,69.2,86.8769053522268,79.3432835820896,3.0,12.7,83.0,9.0,435.0,47.3238361969273
2014,Physics,15,21.0,-6.0,Exeter,77.3,90.8899974926726,88.6585365853658,5.0,11.0,84.0,8.0,446.0,68.6185695432677
2015,Physics,15,15.0,0.0,Exeter,76.0,85.286783042394,87.0,5.0,10.6,94.0,7.0,476.0,75.0
2013,Physics,24,25.0,-1.0,Glasgow,67.8,92.0542554255426,93.9393939393939,4.0,12.4,70.0,3.0,477.0,72.7923392339234
2014,Physics,21,24.0,-3.0,Glasgow,72.1,94.75,93.0,5.0,13.2,87.0,1.0,481.0,79.6812749003984
2015,Physics,35,21.0,14.0,Glasgow,60.2,89.3300248138957,92.0,4.0,14.6,79.0,3.0,492.0,62.2489959839357
2013,Physics,35,41.0,-6.0,Heriot-Watt,51.8,78.1287878787879,73.0,9.0,10.0,,1.0,382.0,62.5102050434928
2014,Physics,18,35.0,-17.0,Heriot-Watt,75.6,92.5,89.0,10.0,9.0,,1.0,399.0,83.4331337325349
2015,Physics,5,18.0,-13.0,Heriot-Watt,83.9,95.2141057934508,93.9393939393939,10.0,9.19999999999999,,2.0,425.0,84.6
2013,Physics,20,12.0,8.0,Hertfordshire,70.1,93.7619761976198,96.0,4.0,5.6,,,355.0,65.5333333333333
2014,Physics,8,20.0,-12.0,Hertfordshire,85.1,94.5137157107232,96.0,3.0,6.4,,,346.0,85.1703406813627
2015,Physics,4,8.0,-4.0,Hertfordshire,84.7,91.4786967418546,88.9999999999999,4.0,8.4,,10.0,374.0,78.9579158316633
2013,Physics,42,40.0,2.0,Hull,34.8,94.75,100.0,2.0,23.5,,3.0,334.0,65.4363636363636
2014,Physics,40,42.0,-2.0,Hull,50.8,91.2718204488778,96.0,2.0,20.7,77.0,3.0,350.0,71.7693836978131
2015,Physics,39,40.0,-1.0,Hull,48.3,95.2380952380952,99.0,3.0,19.3999999999999,53.0,5.0,344.0,75.8483033932135
2013,Physics,12,8.0,4.0,Imperial College,81.8,82.135384456813,86.8686868686869,8.0,10.2,78.0,7.0,588.0,52.3252525252525
2014,Physics,5,12.0,-7.0,Imperial College,87.0,86.0,88.0,9.0,10.1,80.0,8.0,609.0,64.0562248995984
2015,Physics,6,5.0,1.0,Imperial College,82.6,90.2743142144638,89.0,8.0,10.5,85.0,7.0,603.0,68.6626746506985
2013,Physics,15,29.0,-14.0,Keele,74.8,97.0,95.0495049504951,4.0,8.9,,,310.0,78.2
2014,Physics,13,15.0,-2.0,Keele,78.8,96.5,97.0,4.0,7.6,,,368.0,84.0
2015,Physics,13,13.0,0.0,Keele,76.0999999999999,98.0,97.0,5.0,8.5,,3.0,354.0,91.2
2013,Physics,34,31.0,3.0,Kent,53.3,88.6818181818182,84.8484848484848,3.0,13.4,,6.0,346.0,69.4833238040785
2014,Physics,41,34.0,7.0,Kent,49.7,88.6071090361192,95.8603071964396,3.0,12.1,61.0,7.0,364.0,59.437262365037
2015,Physics,42,41.0,1.0,Kent,44.6,81.2895411537001,79.9935711989713,3.0,12.8,71.0,3.0,361.0,45.3010392369438
2013,Physics,27,16.0,11.0,King's College London,66.0,76.8341584158416,78.2178217821782,8.0,12.5,,4.0,422.0,73.6257960931228
2014,Physics,17,27.0,-10.0,King's College London,76.3,82.75,82.0,7.0,10.3,88.0,7.0,453.0,66.6
2015,Physics,32,17.0,15.0,King's College London,61.7,84.6347607052896,82.0,7.0,10.4,,3.0,466.0,66.7334669338677
2013,Physics,2,4.0,-2.0,Lancaster,96.5,95.75,96.0,9.0,7.6,66.0,8.0,440.0,90.8
2014,Physics,2,2.0,0.0,Lancaster,91.2,95.75,100.0,7.0,9.5,,8.0,498.0,93.186372745491
2015,Physics,10,2.0,8.0,Lancaster,76.8,86.75,87.9999999999999,7.0,10.1,70.0,6.0,521.0,85.6
2013,Physics,11,20.0,-9.0,Leeds,82.3,90.059405940594,93.0693069306931,4.0,12.3,89.0,4.0,435.0,77.2985486048605
2014,Physics,32,11.0,21.0,Leeds,58.4,85.9649122807017,85.0,4.0,13.2,66.0,6.0,428.0,63.2530120481928
2015,Physics,29,32.0,-3.0,Leeds,63.6,94.2499999999999,96.039603960396,3.0,13.4,71.0,4.0,447.0,79.1583166332665
2013,Physics,25,24.0,1.0,Leicester,67.3,86.8300968218369,93.9393939393939,9.0,7.6,66.0,3.0,384.0,62.2930693069307
2014,Physics,9,25.0,-16.0,Leicester,83.5,88.75,88.0,9.0,6.2,79.0,5.0,416.0,73.8
2015,Physics,17,9.0,8.0,Leicester,74.9,87.8411910669975,88.0,8.0,6.2,73.0,5.0,407.0,76.0479041916167
2013,Physics,6,15.0,-9.0,Liverpool,88.2,96.039603960396,96.0,10.0,8.8,73.0,6.0,401.0,74.7306930693069
2014,Physics,14,6.0,8.0,Liverpool,77.4,87.1287128712871,95.0,10.0,10.1,63.0,7.0,448.0,74.6
2015,Physics,28,14.0,14.0,Liverpool,63.8,86.0,83.8383838383838,8.0,11.6,68.0,5.0,425.0,72.3107569721115
2013,Physics,28,17.0,11.0,Loughborough,64.8,86.0,90.0,3.0,11.5,,7.0,384.0,77.2308430843084
2014,Physics,36,28.0,8.0,Loughborough,53.4,86.5,87.8787878787879,3.0,11.5,70.0,1.0,402.0,83.5010060362173
2015,Physics,37,36.0,1.0,Loughborough,57.4,87.3134328358208,90.09900990099,3.0,9.8,60.0,2.0,390.0,81.7635270541082
2013,Physics,4,6.0,-2.0,Manchester,90.0,95.9949494949495,96.0,9.0,11.1,70.0,7.0,495.0,74.0312738367658
2014,Physics,12,4.0,8.0,Manchester,79.1,90.0,91.0,8.0,11.8,75.0,4.0,568.0,72.8370221327968
2015,Physics,12,12.0,0.0,Manchester,76.3,91.5211970074813,87.1287128712871,8.0,13.0,77.0,6.0,561.0,73.4
2013,Physics,19,11.0,8.0,Nottingham,70.2,87.0,86.0,8.0,10.3,74.0,4.0,453.0,60.1089108910891
2014,Physics,30,19.0,11.0,Nottingham,62.5,83.9598997493734,80.0,8.0,11.1,63.0,5.0,473.0,67.4
2015,Physics,16,30.0,-14.0,Nottingham,75.7,92.75,92.9292929292929,7.0,12.7,83.0,5.0,501.0,79.1164658634538
2013,Physics,30,32.0,-2.0,Nottingham Trent,63.6,88.25,86.8686868686869,2.0,10.8,,9.0,298.0,75.5070707070707
2014,Physics,38,30.0,8.0,Nottingham Trent,51.4,85.0374064837905,79.0,2.0,10.6,,4.0,322.0,73.1610337972167
2015,Physics,27,38.0,-11.0,Nottingham Trent,65.5,94.2643391521197,100.0,3.0,9.9,53.0,7.0,313.0,91.4
2013,Physics,1,1.0,0.0,Oxford,100.0,89.5119761976198,92.9292929292929,9.0,9.4,77.0,6.0,621.0,78.569696969697
2014,Physics,1,1.0,0.0,Oxford,100.0,89.75,84.1584158415842,10.0,9.2,83.0,8.0,628.0,77.710843373494
2015,Physics,2,1.0,1.0,Oxford,90.8,86.0,82.0,10.0,8.9,87.0,7.0,631.0,75.4
2014,Physics,35,,,Portsmouth,54.7,93.2330827067669,88.8888888888889,3.0,9.7,,,269.0,61.6766467065868
2015,Physics,38,35.0,3.0,Portsmouth,51.3,88.6934673366834,88.0,4.0,12.4,,,273.0,60.6361829025844
2013,Physics,17,19.0,-2.0,Queen Mary,72.4,86.8316831683168,89.1089108910891,5.0,10.9,,8.0,356.0,76.3691879714287
2014,Physics,26,17.0,9.0,Queen Mary,66.6,91.0,96.969696969697,4.0,9.4,,4.0,372.0,75.9519038076152
2015,Physics,41,26.0,15.0,Queen Mary,47.4,76.4267990074441,69.0,4.0,9.9,,1.0,401.0,65.2694610778443
2013,Physics,38,18.0,20.0,"Queen's, Belfast",47.7,84.0,83.0,5.0,9.4,56.0,4.0,424.0,61.2534653465346
2014,Physics,22,38.0,-16.0,"Queen's, Belfast",70.2,91.75,91.0891089108911,4.0,9.8,77.0,6.0,413.0,69.6606786427146
2015,Physics,23,22.0,1.0,"Queen's, Belfast",69.7,92.5,94.059405940594,4.0,11.7,89.0,7.0,418.0,65.3999999999999
2013,Physics,13,5.0,8.0,Royal Holloway,80.0,89.8143564356436,92.0792079207921,6.0,8.2,,6.0,352.0,76.7868386838684
2014,Physics,11,13.0,-2.0,Royal Holloway,80.2,91.5,94.0,6.0,8.5,68.0,9.0,407.0,75.7455268389662
2015,Physics,20,11.0,9.0,Royal Holloway,72.5,93.2330827067669,100.0,5.0,9.1,68.0,7.0,414.0,73.253493013972
2013,Physics,33,33.0,0.0,Salford,58.7,93.7574257425743,97.029702970297,2.0,19.9,,9.0,332.0,74.89787130887
2014,Physics,42,33.0,9.0,Salford,47.6,81.9548872180451,83.0,2.0,19.3,,,312.0,69.8
2015,Physics,40,42.0,-2.0,Salford,48.1,84.0399002493765,92.079207920792,2.0,,,3.0,333.0,74.251497005988
2013,Physics,32,26.0,6.0,Sheffield,61.1,86.7732793522267,89.0,4.0,14.1,74.0,4.0,467.0,70.9198130169004
2014,Physics,28,32.0,-4.0,Sheffield,65.5,91.75,94.0,4.0,14.1,71.0,6.0,473.0,71.8562874251497
2015,Physics,24,28.0,-4.0,Sheffield,68.5999999999999,93.2835820895522,93.069306930693,4.0,14.0,80.0,5.0,457.0,79.6407185628742
2015,Physics,44,,,South Wales,34.2999999999999,84.5386533665835,85.9999999999999,2.0,20.3999999999999,,,256.0,62.4750499001995
2013,Physics,26,21.0,5.0,Southampton,66.8,82.1843434343434,87.8787878787879,7.0,12.2,72.0,6.0,465.0,67.2766536841772
2014,Physics,23,26.0,-3.0,Southampton,69.9,83.9598997493734,86.0,4.0,11.4,71.0,8.0,474.0,69.6
2015,Physics,18,23.0,-5.0,Southampton,72.7,84.5,84.0,7.0,9.0,83.0,5.0,455.0,70.5410821643286
2013,Physics,3,2.0,1.0,St Andrews,92.1,96.4924242424242,99.0,8.0,9.8,81.0,3.0,563.0,71.6625716625717
2014,Physics,2,3.0,-1.0,St Andrews,91.2,94.75,94.059405940594,8.0,9.4,73.0,8.0,530.0,86.7326732673268
2015,Physics,1,2.0,-1.0,St Andrews,100.0,97.5062344139651,100.0,9.0,8.9,85.0,9.0,554.0,88.0952380952381
2013,Physics,18,27.0,-9.0,Strathclyde,70.8,92.5518301830183,96.969696969697,5.0,9.3,65.0,6.0,393.0,75.8594059405941
2014,Physics,10,18.0,-8.0,Strathclyde,81.8,92.0,96.0,8.0,9.3,75.0,7.0,422.0,74.8502994011976
2015,Physics,30,10.0,20.0,Strathclyde,63.4,89.6039603960396,89.1089108910891,5.0,12.3,,3.0,423.0,75.2
2013,Physics,31,35.0,-4.0,Surrey,62.1,92.9873737373738,98.0,4.0,15.9,,3.0,410.0,82.3867186718672
2014,Physics,20,31.0,-11.0,Surrey,73.9,91.25,92.0,5.0,12.6,,7.0,439.0,83.0339321357285
2015,Physics,22,20.0,2.0,Surrey,70.7,93.2499999999999,93.069306930693,4.0,10.6,,4.0,436.0,77.2455089820359
2013,Physics,8,7.0,1.0,Sussex,84.8,95.2620262026203,96.0,3.0,8.9,65.0,9.0,409.0,87.3414141414142
2014,Physics,16,8.0,8.0,Sussex,76.4,89.9749373433584,96.0,3.0,9.1,,,427.0,80.1204819277108
2015,Physics,11,16.0,-5.0,Sussex,76.4,94.25,100.0,6.0,10.3,,8.0,436.0,65.130260521042
2013,Physics,16,34.0,-18.0,Swansea,73.5,92.0594059405941,92.0,3.0,8.3,,8.0,343.0,66.7445544554455
2014,Physics,33,16.0,17.0,Swansea,56.8,88.75,90.9090909090909,3.0,10.2,,6.0,349.0,59.5190380761523
2015,Physics,34,33.0,1.0,Swansea,61.6,90.9774436090225,94.9999999999999,3.0,11.8,68.0,7.0,363.0,69.7394789579158
2013,Physics,7,13.0,-6.0,UCL,86.8,87.2772277227723,91.0891089108911,9.0,8.2,75.0,8.0,509.0,65.8206176302762
2014,Physics,6,7.0,-1.0,UCL,85.9,76.1904761904762,83.0,9.0,8.2,87.0,9.0,509.0,60.6425702811245
2015,Physics,8,6.0,2.0,UCL,77.5999999999999,84.0796019900497,84.1584158415841,7.0,8.1,77.0,9.0,513.0,68.1908548707753
2013,Physics,14,10.0,4.0,Warwick,75.2,83.0,83.0,7.0,13.3,80.0,6.0,528.0,66.2477665677015
2014,Physics,26,14.0,12.0,Warwick,66.6,84.8866498740554,86.1386138613861,7.0,13.4,82.0,4.0,540.0,57.6
2015,Physics,18,26.0,-8.0,Warwick,72.7,82.5,85.0,7.0,12.9,93.0,4.0,551.0,71.5430861723446
2013,Physics,29,,,West of Scotland,64.1,87.209595959596,87.0,3.0,6.2,,,286.0,71.3353535353535
2014,Physics,37,29.0,8.0,West of Scotland,52.4,77.3869346733668,88.0,5.0,5.8,,,260.0,59.7194388777555
2015,Physics,36,37.0,-1.0,West of Scotland,57.6,85.3233830845771,89.0,3.0,7.2,,,332.0,59.5190380761523
2013,Physics,36,28.0,8.0,York,51.1,91.2648514851485,88.0,4.0,12.5,66.0,1.0,425.0,65.4334253569242
2014,Physics,31,36.0,-5.0,York,62.3,96.0099750623441,95.0,4.0,14.1,62.0,5.0,445.0,73.0
2015,Physics,26,31.0,-5.0,York,66.5999999999999,87.0646766169154,86.1386138613861,6.0,13.6,74.0,7.0,443.0,65.0698602794411
2013,Politics,32,51.0,-19.0,Aberdeen,67.2,90.5,91.0,5.0,26.8,66.0,9.0,391.0,61.3806789869359
2014,Politics,40,32.0,8.0,Aberdeen,55.8,89.25,89.0,4.0,26.6,66.0,8.0,443.0,64.6
2015,Politics,55,40.0,15.0,Aberdeen,55.8,89.7755610972568,87.0,3.0,28.8,74.0,6.0,447.0,65.4618473895582
2013,Politics,34,30.0,4.0,Aberystwyth,66.4,96.4924242424243,94.059405940594,3.0,20.4,50.0,6.0,328.0,77.0868686868687
2014,Politics,45,34.0,11.0,Aberystwyth,54.4,92.0199501246883,90.0,3.0,20.4,64.0,5.0,333.0,70.6827309236948
2015,Politics,54,45.0,9.0,Aberystwyth,57.6,92.9824561403508,91.089108910891,3.0,18.5,56.9999999999999,7.0,330.0,63.4730538922155
2013,Politics,26,54.0,-28.0,Aston,71.1,89.0420792079208,79.0,5.0,18.3,,7.0,366.0,66.8977364167512
2014,Politics,41,26.0,15.0,Aston,55.5,89.0,88.8888888888889,3.0,18.9,51.0,4.0,369.0,75.8483033932136
2015,Politics,34,41.0,-7.0,Aston,66.5999999999999,89.0547263681592,92.0,4.0,17.0,72.0,7.0,342.0,70.4590818363273
2013,Politics,15,26.0,-11.0,Bath,77.8,90.5569306930693,89.1089108910891,6.0,22.1,83.0,8.0,466.0,60.5961274978673
2014,Politics,18,15.0,3.0,Bath,73.7,90.7730673316708,87.0,7.0,20.1,74.0,9.0,472.0,61.2774451097804
2015,Politics,4,18.0,-14.0,Bath,90.1,94.7236180904522,92.0,5.0,13.0,82.0,8.0,463.0,73.8955823293172
2013,Politics,17,14.0,3.0,Birmingham,75.5,92.0445544554456,90.0,10.0,23.4,65.0,8.0,414.0,61.7274727472747
2014,Politics,10,17.0,-7.0,Birmingham,82.0,92.2110552763819,85.8585858585858,10.0,22.1,76.0,8.0,416.0,73.4
2015,Politics,5,10.0,-5.0,Birmingham,87.9,91.9878324986018,87.9832719973235,10.0,17.2,84.0,8.0,410.0,73.8283429969131
2013,Politics,45,44.0,1.0,Bradford,61.2,94.2424242424242,89.8989898989899,5.0,17.6,,4.0,274.0,65.2871287128713
2014,Politics,57,45.0,12.0,Bradford,46.1,89.2230576441103,79.0,6.0,19.5,,2.0,303.0,66.8674698795181
2015,Politics,51,57.0,-6.0,Bradford,59.3,89.5261845386533,83.1683168316831,4.0,20.3,57.9999999999999,8.0,265.0,69.4779116465863
2013,Politics,46,,,Brighton,60.9,89.5,87.0,3.0,16.8,,,280.0,71.0
2014,Politics,59,46.0,13.0,Brighton,45.6,82.5,66.0,3.0,17.9,,,298.0,72.0
2013,Politics,9,8.0,1.0,Bristol,80.2,89.6919191919192,84.8484848484849,7.0,20.8,73.0,8.0,464.0,75.1460346034604
2014,Politics,11,9.0,2.0,Bristol,80.5,91.0669975186104,80.1980198019802,8.0,16.1,75.0,7.0,476.0,70.9741550695825
2015,Politics,17,11.0,6.0,Bristol,77.3,92.7318295739348,89.8989898989898,5.0,17.5,79.0,5.0,460.0,69.5999999999999
2013,Politics,41,41.0,0.0,Brunel,62.4,86.2321911929755,90.9209744503862,6.0,22.9,,4.0,319.0,77.8152294968059
2014,Politics,30,41.0,-11.0,Brunel,62.6,90.8014379013226,92.8248175182482,7.0,19.9,60.0,1.0,347.0,85.6539732816394
2015,Politics,43,30.0,13.0,Brunel,62.8,93.7999626604216,93.6690719919449,4.0,21.0,62.0,1.0,354.0,85.8093660479173
2014,Politics,15,,,Buckingham,74.9,94.4848484848485,97.0,3.0,15.7,,,296.0,86.5515151515152
2013,Politics,1,1.0,0.0,Cambridge,100.0,97.2658217821782,98.0,,17.2,,8.0,560.0,74.6114649681529
2014,Politics,3,1.0,2.0,Cambridge,99.2,97.2658217821782,98.0,,16.5,,8.0,558.0,74.6114649681529
2015,Politics,3,3.0,0.0,Cambridge,95.2,,,,13.3,81.0,7.0,546.0,
2013,Politics,66,52.0,14.0,Canterbury Christ Church,48.1,83.4166666666667,97.0,2.0,25.7,,7.0,249.0,67.9393939393939
2014,Politics,58,66.0,-8.0,Canterbury Christ Church,45.7,92.5373134328358,90.0,2.0,29.0,,7.0,277.0,74.3027888446215
2015,Politics,57,58.0,-1.0,Canterbury Christ Church,54.9,91.7293233082706,95.0,4.0,31.6,,9.0,239.0,78.6427145708583
2013,Politics,42,48.0,-6.0,Cardiff,61.8,85.2768276827683,88.0,3.0,21.6,65.0,5.0,445.0,65.5975975975976
2014,Politics,26,42.0,-16.0,Cardiff,64.1,90.2743142144638,82.0,4.0,20.1,80.0,7.0,462.0,61.6766467065868
2015,Politics,20,26.0,-6.0,Cardiff,75.0,90.75,92.0,8.0,18.8,80.0,7.0,392.0,65.1394422310756
2013,Politics,55,59.0,-4.0,Central Lancashire,56.4,85.9649122807017,88.0,6.0,22.5,,,301.0,69.3386773547094
2014,Politics,72,55.0,17.0,Central Lancashire,36.7,81.592039800995,80.0,6.0,27.9,,,349.0,65.4690618762475
2014,Politics,70,,,Chester,39.2,85.75,82.0,3.0,25.9,,,280.0,73.6
2015,Politics,44,70.0,-26.0,Chester,60.8,90.3225806451612,88.1188118811881,3.0,14.6,,,258.0,79.4820717131474
2013,Politics,8,31.0,-23.0,City,82.2,96.5148514851485,87.1287128712871,9.0,18.1,,6.0,338.0,80.3956513298389
2014,Politics,49,8.0,41.0,City,53.6,76.6917293233083,69.6969696969697,9.0,18.6,,3.0,396.0,64.2714570858284
2015,Politics,22,49.0,-27.0,City,72.0999999999999,91.25,99.0,4.0,21.0,,7.0,372.0,75.8551307847082
2013,Politics,35,61.0,-26.0,Coventry,65.0,98.5,100.0,3.0,23.7,,5.0,287.0,80.7151515151515
2014,Politics,52,35.0,17.0,Coventry,49.5,93.0,81.0,4.0,24.9,,5.0,284.0,80.1204819277108
2015,Politics,61,52.0,9.0,Coventry,49.8,86.3523573200992,81.0,4.0,19.5,,1.0,257.0,79.4820717131474
2013,Politics,69,66.0,3.0,De Montfort,46.3,91.9772727272727,79.2079207920792,3.0,26.2,41.0,2.0,269.0,76.0514851485149
2014,Politics,71,69.0,2.0,De Montfort,38.5,92.5187032418953,94.0,3.0,30.7,56.0,3.0,281.0,76.4940239043825
2015,Politics,69,71.0,-2.0,De Montfort,41.3,92.3076923076923,90.09900990099,3.0,38.4,39.0,5.0,279.0,78.0439121756487
2013,Politics,20,23.0,-3.0,Dundee,74.7,95.0,100.0,8.0,19.8,39.0,9.0,368.0,73.6570014144272
2014,Politics,14,20.0,-6.0,Dundee,76.1,93.4837092731829,94.949494949495,8.0,20.9,60.0,9.0,384.0,80.0403225806452
2015,Politics,40,14.0,26.0,Dundee,64.5999999999999,93.2330827067668,93.0,4.0,,48.0,8.0,354.0,73.5059760956175
2013,Politics,7,7.0,0.0,Durham,86.5,92.2571757175718,89.0,9.0,19.1,74.0,8.0,505.0,70.8048074899716
2014,Politics,6,7.0,-1.0,Durham,85.9,87.4371859296482,88.0,8.0,19.8,81.0,9.0,511.0,73.74749498998
2015,Politics,13,6.0,7.0,Durham,81.7,86.3184079601989,86.9999999999999,6.0,18.2,88.0,7.0,518.0,74.7011952191234
2013,Politics,62,,,East London,50.2,84.5,88.0,2.0,19.5,,,212.0,69.9306930693069
2014,Politics,65,62.0,3.0,East London,44.4,92.4812030075188,87.0,4.0,28.2,,,243.0,75.9519038076152
2015,Politics,63,65.0,-2.0,East London,49.1,81.7955112219451,70.2970297029702,7.0,23.2,,,249.0,61.2774451097804
2013,Politics,10,25.0,-15.0,Edinburgh,79.7,88.2813281328133,88.8888888888889,10.0,19.3,76.0,8.0,473.0,56.3152151949889
2014,Politics,29,10.0,19.0,Edinburgh,63.0,83.4158415841584,75.0,10.0,18.9,58.0,8.0,498.0,47.1057884231537
2015,Politics,25,29.0,-4.0,Edinburgh,71.0,84.1191066997518,81.0,10.0,17.3999999999999,66.0,7.0,487.0,50.6986027944111
2013,Politics,27,21.0,6.0,Essex,68.9,93.3143564356436,96.0,8.0,16.3,52.0,2.0,377.0,77.4990099009901
2014,Politics,28,27.0,1.0,Essex,63.3,91.2935323383084,91.9191919191919,5.0,16.3,61.0,3.0,413.0,71.4570858283433
2015,Politics,18,28.0,-10.0,Essex,76.5999999999999,92.2885572139303,93.0,6.0,16.8999999999999,62.0,7.0,351.0,79.3587174348697
2013,Politics,23,11.0,12.0,Exeter,74.2,90.819306930693,88.0,5.0,22.3,64.0,7.0,454.0,75.7769376937694
2014,Politics,25,23.0,2.0,Exeter,68.5,94.0149625935162,89.1089108910891,5.0,21.9,71.0,7.0,483.0,68.4630738522954
2015,Politics,8,25.0,-17.0,Exeter,85.5,90.9774436090225,92.079207920792,7.0,13.9,79.0,6.0,462.0,75.0
2013,Politics,22,20.0,2.0,Glasgow,74.3,90.7821782178218,87.8787878787879,8.0,19.1,62.0,7.0,448.0,68.8666666666667
2014,Politics,30,22.0,8.0,Glasgow,62.6,86.25,80.0,8.0,20.4,69.0,4.0,465.0,66.7334669338677
2015,Politics,32,30.0,2.0,Glasgow,67.3,89.0274314214463,89.9999999999999,7.0,22.8,56.9999999999999,5.0,486.0,70.1789264413518
2013,Politics,63,57.0,6.0,Goldsmiths,49.7,86.8517978318966,81.3927139420323,3.0,18.8,46.0,2.0,324.0,68.8094952033822
2014,Politics,67,63.0,4.0,Goldsmiths,41.5,85.5361596009975,83.0,3.0,18.4,56.0,1.0,348.0,68.2730923694779
2015,Politics,65,67.0,-2.0,Goldsmiths,47.3,89.3455431845092,85.3161858979998,3.0,21.5,53.0,2.0,289.0,71.4348895212326
2013,Politics,51,60.0,-9.0,Greenwich,58.8,94.0,93.0,3.0,26.6,,,206.0,86.4116811681168
2014,Politics,63,51.0,12.0,Greenwich,44.6,91.9799498746867,93.0,3.0,24.1,,4.0,254.0,74.2971887550201
2015,Politics,64,63.0,1.0,Greenwich,48.3,82.6196473551637,78.7878787878787,3.0,20.8,,6.0,283.0,71.6566866267465
2013,Politics,56,53.0,3.0,Huddersfield,56.0,89.039603960396,84.1584158415842,4.0,26.6,,4.0,320.0,79.8811881188119
2014,Politics,39,56.0,-17.0,Huddersfield,56.0,97.0,95.0,4.0,29.3,,,296.0,92.3847695390781
2013,Politics,39,38.0,1.0,Hull,63.4,94.989898989899,95.959595959596,4.0,17.0,57.0,1.0,371.0,73.6978273939806
2014,Politics,42,39.0,3.0,Hull,55.4,92.25,85.0,4.0,17.2,56.0,2.0,380.0,70.2594810379242
2015,Politics,34,42.0,-8.0,Hull,66.5999999999999,94.0,93.9393939393939,4.0,15.6,56.9999999999999,4.0,350.0,77.5551102204408
2013,Politics,42,40.0,2.0,Keele,61.8,91.0394546992388,84.0,3.0,17.1,62.0,4.0,310.0,65.0594904872013
2014,Politics,50,42.0,8.0,Keele,51.4,90.4761904761905,89.0,3.0,21.1,64.0,5.0,330.0,67.5350701402806
2015,Politics,45,50.0,-5.0,Keele,60.3,89.0,93.069306930693,3.0,16.6,57.9999999999999,3.0,366.0,72.3999999999999
2013,Politics,21,29.0,-8.0,Kent,74.4,91.2146464646464,95.959595959596,7.0,14.2,57.0,5.0,354.0,72.9621304376427
2014,Politics,20,21.0,-1.0,Kent,73.1,92.75,95.0,6.0,14.1,68.0,5.0,385.0,77.7777777777778
2015,Politics,16,20.0,-4.0,Kent,77.9,91.5,90.9999999999999,7.0,16.6,76.0,8.0,360.0,74.5490981963927
2013,Politics,5,5.0,0.0,King's College London,90.1,93.5069256925692,90.0,7.0,17.4,58.0,10.0,474.0,74.0
2014,Politics,9,5.0,4.0,King's College London,82.3,87.9699248120301,90.9090909090909,8.0,18.0,70.0,9.0,475.0,69.2
2015,Politics,11,9.0,2.0,King's College London,83.0,90.75,88.0,7.0,13.8,62.0,7.0,479.0,74.5019920318725
2013,Politics,67,58.0,9.0,Kingston,47.7,86.4545454545454,80.0,2.0,23.3,44.0,7.0,260.0,71.4371338974388
2014,Politics,68,67.0,1.0,Kingston,41.2,85.75,84.0,3.0,24.3,61.0,4.0,295.0,70.059880239521
2015,Politics,71,68.0,3.0,Kingston,36.5,84.3672456575682,81.0,5.0,27.5,45.0,3.0,279.0,63.0738522954091
2013,Politics,24,19.0,5.0,Lancaster,74.1,85.724397439744,80.1980198019802,9.0,15.2,64.0,5.0,408.0,62.7346534653465
2014,Politics,17,24.0,-7.0,Lancaster,73.9,93.25,94.0,7.0,16.3,71.0,5.0,436.0,72.8542914171657
2015,Politics,21,17.0,4.0,Lancaster,73.0999999999999,93.5162094763092,93.9393939393939,4.0,22.0,71.0,8.0,424.0,73.0
2013,Politics,36,37.0,-1.0,Leeds,64.7,91.5179201655105,86.1433613240842,4.0,22.4,70.0,7.0,420.0,59.2239999109961
2014,Politics,38,36.0,2.0,Leeds,56.4,90.917956409272,88.2925923975332,5.0,25.2,64.0,7.0,434.0,65.5132144616967
2015,Politics,41,38.0,3.0,Leeds,64.2,91.2454880220045,88.5008924979482,6.0,25.7,68.0,8.0,430.0,65.719942755507
2013,Politics,65,71.0,-6.0,Leeds Met,49.2,90.2871287128713,91.0,3.0,26.1,,5.0,237.0,68.8181818181818
2014,Politics,66,65.0,1.0,Leeds Met,43.6,88.9724310776942,83.0,3.0,25.3,46.0,5.0,247.0,76.1431411530815
2013,Politics,25,12.0,13.0,Leicester,71.9,93.7424242424243,92.0792079207921,8.0,19.3,38.0,6.0,387.0,78.4752475247525
2014,Politics,22,25.0,-3.0,Leicester,71.1,94.2643391521197,93.0,8.0,18.9,59.0,6.0,407.0,68.2
2015,Politics,19,22.0,-3.0,Leicester,75.7,93.0174563591022,90.9090909090909,7.0,16.8,63.0,6.0,388.0,70.3777335984095
2013,Politics,75,63.0,12.0,Lincoln,42.9,82.5,76.2376237623762,2.0,24.0,,6.0,253.0,65.1361016698685
2014,Politics,64,75.0,-11.0,Lincoln,44.5,90.25,90.0990099009901,3.0,27.0,,3.0,304.0,73.9478957915832
2015,Politics,48,64.0,-16.0,Lincoln,60.0,92.2693266832917,92.079207920792,3.0,21.1,,2.0,305.0,85.1485148514851
2013,Politics,52,33.0,19.0,Liverpool,58.2,86.457593843008,82.8282828282828,7.0,20.8,62.0,4.0,409.0,61.4972834330787
2014,Politics,62,52.0,10.0,Liverpool,44.8,85.5,85.0,7.0,20.7,50.0,3.0,418.0,58.0
2015,Politics,38,62.0,-24.0,Liverpool,65.0999999999999,89.5781637717121,80.1980198019802,7.0,21.2,65.0,4.0,417.0,75.1004016064257
2013,Politics,76,72.0,4.0,Liverpool John Moores,32.6,77.2316231623162,77.0,3.0,28.3,,3.0,,61.3433543354335
2013,Politics,72,64.0,8.0,London Met,44.6,87.1287128712871,84.0,2.0,22.3,38.0,5.0,227.0,67.2308717110243
2014,Politics,60,72.0,-12.0,London Met,45.3,95.9708142673006,93.7911725955204,1.0,27.3,69.0,7.0,228.0,66.0350381084358
2015,Politics,66,60.0,6.0,London Met,45.6,90.2103600526906,82.3106796116505,2.0,21.6,53.0,4.0,200.0,73.7843119124672
2013,Politics,4,4.0,0.0,London School of Economics,92.9,79.0594059405941,75.7575757575758,10.0,11.3,76.0,8.0,534.0,74.8784878487849
2014,Politics,4,4.0,0.0,London School of Economics,98.3,86.7167919799499,86.8686868686869,9.0,10.7,90.0,8.0,550.0,76.4471057884232
2015,Politics,14,4.0,10.0,London School of Economics,81.0,83.9598997493734,87.0,8.0,12.3,74.0,5.0,545.0,70.941883767535
2013,Politics,36,32.0,4.0,Loughborough,64.7,87.4772727272727,86.0,7.0,19.0,71.0,2.0,380.0,68.6109210921092
2014,Politics,33,36.0,-3.0,Loughborough,61.3,85.785536159601,79.2079207920792,7.0,19.2,67.0,6.0,376.0,72.3107569721116
2015,Politics,25,33.0,-8.0,Loughborough,71.0,88.9724310776942,87.8787878787878,5.0,20.5,69.0,8.0,370.0,78.8
2013,Politics,31,46.0,-15.0,Manchester,67.6,88.7020202020202,75.7575757575758,8.0,19.1,65.0,5.0,432.0,55.2471247124712
2014,Politics,35,31.0,4.0,Manchester,59.2,88.9447236180904,77.7777777777778,7.0,18.9,68.0,3.0,470.0,57.8313253012048
2015,Politics,49,35.0,14.0,Manchester,59.4,83.9598997493734,82.3529411764705,7.0,15.6,64.0,3.0,419.0,63.0
2013,Politics,73,65.0,8.0,Manchester Met,43.3,84.25,79.7979797979798,2.0,25.5,45.0,5.0,267.0,71.5755349728521
2014,Politics,77,73.0,4.0,Manchester Met,30.2,84.4221105527638,90.0,3.0,24.9,38.0,3.0,309.0,64.5875251509054
2015,Politics,70,77.0,-7.0,Manchester Met,40.1,84.75,75.9999999999999,2.0,23.7,47.0,2.0,323.0,68.6626746506986
2013,Politics,69,55.0,14.0,Middlesex,46.3,79.9498746867168,83.8383838383838,7.0,28.2,,,208.0,70.4819277108434
2014,Politics,78,69.0,9.0,Middlesex,30.0,79.5,76.7676767676768,6.0,28.7,,,255.0,67.4650698602794
2015,Politics,62,78.0,-16.0,Middlesex,49.6,90.4761904761904,87.0,6.0,27.4,,,239.0,72.2334004024144
2013,Politics,28,36.0,-8.0,Newcastle,68.7,90.6851330203443,88.0,6.0,21.1,67.0,5.0,407.0,70.144494449445
2014,Politics,23,28.0,-5.0,Newcastle,69.9,91.5211970074813,94.949494949495,6.0,21.4,79.0,6.0,417.0,68.1274900398406
2015,Politics,30,23.0,7.0,Newcastle,68.5999999999999,90.2499999999999,93.0,5.0,22.7,75.0,4.0,412.0,73.9478957915831
2013,Politics,71,,,Northampton,45.0,89.25,86.1386138613862,4.0,26.3,,,237.0,72.4550898203593
2014,Politics,75,71.0,4.0,Northampton,33.7,82.0448877805486,80.1980198019802,4.0,25.5,,,254.0,73.7903225806452
2013,Politics,67,68.0,-1.0,Northumbria,47.7,88.5420792079208,85.0,6.0,24.8,48.0,2.0,306.0,70.8290629062906
2014,Politics,69,67.0,2.0,Northumbria,41.1,90.9547738693467,83.0,6.0,20.7,50.0,1.0,354.0,70.3187250996016
2015,Politics,68,69.0,-1.0,Northumbria,41.4,75.75,71.0,3.0,15.6,,1.0,347.0,66.7330677290836
2013,Politics,12,16.0,-4.0,Nottingham,78.8,92.4789521228546,91.0891089108911,6.0,18.7,70.0,8.0,445.0,69.4958005553481
2014,Politics,19,12.0,7.0,Nottingham,73.5,92.0398009950249,90.0,7.0,18.7,71.0,8.0,437.0,72.8915662650602
2015,Politics,24,19.0,5.0,Nottingham,71.2,91.75,89.0,6.0,21.4,68.0,7.0,425.0,76.2475049900199
2013,Politics,33,35.0,-2.0,Nottingham Trent,66.6,89.9747474747475,87.0,5.0,22.2,56.0,7.0,292.0,77.0772277227723
2014,Politics,46,33.0,13.0,Nottingham Trent,54.3,91.2280701754386,86.0,4.0,25.3,52.0,8.0,282.0,80.2816901408451
2015,Politics,28,46.0,-18.0,Nottingham Trent,69.4,97.7386934673366,96.0,5.0,18.8,65.0,5.0,279.0,77.9559118236472
2013,Politics,3,2.0,1.0,Oxford,98.1,94.2893377620266,93.9393939393939,,11.1,71.0,8.0,595.0,59.9819587628866
2014,Politics,1,3.0,-2.0,Oxford,100.0,93.984962406015,93.0,,11.3,74.0,8.0,595.0,65.1302605210421
2015,Politics,2,1.0,1.0,Oxford,95.3,91.5211970074813,92.0,,11.2,80.0,7.0,582.0,68.8
2013,Politics,52,49.0,3.0,Oxford Brookes,58.2,82.029702970297,84.0,5.0,16.6,61.0,3.0,319.0,63.1535353535354
2014,Politics,51,52.0,-1.0,Oxford Brookes,51.1,90.0,85.0,5.0,18.3,48.0,3.0,351.0,75.0
2015,Politics,36,51.0,-15.0,Oxford Brookes,66.4,91.5,85.1485148514851,5.0,19.3999999999999,,5.0,341.0,74.1482965931863
2013,Politics,54,28.0,26.0,Plymouth,56.8,93.219696969697,88.1188118811881,7.0,25.8,53.0,8.0,293.0,58.4303278688524
2014,Politics,37,54.0,-17.0,Plymouth,58.0,90.5,91.9191919191919,8.0,20.6,67.0,6.0,289.0,64.2714570858283
2015,Politics,37,37.0,0.0,Plymouth,65.5,92.5187032418952,90.9999999999999,8.0,21.5,65.0,6.0,273.0,70.5765407554671
2013,Politics,57,69.0,-12.0,Portsmouth,54.7,93.7648514851485,97.0,4.0,23.0,,1.0,289.0,82.759595959596
2014,Politics,44,57.0,-13.0,Portsmouth,54.8,94.5273631840796,93.0,6.0,22.6,61.0,3.0,303.0,75.3012048192771
2015,Politics,53,44.0,9.0,Portsmouth,57.8,92.9824561403508,90.0,5.0,19.3999999999999,53.0,3.0,290.0,76.2475049900199
2013,Politics,29,10.0,19.0,Queen Mary,67.9,89.269801980198,88.1188118811881,,17.1,48.0,2.0,411.0,76.3752375237524
2014,Politics,13,29.0,-16.0,Queen Mary,77.9,85.5361596009975,86.0,10.0,17.8,75.0,5.0,439.0,76.0956175298805
2015,Politics,27,13.0,14.0,Queen Mary,70.0,88.2205513784461,83.1683168316831,8.0,17.1,70.0,3.0,418.0,72.7999999999999
2013,Politics,50,56.0,-6.0,"Queen's, Belfast",59.4,85.5,78.0,7.0,19.0,50.0,4.0,386.0,68.3474747474747
2014,Politics,46,50.0,-4.0,"Queen's, Belfast",54.3,89.75,89.8989898989899,6.0,19.4,54.0,4.0,391.0,65.3923541247485
2015,Politics,52,46.0,6.0,"Queen's, Belfast",58.2,86.9674185463659,85.8585858585858,5.0,14.1,61.0,2.0,380.0,68.4738955823293
2013,Politics,30,47.0,-17.0,Reading,67.8,94.2772277227723,95.0495049504951,4.0,19.8,55.0,4.0,365.0,74.6673267326733
2014,Politics,55,30.0,25.0,Reading,46.4,88.9724310776942,86.8686868686869,4.0,21.0,55.0,2.0,366.0,68.2092555331992
2015,Politics,47,55.0,-8.0,Reading,60.1,92.7680798004987,90.9999999999999,5.0,19.6,66.0,3.0,347.0,66.867469879518
2013,Politics,40,42.0,-2.0,Royal Holloway,63.3,87.7020202020202,87.0,3.0,20.0,80.0,4.0,405.0,57.194399439944
2014,Politics,27,40.0,-13.0,Royal Holloway,64.0,90.7268170426065,87.0,3.0,19.5,64.0,6.0,412.0,76.6932270916335
2015,Politics,33,27.0,6.0,Royal Holloway,66.9,93.21608040201,86.0,3.0,18.6,73.0,5.0,363.0,73.1462925851703
2013,Politics,61,70.0,-9.0,Salford,50.6,88.7722772277228,90.0,3.0,18.0,51.0,1.0,304.0,72.2
2014,Politics,74,61.0,13.0,Salford,35.9,83.25,84.0,3.0,21.6,,3.0,296.0,63.0522088353414
2015,Politics,72,74.0,-2.0,Salford,33.1,78.5,75.0,3.0,31.9,38.0,4.0,329.0,65.9318637274549
2013,Politics,19,12.0,7.0,Sheffield,74.8,93.749699969997,90.0,5.0,21.8,66.0,8.0,469.0,68.0686868686869
2014,Politics,21,19.0,2.0,Sheffield,72.5,95.0,95.0,4.0,23.1,70.0,8.0,485.0,77.0
2015,Politics,31,21.0,10.0,Sheffield,68.2,88.9724310776942,83.8383838383838,6.0,22.9,69.0,8.0,448.0,67.0682730923694
2013,Politics,73,61.0,12.0,Sheffield Hallam,43.3,86.25,80.1980198019802,4.0,26.4,,,292.0,64.4224822482248
2014,Politics,61,73.0,-12.0,Sheffield Hallam,44.9,83.0049261083744,94.1176470588235,5.0,25.6,,,279.0,72.2772277227723
2015,Politics,46,61.0,-15.0,Sheffield Hallam,60.2,85.9999999999999,91.0,4.0,23.2,,8.0,300.0,74.9498997995991
2013,Politics,16,15.0,1.0,SOAS,76.4,92.789603960396,93.0693069306931,9.0,13.1,48.0,7.0,474.0,51.7920792079208
2014,Politics,24,16.0,8.0,SOAS,69.7,87.7805486284289,78.0,8.0,13.9,62.0,8.0,478.0,54.8
2015,Politics,23,24.0,-1.0,SOAS,71.3,87.4371859296482,87.0,7.0,16.5,,8.0,492.0,50.8032128514056
2013,Politics,49,39.0,10.0,Southampton,59.5,80.2665266526653,86.1386138613862,5.0,18.8,58.0,7.0,432.0,52.2217821782178
2014,Politics,43,49.0,-6.0,Southampton,55.0,90.2985074626866,85.0,6.0,19.9,51.0,7.0,419.0,59.8802395209581
2015,Politics,29,43.0,-14.0,Southampton,68.8,86.75,85.8585858585858,7.0,15.8,71.0,8.0,401.0,60.0
2013,Politics,2,3.0,-1.0,St Andrews,99.9,96.009900990099,95.0,10.0,19.1,68.0,10.0,520.0,75.205300530053
2014,Politics,2,2.0,0.0,St Andrews,99.7,93.2668329177057,89.0,9.0,18.1,92.0,10.0,524.0,71.3426853707415
2015,Politics,1,2.0,-1.0,St Andrews,100.0,95.7605985037406,93.0,9.0,18.5,76.0,10.0,542.0,79.2338709677419
2013,Politics,47,34.0,13.0,Stirling,60.3,85.5,90.0,3.0,21.6,36.0,7.0,361.0,79.7319587628866
2014,Politics,32,47.0,-15.0,Stirling,62.0,92.5,90.0990099009901,4.0,20.2,55.0,6.0,412.0,78.0439121756487
2015,Politics,59,32.0,27.0,Stirling,53.3,89.7243107769423,88.9999999999999,3.0,21.0,50.0,4.0,384.0,74.8995983935742
2013,Politics,44,18.0,26.0,Strathclyde,61.6,94.0,92.0,7.0,24.1,41.0,5.0,417.0,74.849648823578
2014,Politics,34,44.0,-10.0,Strathclyde,59.9,94.7368421052632,91.0,8.0,25.2,41.0,8.0,449.0,74.251497005988
2015,Politics,9,34.0,-25.0,Strathclyde,84.2,92.2305764411027,94.0,10.0,16.3,53.0,8.0,470.0,73.1075697211155
2013,Politics,14,43.0,-29.0,Surrey,78.0,87.75,91.0,9.0,18.8,51.0,4.0,379.0,86.2180531137226
2014,Politics,7,14.0,-7.0,Surrey,85.2,92.7860696517413,95.959595959596,8.0,17.5,,6.0,404.0,85.8
2015,Politics,6,7.0,-1.0,Surrey,87.4,99.2518703241895,94.059405940594,6.0,12.0,,4.0,386.0,80.439121756487
2013,Politics,38,24.0,14.0,Sussex,63.7,90.9772727272727,86.0,3.0,20.3,58.0,7.0,392.0,61.7437162292828
2014,Politics,46,38.0,8.0,Sussex,54.3,90.25,90.0,4.0,21.6,48.0,6.0,419.0,66.1322645290581
2015,Politics,57,46.0,11.0,Sussex,54.9,92.5187032418952,92.0,5.0,24.8,45.0,4.0,396.0,65.3306613226452
2013,Politics,60,67.0,-7.0,Swansea,52.2,87.0217771777178,86.0,3.0,26.3,53.0,7.0,349.0,64.7984798479848
2014,Politics,56,60.0,-4.0,Swansea,46.2,88.0299251870324,80.1980198019802,4.0,27.5,75.0,7.0,361.0,57.8842315369261
2015,Politics,39,56.0,-17.0,Swansea,64.8,83.1658291457286,81.0,9.0,23.0,74.0,8.0,352.0,64.6
2013,Politics,13,9.0,4.0,UCL,78.5,83.0792079207921,76.0,10.0,17.7,,8.0,514.0,55.2893772893773
2014,Politics,5,13.0,-8.0,UCL,91.5,87.468671679198,78.0,10.0,15.5,80.0,8.0,557.0,66.3326653306613
2015,Politics,15,5.0,10.0,UCL,80.8,88.2793017456358,79.0,10.0,14.7,,7.0,551.0,60.0
2013,Politics,18,22.0,-4.0,UEA,75.2,95.5148514851485,94.0,8.0,19.5,51.0,6.0,386.0,78.2505650565056
2014,Politics,16,18.0,-2.0,UEA,74.2,95.0,88.0,7.0,16.9,71.0,6.0,410.0,68.4
2015,Politics,12,16.0,-4.0,UEA,82.9,95.0,95.0,10.0,16.8,60.0,6.0,420.0,72.4550898203592
2013,Politics,59,54.0,5.0,Ulster,54.4,85.4242424242424,87.8787878787879,3.0,18.0,48.0,6.0,259.0,71.961196119612
2014,Politics,73,59.0,14.0,Ulster,36.0,85.4242424242424,87.8787878787879,3.0,20.9,38.0,4.0,269.0,71.961196119612
2015,Politics,60,73.0,-13.0,Ulster,52.4,89.5,92.0,4.0,14.8,42.0,3.0,288.0,74.0
2013,Politics,58,44.0,14.0,UWE Bristol,54.5,86.2815281528153,86.0,4.0,20.9,52.0,4.0,307.0,65.2008600860086
2014,Politics,36,58.0,-22.0,UWE Bristol,59.1,96.0,93.0,3.0,23.6,57.0,7.0,321.0,79.9599198396794
2015,Politics,42,36.0,6.0,UWE Bristol,63.9,94.5,96.938775510204,3.0,27.0,56.0,8.0,310.0,80.2395209580838
2013,Politics,6,6.0,0.0,Warwick,87.9,94.259900990099,91.0,9.0,17.5,76.0,7.0,500.0,67.215434558064
2014,Politics,8,6.0,2.0,Warwick,82.8,90.7268170426065,89.0,9.0,17.7,82.0,7.0,512.0,67.7290836653386
2015,Politics,7,8.0,-1.0,Warwick,87.0,88.833746898263,84.8484848484848,9.0,14.4,82.0,7.0,504.0,68.937875751503
2014,Politics,76,,,West of Scotland,33.1,,,3.0,18.0,37.0,1.0,,
2015,Politics,67,76.0,-9.0,West of Scotland,45.3,86.848635235732,86.0,4.0,26.4,,1.0,,76.2475049900199
2013,Politics,63,50.0,13.0,Westminster,49.7,75.233676975945,68.6868686868687,3.0,19.7,46.0,8.0,290.0,59.4721866631108
2014,Politics,53,63.0,-10.0,Westminster,48.5,86.0349127182045,83.8383838383838,3.0,23.4,53.0,7.0,330.0,72.7454909819639
2015,Politics,49,53.0,-4.0,Westminster,59.4,90.4999999999999,92.079207920792,4.0,24.4,53.0,9.0,285.0,74.1550695825049
2013,Politics,48,26.0,22.0,Winchester,59.7,89.7840534053405,77.0,2.0,17.0,,,281.0,76.2765476547655
2014,Politics,54,48.0,6.0,Winchester,46.6,90.5,87.0,2.0,22.9,,4.0,307.0,70.059880239521
2015,Politics,56,54.0,2.0,Winchester,55.1,91.7910447761193,90.9999999999999,2.0,22.1,,,307.0,71.0578842315369
2013,Politics,11,17.0,-6.0,York,79.0,91.2570257025703,88.1188118811881,8.0,18.3,70.0,7.0,469.0,62.248866686213
2014,Politics,12,11.0,1.0,York,79.8,91.75,85.8585858585858,8.0,17.3,74.0,7.0,472.0,72.4550898203593
2015,Politics,10,12.0,-2.0,York,83.7,94.7103274559193,94.0,6.0,19.8,81.0,7.0,453.0,76.4471057884231
2013,Psychology,31,40.0,-9.0,Aberdeen,75.8,87.75,87.8787878787879,6.0,19.7,50.0,9.0,371.0,78.1467946794679
2014,Psychology,36,31.0,5.0,Aberdeen,68.5,84.25,88.1188118811881,7.0,21.1,64.0,9.0,393.0,69.0
2015,Psychology,27,36.0,-9.0,Aberdeen,71.2,87.3134328358209,88.0,6.0,18.7,62.0,8.0,424.0,71.7131474103585
2013,Psychology,101,79.0,22.0,Abertay Dundee,49.0,,,2.0,19.4,27.0,4.0,254.0,
2014,Psychology,64,101.0,-37.0,Abertay Dundee,57.4,93.75,86.1386138613862,2.0,17.8,50.0,8.0,293.0,66.5330661322645
2015,Psychology,47,64.0,-17.0,Abertay Dundee,64.0999999999999,92.7318295739348,83.8383838383838,2.0,18.2,63.0,8.0,350.0,64.0
2013,Psychology,60,29.0,31.0,Aberystwyth,63.9,90.0,92.0,4.0,21.7,,,308.0,68.0
2014,Psychology,41,60.0,-19.0,Aberystwyth,65.6,94.0,100.0,3.0,22.4,,8.0,298.0,83.6363636363636
2015,Psychology,95,41.0,54.0,Aberystwyth,47.5,78.75,69.0,3.0,21.2,56.0,3.0,327.0,58.0838323353293
2013,Psychology,77,50.0,27.0,Anglia Ruskin,58.8,80.4419191919192,79.0,9.0,17.9,24.0,3.0,258.0,67.8920892089209
2014,Psychology,90,77.0,13.0,Anglia Ruskin,47.5,83.0423940149626,82.0,8.0,19.6,40.0,1.0,266.0,70.2970297029703
2015,Psychology,72,90.0,-18.0,Anglia Ruskin,55.3,93.984962406015,89.8989898989898,8.0,21.2,34.0,3.0,262.0,74.6478873239436
2013,Psychology,33,38.0,-5.0,Aston,74.2,86.9747474747475,90.0990099009901,6.0,13.9,49.0,4.0,394.0,68.1042209484106
2014,Psychology,46,33.0,13.0,Aston,64.8,85.0374064837905,77.2277227722772,4.0,11.3,63.0,5.0,394.0,55.8
2015,Psychology,29,46.0,-17.0,Aston,70.4,89.25,88.0,5.0,13.0,48.0,7.0,380.0,71.3426853707414
2013,Psychology,23,24.0,-1.0,Bangor,78.6,93.9996499649965,94.059405940594,9.0,19.4,46.0,6.0,317.0,73.6323232323232
2014,Psychology,21,23.0,-2.0,Bangor,74.1,92.6456357129286,94.8663618289982,8.0,19.6,68.0,5.0,345.0,79.7564046077864
2015,Psychology,26,21.0,5.0,Bangor,72.0999999999999,93.0348258706467,92.0,7.0,18.5,67.0,7.0,321.0,72.8
2013,Psychology,4,13.0,-9.0,Bath,93.7,90.9949494949495,93.0,7.0,13.6,71.0,8.0,492.0,81.2633663366337
2014,Psychology,5,4.0,1.0,Bath,88.3,91.75,92.0792079207921,7.0,14.0,69.0,8.0,538.0,66.9322709163347
2015,Psychology,4,5.0,-1.0,Bath,92.6,94.0149625935161,92.0,7.0,14.0,81.0,9.0,512.0,83.1325301204819
2013,Psychology,74,78.0,-4.0,Bath Spa,59.4,90.0,85.8585858585859,2.0,23.0,39.0,5.0,310.0,74.225102510251
2014,Psychology,47,74.0,-27.0,Bath Spa,63.7,92.5373134328358,91.0891089108911,2.0,22.3,62.0,4.0,352.0,83.5671342685371
2015,Psychology,67,47.0,20.0,Bath Spa,56.4,92.5187032418952,85.0,3.0,22.3,47.0,3.0,314.0,81.5261044176706
2013,Psychology,104,83.0,21.0,Bedfordshire,46.5,82.5321782178218,79.2079207920792,4.0,21.9,31.0,2.0,219.0,65.9090909090909
2014,Psychology,107,104.0,3.0,Bedfordshire,31.0,75.3117206982544,76.2376237623762,6.0,24.3,46.0,1.0,225.0,56.312625250501
2015,Psychology,108,107.0,1.0,Bedfordshire,32.5,77.5561097256857,80.0,4.0,26.3,34.0,1.0,217.0,65.2694610778443
2015,Psychology,89,,,Birkbeck,52.0,83.9195979899497,82.8282828282828,3.0,18.3999999999999,,,254.0,64.8111332007952
2013,Psychology,17,11.0,6.0,Birmingham,82.0,86.0,77.0,10.0,14.4,53.0,6.0,439.0,55.8
2014,Psychology,6,17.0,-11.0,Birmingham,85.5,87.5311720698254,82.0,10.0,13.7,70.0,7.0,461.0,66.5338645418327
2015,Psychology,10,6.0,4.0,Birmingham,81.7,95.5,88.1188118811881,9.0,14.7,64.0,8.0,439.0,61.9238476953907
2013,Psychology,46,,,Birmingham City,70.4,87.4621212121212,83.8383838383838,5.0,17.5,,7.0,293.0,65.9050505050505
2014,Psychology,54,46.0,8.0,Birmingham City,62.6,89.6725440806045,90.0,5.0,21.7,66.0,5.0,317.0,78.0
2015,Psychology,106,54.0,52.0,Birmingham City,39.0,80.25,81.8181818181818,4.0,26.3,50.0,2.0,289.0,55.9118236472946
2013,Psychology,108,103.0,5.0,Bolton,39.5,78.4859783264306,84.3006643006643,2.0,25.6,26.0,2.0,250.0,61.5064257889116
2014,Psychology,105,108.0,-3.0,Bolton,32.9,80.75,67.6767676767677,2.0,23.3,35.0,3.0,288.0,61.9521912350598
2015,Psychology,96,105.0,-9.0,Bolton,47.3,81.4070351758794,74.0,3.0,23.3,48.0,5.0,263.0,67.5350701402805
2013,Psychology,93,85.0,8.0,Bournemouth,53.8,80.7108210821082,77.0,7.0,22.9,39.0,3.0,313.0,62.0950495049505
2014,Psychology,72,93.0,-21.0,Bournemouth,55.4,85.7142857142857,80.1980198019802,8.0,20.0,50.0,3.0,357.0,63.5458167330677
2015,Psychology,93,72.0,21.0,Bournemouth,48.3,90.0497512437811,86.9999999999999,5.0,25.6,32.0,3.0,326.0,72.3446893787575
2013,Psychology,91,79.0,12.0,Bradford,54.6,90.7271727172717,94.0,3.0,25.3,36.0,2.0,253.0,78.3807380738074
2014,Psychology,87,91.0,-4.0,Bradford,48.0,88.3374689826303,93.0,3.0,27.7,49.0,3.0,282.0,80.3607214428858
2015,Psychology,92,87.0,5.0,Bradford,48.4,88.1597363241369,88.9711107678047,3.0,27.7,47.0,4.0,295.0,68.7156505465817
2013,Psychology,14,12.0,2.0,Bristol,82.5,86.5,88.0,7.0,15.6,65.0,8.0,486.0,47.6
2014,Psychology,16,14.0,2.0,Bristol,77.4,90.9547738693467,83.0,7.0,15.5,66.0,8.0,480.0,53.6144578313253
2015,Psychology,12,16.0,-4.0,Bristol,80.9,96.0,91.089108910891,6.0,15.3,64.0,8.0,482.0,67.065868263473
2013,Psychology,51,61.0,-10.0,Brunel,67.3,86.2042454245424,88.1188118811881,5.0,18.1,55.0,8.0,350.0,52.1858585858586
2014,Psychology,51,51.0,0.0,Brunel,63.3,87.9699248120301,90.9090909090909,6.0,18.1,54.0,7.0,370.0,64.5290581162325
2015,Psychology,78,51.0,27.0,Brunel,54.1,82.7930174563591,83.1683168316831,4.0,19.3,50.0,8.0,356.0,52.6946107784431
2013,Psychology,20,,,Buckingham,80.2,93.0348258706468,89.8989898989899,3.0,8.0,,,249.0,78.0
2014,Psychology,16,20.0,-4.0,Buckingham,77.4,91.7293233082707,92.0,5.0,10.7,,,278.0,81.9639278557114
2013,Psychology,81,84.0,-3.0,Bucks New University,58.5,90.7247474747475,93.9393939393939,4.0,21.4,36.0,3.0,251.0,75.1414141414142
2014,Psychology,100,81.0,19.0,Bucks New University,41.2,86.7167919799499,85.8585858585858,4.0,21.6,44.0,1.0,243.0,60.0401606425703
2015,Psychology,101,100.0,1.0,Bucks New University,44.7,87.96992481203,81.0,3.0,21.3,38.0,4.0,257.0,62.3505976095617
2013,Psychology,2,2.0,0.0,Cambridge,99.5,97.2658217821782,98.0,,17.2,,8.0,560.0,74.6114649681529
2014,Psychology,2,2.0,0.0,Cambridge,95.7,97.2658217821782,98.0,,16.5,,8.0,558.0,74.6114649681529
2015,Psychology,1,2.0,-1.0,Cambridge,100.0,93.75,94.9494949494949,,10.6,81.0,8.0,546.0,78.0
2013,Psychology,80,71.0,9.0,Canterbury Christ Church,58.7,86.25,87.0,5.0,16.3,37.0,2.0,295.0,71.4221033868093
2014,Psychology,80,80.0,0.0,Canterbury Christ Church,51.1,91.5,82.8282828282828,6.0,17.0,40.0,4.0,286.0,66.2027833001988
2015,Psychology,90,80.0,10.0,Canterbury Christ Church,51.1,89.0274314214463,83.8383838383838,3.0,15.4,44.0,2.0,286.0,68.5370741482965
2013,Psychology,10,23.0,-13.0,Cardiff,85.5,88.25910091009101,85.8585858585858,10.0,16.7,65.0,6.0,456.0,65.3960759836202
2014,Psychology,15,10.0,5.0,Cardiff,77.8,90.5,90.0,10.0,18.5,61.0,7.0,459.0,64.4710578842315
2015,Psychology,21,15.0,6.0,Cardiff,76.4,94.5137157107231,90.9999999999999,10.0,18.5,56.9999999999999,8.0,445.0,61.7234468937875
2015,Psychology,100,,,Cardiff Met,45.1,87.6884422110552,87.0,4.0,21.0,47.0,1.0,268.0,73.5470941883767
2013,Psychology,72,54.0,18.0,Central Lancashire,60.5,83.5,86.0,5.0,21.7,47.0,3.0,310.0,70.339393939394
2014,Psychology,77,72.0,5.0,Central Lancashire,53.1,84.25,86.8686868686869,6.0,21.1,56.0,4.0,322.0,68.937875751503
2015,Psychology,87,77.0,10.0,Central Lancashire,52.5,84.0796019900497,83.1683168316831,5.0,20.0,54.0,2.0,339.0,64.0562248995983
2013,Psychology,38,63.0,-25.0,Chester,72.8,90.2272727272727,88.1188118811881,3.0,15.3,45.0,8.0,295.0,77.7872387238724
2014,Psychology,38,38.0,0.0,Chester,66.9,92.0199501246883,89.0,3.0,15.9,58.0,7.0,310.0,74.2
2015,Psychology,28,38.0,-10.0,Chester,70.9,92.5187032418952,97.0,3.0,16.8999999999999,64.0,8.0,308.0,82.8
2013,Psychology,29,,,Chichester,76.6,89.4736842105263,92.9292929292929,3.0,8.8,,,289.0,76.7535070140281
2014,Psychology,61,29.0,32.0,Chichester,59.0,85.785536159601,83.1683168316832,3.0,13.8,,,282.0,72.4550898203593
2015,Psychology,53,61.0,-8.0,Chichester,61.2,91.25,85.0,2.0,21.0,,8.0,284.0,75.2495009980039
2013,Psychology,84,59.0,25.0,City,57.9,78.5,78.0,4.0,19.4,38.0,7.0,374.0,49.9030303030303
2014,Psychology,42,84.0,-42.0,City,65.5,86.8354430379747,93.0,4.0,19.8,60.0,6.0,392.0,75.8
2015,Psychology,24,42.0,-18.0,City,72.4,92.75,99.0,4.0,17.6,47.0,9.0,373.0,82.1643286573146
2013,Psychology,55,58.0,-3.0,Coventry,66.7,86.5,87.0,5.0,14.2,46.0,6.0,306.0,62.0557855785578
2014,Psychology,48,55.0,-7.0,Coventry,63.4,90.4522613065327,90.9090909090909,4.0,13.6,68.0,3.0,315.0,67.6646706586826
2015,Psychology,33,48.0,-15.0,Coventry,68.8,90.7730673316708,88.0,4.0,12.1,70.0,4.0,313.0,70.4225352112676
2013,Psychology,96,81.0,15.0,Cumbria,51.7,92.769801980198,86.0,3.0,30.7,,7.0,221.0,67.0217821782178
2014,Psychology,78,96.0,-18.0,Cumbria,52.6,89.4736842105263,79.0,2.0,24.0,,10.0,223.0,64.2570281124498
2015,Psychology,34,78.0,-44.0,Cumbria,68.5,97.75,100.0,2.0,18.2,,,214.0,83.8709677419354
2013,Psychology,88,77.0,11.0,De Montfort,56.6,85.1414141414142,89.0,3.0,17.0,32.0,2.0,287.0,68.4821282128213
2014,Psychology,91,88.0,3.0,De Montfort,47.1,86.6004962779156,91.0,3.0,18.5,35.0,2.0,315.0,76.6932270916335
2015,Psychology,69,91.0,-22.0,De Montfort,56.0,90.0,88.1188118811881,3.0,18.3,47.0,2.0,306.0,80.0804828973843
2013,Psychology,77,73.0,4.0,Derby,58.8,82.7970297029703,77.0,3.0,15.5,38.0,5.0,268.0,61.8585858585858
2014,Psychology,97,77.0,20.0,Derby,44.5,87.468671679198,79.2079207920792,3.0,17.1,42.0,3.0,277.0,64.9298597194389
2015,Psychology,94,97.0,-3.0,Derby,47.6,79.5,75.2475247524752,4.0,18.7,56.0,2.0,289.0,59.7194388777555
2013,Psychology,26,17.0,9.0,Dundee,77.4,91.25,91.0,4.0,15.8,52.0,9.0,386.0,60.1741831086874
2014,Psychology,58,26.0,32.0,Dundee,61.9,92.4812030075188,92.0,5.0,21.0,49.0,6.0,385.0,69.8189134808853
2015,Psychology,52,58.0,-6.0,Dundee,61.4,91.7910447761194,90.09900990099,5.0,19.1,48.0,7.0,385.0,58.2
2013,Psychology,13,26.0,-13.0,Durham,82.6,88.7871287128713,86.0,7.0,15.7,65.0,5.0,491.0,64.986798679868
2014,Psychology,18,13.0,5.0,Durham,77.2,88.8613861386139,85.1485148514852,7.0,16.7,67.0,4.0,484.0,71.4
2015,Psychology,23,18.0,5.0,Durham,75.5,90.9774436090225,88.0,6.0,17.8,73.0,4.0,492.0,69.4610778443113
2013,Psychology,89,88.0,1.0,East London,55.1,85.5006877579092,92.0792079207921,3.0,23.5,38.0,4.0,207.0,71.7506044527104
2014,Psychology,103,89.0,14.0,East London,40.5,85.9649122807018,81.1881188118812,3.0,21.4,32.0,3.0,236.0,70.2
2015,Psychology,77,103.0,-26.0,East London,54.5,88.9168765743072,90.9090909090909,4.0,22.3,38.0,8.0,258.0,73.2394366197183
2013,Psychology,64,71.0,-7.0,Edge Hill,63.1,89.0,92.0,3.0,15.1,36.0,2.0,288.0,85.6554455445545
2014,Psychology,81,64.0,17.0,Edge Hill,50.8,92.5,91.9191919191919,3.0,17.6,32.0,1.0,308.0,87.374749498998
2015,Psychology,59,81.0,-22.0,Edge Hill,59.5,91.9597989949748,94.0,3.0,18.1,41.0,3.0,297.0,90.7630522088353
2013,Psychology,56,34.0,22.0,Edinburgh,66.4,84.5343521308653,84.0,5.0,20.1,42.0,8.0,454.0,50.0768275433815
2014,Psychology,37,56.0,-19.0,Edinburgh,68.0,81.1414392059553,74.0,7.0,19.7,77.0,7.0,479.0,52.191235059761
2015,Psychology,9,37.0,-28.0,Edinburgh,81.8,84.0399002493765,81.0,10.0,11.7,63.0,7.0,483.0,59.5617529880478
2013,Psychology,63,41.0,22.0,Edinburgh Napier,63.5,86.5247524752475,92.0,6.0,25.1,,8.0,305.0,64.7944794479448
2014,Psychology,88,63.0,25.0,Edinburgh Napier,47.8,86.2155388471178,93.9393939393939,4.0,33.1,57.0,5.0,337.0,70.8
2015,Psychology,98,88.0,10.0,Edinburgh Napier,46.0,89.7243107769423,89.0,5.0,27.0,28.0,5.0,365.0,65.3306613226452
2013,Psychology,50,36.0,14.0,Essex,67.9,89.5272277227723,90.0,5.0,17.5,44.0,7.0,339.0,66.0104207200684
2014,Psychology,54,50.0,4.0,Essex,62.6,90.9774436090225,88.1188118811881,4.0,17.7,48.0,6.0,368.0,68.4
2015,Psychology,61,54.0,7.0,Essex,59.0,90.0,93.0,4.0,21.5,50.0,6.0,358.0,67.5350701402805
2013,Psychology,18,10.0,8.0,Exeter,81.9,92.9870237023702,89.1089108910891,8.0,17.4,53.0,7.0,461.0,67.1353535353535
2014,Psychology,19,18.0,1.0,Exeter,76.5,89.7755610972568,82.0,8.0,16.7,64.0,6.0,492.0,67.0
2015,Psychology,8,19.0,-11.0,Exeter,82.1,93.2668329177057,90.0,8.0,16.0,68.0,7.0,455.0,71.8562874251497
2013,Psychology,97,94.0,3.0,Glamorgan,50.9,87.5118761876188,90.0,3.0,25.9,20.0,7.0,286.0,65.4862486248625
2013,Psychology,4,4.0,0.0,Glasgow,93.7,89.274202420242,92.0,10.0,17.4,68.0,10.0,468.0,57.159310798887
2014,Psychology,4,4.0,0.0,Glasgow,91.0,93.5162094763092,94.0,,12.6,61.0,9.0,477.0,69.2614770459082
2015,Psychology,2,4.0,-2.0,Glasgow,96.1,95.4773869346733,97.9999999999999,9.0,14.0,78.0,10.0,510.0,67.7354709418837
2013,Psychology,90,86.0,4.0,Glasgow Caledonian,54.8,73.3076557655765,67.0,4.0,16.9,37.0,7.0,357.0,42.5060306030603
2014,Psychology,97,90.0,7.0,Glasgow Caledonian,44.5,83.2080200501253,90.0990099009901,4.0,25.5,32.0,8.0,392.0,47.5049900199601
2015,Psychology,57,97.0,-40.0,Glasgow Caledonian,60.1,95.5112219451371,93.9999999999999,3.0,28.3,49.0,8.0,416.0,70.2594810379241
2013,Psychology,66,79.0,-13.0,Gloucestershire,62.4,86.25,90.0,4.0,20.9,37.0,7.0,307.0,72.9009900990099
2014,Psychology,83,66.0,17.0,Gloucestershire,49.7,84.8258706467662,85.8585858585858,4.0,24.5,48.0,6.0,297.0,68.0722891566265
2015,Psychology,48,83.0,-35.0,Gloucestershire,63.2,92.4812030075187,92.9292929292929,7.0,21.8,43.0,9.0,295.0,75.751503006012
2013,Psychology,10,,,Glyndwr,85.5,89.4736842105263,82.0,4.0,8.7,,,231.0,84.3373493975904
2014,Psychology,40,10.0,30.0,Glyndwr,66.3,88.2205513784461,81.0,5.0,15.5,,,251.0,81.2
2015,Psychology,81,40.0,41.0,Glyndwr,53.7,84.5,82.0,5.0,16.8999999999999,,,252.0,56.4
2013,Psychology,39,32.0,7.0,Goldsmiths,72.6,87.3442498095963,90.0990099009901,4.0,12.1,37.0,6.0,335.0,77.7557755775578
2014,Psychology,33,39.0,-6.0,Goldsmiths,69.7,87.0967741935484,88.1188118811881,4.0,14.7,58.0,8.0,346.0,72.5099601593625
2015,Psychology,34,33.0,1.0,Goldsmiths,68.5,94.25,96.0,4.0,15.5,57.9999999999999,9.0,324.0,59.0
2013,Psychology,87,98.0,-11.0,Greenwich,56.7,84.2846534653465,84.1584158415842,5.0,19.7,48.0,,253.0,60.5190119011901
2014,Psychology,59,87.0,-28.0,Greenwich,61.6,88.25,87.0,6.0,19.0,66.0,4.0,297.0,70.6
2015,Psychology,56,59.0,-3.0,Greenwich,60.4,90.75,89.1089108910891,5.0,19.7,56.0,4.0,298.0,73.4530938123752
2013,Psychology,22,5.0,17.0,Heriot-Watt,78.9,94.2547504750475,88.0,2.0,13.6,38.0,8.0,336.0,76.5410141014101
2014,Psychology,27,22.0,5.0,Heriot-Watt,72.7,96.4912280701754,92.0,5.0,21.3,,6.0,389.0,82.8343313373254
2015,Psychology,41,27.0,14.0,Heriot-Watt,67.0,77.9999999999999,81.8181818181818,10.0,19.8,,6.0,414.0,71.1422845691382
2013,Psychology,71,47.0,24.0,Hertfordshire,61.1,85.5018751875188,85.0,3.0,18.8,38.0,8.0,327.0,56.5287728097134
2014,Psychology,74,71.0,3.0,Hertfordshire,54.5,82.2055137844612,82.0,3.0,20.4,45.0,8.0,345.0,70.6
2015,Psychology,76,74.0,2.0,Hertfordshire,54.6,84.6153846153846,83.1683168316831,3.0,17.3,51.0,5.0,355.0,59.4810379241517
2013,Psychology,36,29.0,7.0,Huddersfield,73.2,85.289603960396,90.0,5.0,14.2,51.0,7.0,280.0,75.0031603160316
2014,Psychology,56,36.0,20.0,Huddersfield,62.4,76.8079800498753,79.2079207920792,6.0,13.1,59.0,6.0,310.0,72.2554890219561
2015,Psychology,60,56.0,4.0,Huddersfield,59.4,89.1959798994974,90.9999999999999,4.0,20.0,57.9999999999999,3.0,313.0,77.8
2013,Psychology,62,74.0,-12.0,Hull,63.7,89.6506044047028,94.0,3.0,21.4,42.0,6.0,359.0,60.3128712871287
2014,Psychology,57,62.0,-5.0,Hull,62.2,86.783042394015,87.0,3.0,19.0,62.0,6.0,358.0,68.8
2015,Psychology,70,57.0,13.0,Hull,55.6,90.9547738693467,94.9999999999999,3.0,17.5,51.0,5.0,313.0,57.3440643863179
2013,Psychology,43,44.0,-1.0,Keele,71.3,87.75,87.8787878787879,4.0,17.1,57.0,7.0,321.0,65.7417329452244
2014,Psychology,31,43.0,-12.0,Keele,70.9,92.0,92.0792079207921,4.0,18.0,68.0,9.0,352.0,71.0578842315369
2015,Psychology,44,31.0,13.0,Keele,66.5999999999999,90.8415841584158,94.9494949494949,3.0,18.3999999999999,56.0,7.0,382.0,68.8622754491018
2013,Psychology,24,18.0,6.0,Kent,78.3,87.269801980198,89.0,6.0,17.3,64.0,8.0,391.0,59.4493649364936
2014,Psychology,23,24.0,-1.0,Kent,73.9,89.25,93.0,6.0,18.0,72.0,8.0,415.0,62.6746506986028
2015,Psychology,14,23.0,-9.0,Kent,79.5999999999999,87.96992481203,89.1089108910891,6.0,13.8,72.0,8.0,413.0,67.5999999999999
2013,Psychology,105,96.0,9.0,Kingston,45.7,78.8989898989899,74.0,3.0,19.9,35.0,3.0,278.0,48.8
2014,Psychology,92,105.0,-13.0,Kingston,46.2,83.25,80.0,3.0,20.2,58.0,2.0,317.0,58.9641434262948
2015,Psychology,109,92.0,17.0,Kingston,31.3,66.9172932330827,55.9999999999999,4.0,20.5,47.0,1.0,277.0,49.2
2013,Psychology,28,39.0,-11.0,Lancaster,77.1,90.0,91.0,6.0,19.6,62.0,4.0,436.0,70.7474747474748
2014,Psychology,26,28.0,-2.0,Lancaster,72.9,88.0,87.1287128712871,7.0,19.4,73.0,5.0,439.0,67.6646706586826
2015,Psychology,42,26.0,16.0,Lancaster,66.9,86.75,84.0,7.0,17.6,64.0,5.0,435.0,56.7999999999999
2013,Psychology,37,57.0,-20.0,Leeds,72.9,87.2494499449945,82.1782178217822,4.0,20.3,69.0,8.0,438.0,52.1941992760427
2014,Psychology,39,37.0,2.0,Leeds,66.8,91.2060301507538,83.1683168316832,6.0,21.9,61.0,8.0,446.0,58.9178356713427
2015,Psychology,37,39.0,-2.0,Leeds,67.9,87.6574307304785,86.9999999999999,7.0,19.8999999999999,64.0,8.0,422.0,62.3999999999999
2013,Psychology,100,90.0,10.0,Leeds Met,49.6,81.549504950495,79.0,3.0,20.2,33.0,1.0,319.0,66.0673267326733
2014,Psychology,102,100.0,2.0,Leeds Met,40.8,81.9548872180451,83.0,4.0,22.6,39.0,2.0,311.0,67.6
2015,Psychology,107,102.0,5.0,Leeds Met,36.7999999999999,79.4486215538847,68.3168316831683,4.0,26.5,43.0,2.0,307.0,52.4
2014,Psychology,81,,,Leeds Trinity,50.8,86.284289276808,80.1980198019802,2.0,19.3,45.0,4.0,303.0,72.3446893787575
2015,Psychology,73,81.0,-8.0,Leeds Trinity,54.9,93.2668329177057,94.059405940594,3.0,18.5,45.0,3.0,269.0,82.9659318637274
2013,Psychology,76,82.0,-6.0,Leeds Trinity University College,59.1,91.2070707070707,90.9090909090909,2.0,19.2,50.0,1.0,266.0,79.4
2013,Psychology,21,29.0,-8.0,Leicester,79.2,77.0,76.0,10.0,13.3,50.0,8.0,399.0,66.7239723972397
2014,Psychology,9,21.0,-12.0,Leicester,83.4,86.4321608040201,87.1287128712871,10.0,12.2,59.0,7.0,407.0,76.3527054108216
2015,Psychology,7,9.0,-2.0,Leicester,82.2,90.7035175879397,87.9999999999999,10.0,12.4,56.9999999999999,8.0,402.0,74.4
2013,Psychology,57,64.0,-7.0,Lincoln,66.0,85.7216721672167,88.0,5.0,21.5,60.0,3.0,342.0,74.8811881188119
2014,Psychology,44,57.0,-13.0,Lincoln,65.1,87.0,82.0,4.0,19.4,58.0,6.0,362.0,78.8
2015,Psychology,24,44.0,-20.0,Lincoln,72.4,93.0174563591022,93.069306930693,4.0,19.2,71.0,4.0,351.0,87.2
2013,Psychology,48,55.0,-7.0,Liverpool,69.8,86.6742424242424,85.0,7.0,19.1,41.0,6.0,396.0,65.2290801677305
2014,Psychology,45,48.0,-3.0,Liverpool,64.9,85.5721393034826,86.1386138613862,8.0,17.6,51.0,7.0,414.0,59.6806387225549
2015,Psychology,43,45.0,-2.0,Liverpool,66.7,83.75,86.0,8.0,16.2,54.0,6.0,400.0,66.6003976143141
2013,Psychology,103,99.0,4.0,Liverpool John Moores,47.4,78.5594059405941,72.0,5.0,24.5,22.0,4.0,289.0,70.0407440744074
2014,Psychology,65,103.0,-38.0,Liverpool John Moores,57.2,91.4357682619647,91.9191919191919,4.0,27.6,46.0,8.0,329.0,83.9034205231388
2015,Psychology,88,65.0,23.0,Liverpool John Moores,52.3,85.1385390428211,81.0,4.0,26.3,43.0,7.0,338.0,75.3012048192771
2013,Psychology,102,92.0,10.0,London Met,47.7,74.0816831683168,72.0,4.0,16.6,27.0,4.0,250.0,51.774062816616
2014,Psychology,99,102.0,-3.0,London Met,42.2,84.75,82.0,3.0,20.6,51.0,2.0,236.0,69.6
2015,Psychology,98,99.0,-1.0,London Met,46.0,80.9523809523809,63.0,3.0,17.8999999999999,,3.0,268.0,63.9278557114228
2013,Psychology,99,102.0,-3.0,London South Bank,50.1,81.9840484048405,80.1980198019802,4.0,21.0,43.0,1.0,244.0,64.5454745474548
2014,Psychology,96,99.0,-3.0,London South Bank,44.6,85.25,84.0,4.0,18.0,30.0,2.0,295.0,73.3466933867735
2015,Psychology,91,96.0,-5.0,London South Bank,49.0,87.6884422110552,90.9999999999999,3.0,21.4,41.0,4.0,266.0,64.7294589178356
2013,Psychology,39,25.0,14.0,Loughborough,72.6,80.4865736573657,71.7171717171717,8.0,15.4,54.0,6.0,437.0,64.7857142857143
2014,Psychology,10,39.0,-29.0,Loughborough,82.0,93.5162094763092,89.0,8.0,13.7,64.0,6.0,418.0,79.6407185628742
2015,Psychology,22,10.0,12.0,Loughborough,75.5999999999999,88.6934673366834,88.8888888888889,8.0,13.0,65.0,6.0,399.0,71.0578842315369
2013,Psychology,35,45.0,-10.0,Manchester,73.6,84.7592509250925,78.0,7.0,15.3,44.0,7.0,419.0,59.6102899136434
2014,Psychology,32,35.0,-3.0,Manchester,70.1,87.2817955112219,80.0,8.0,14.9,60.0,4.0,444.0,69.5390781563126
2015,Psychology,30,32.0,-2.0,Manchester,69.7,86.6834170854271,88.0,8.0,13.6,50.0,4.0,429.0,69.3999999999999
2013,Psychology,98,67.0,31.0,Manchester Met,50.5,77.1464646464646,71.0,3.0,23.5,39.0,7.0,318.0,54.102785782901
2014,Psychology,86,98.0,-12.0,Manchester Met,48.4,82.5870646766169,83.0,3.0,24.6,44.0,7.0,350.0,65.8682634730539
2015,Psychology,71,86.0,-15.0,Manchester Met,55.5,82.4561403508772,81.1881188118812,3.0,24.2,56.0,8.0,338.0,69.0
2013,Psychology,69,93.0,-24.0,Middlesex,61.3,82.5,80.0,6.0,22.8,,5.0,245.0,65.0976976747351
2014,Psychology,79,69.0,10.0,Middlesex,51.5,80.4511278195489,84.0,6.0,25.7,55.0,7.0,280.0,68.8755020080321
2015,Psychology,65,79.0,-14.0,Middlesex,57.6,85.4636591478696,75.0,6.0,22.1,63.0,4.0,320.0,65.7370517928286
2013,Psychology,41,37.0,4.0,Newcastle,72.2,88.2247474747475,86.0,7.0,18.2,59.0,5.0,430.0,52.7782178217822
2014,Psychology,21,41.0,-20.0,Newcastle,74.1,90.25,93.9393939393939,7.0,17.7,60.0,7.0,455.0,71.6
2015,Psychology,31,21.0,10.0,Newcastle,69.5,88.2205513784461,88.8888888888889,7.0,16.5,60.0,5.0,448.0,58.8822355289421
2014,Psychology,33,,,Newman University,69.7,96.5087281795511,98.0,3.0,20.1,,7.0,308.0,91.4171656686627
2015,Psychology,54,33.0,21.0,Newman University,61.0,90.4761904761904,87.8787878787878,4.0,16.8999999999999,,7.0,304.0,65.2694610778443
2013,Psychology,75,75.0,0.0,Newman University College,59.3,83.219396939694,86.1386138613861,3.0,20.1,,5.0,230.0,73.7515151515152
2013,Psychology,85,100.0,-15.0,Newport,57.6,88.779702970297,85.0,7.0,24.6,,1.0,247.0,83.229702970297
2013,Psychology,82,60.0,22.0,Northampton,58.3,84.0218771877188,87.0,4.0,19.0,20.0,7.0,273.0,70.4
2014,Psychology,53,82.0,-29.0,Northampton,62.8,85.929648241206,93.0,4.0,19.1,53.0,9.0,309.0,71.3426853707415
2015,Psychology,79,53.0,26.0,Northampton,54.0,88.25,89.8989898989898,5.0,20.2,38.0,7.0,288.0,69.4610778443113
2013,Psychology,60,49.0,11.0,Northumbria,63.9,80.6313131313131,85.1485148514852,5.0,12.3,45.0,4.0,352.0,50.6599859985999
2014,Psychology,68,60.0,8.0,Northumbria,56.6,83.5411471321696,86.1386138613862,5.0,16.4,51.0,5.0,350.0,59.1182364729459
2015,Psychology,85,68.0,17.0,Northumbria,52.9,81.5,80.0,4.0,21.9,48.0,8.0,375.0,54.7094188376753
2013,Psychology,24,15.0,9.0,Nottingham,78.3,80.9436443644364,81.0,9.0,15.6,58.0,7.0,446.0,55.671305442973
2014,Psychology,24,24.0,0.0,Nottingham,73.8,89.5,86.8686868686869,9.0,15.2,59.0,6.0,437.0,59.8393574297189
2015,Psychology,19,24.0,-5.0,Nottingham,76.9,93.5,90.9999999999999,8.0,14.8,60.0,6.0,440.0,69.3386773547094
2013,Psychology,67,51.0,16.0,Nottingham Trent,62.2,84.5,83.1683168316832,6.0,18.4,41.0,5.0,319.0,59.3535353535354
2014,Psychology,63,67.0,-4.0,Nottingham Trent,58.2,87.9699248120301,87.0,4.0,19.6,54.0,7.0,350.0,63.7274549098196
2015,Psychology,31,63.0,-32.0,Nottingham Trent,69.5,91.3151364764268,96.0,5.0,14.8,53.0,7.0,329.0,76.4
2013,Psychology,3,1.0,2.0,Oxford,95.3,93.75,95.0,,15.2,60.0,8.0,549.0,67.539393939394
2014,Psychology,1,3.0,-2.0,Oxford,100.0,96.2593516209476,92.0792079207921,,12.8,69.0,8.0,544.0,77.3547094188377
2015,Psychology,3,1.0,2.0,Oxford,95.2,95.2380952380952,94.0,,,69.0,8.0,564.0,79.8
2013,Psychology,69,46.0,23.0,Oxford Brookes,61.3,91.9772727272727,83.8383838383838,5.0,16.9,31.0,6.0,352.0,57.6633663366337
2014,Psychology,52,69.0,-17.0,Oxford Brookes,63.0,92.2693266832918,89.0,6.0,13.4,41.0,3.0,389.0,68.4630738522954
2015,Psychology,38,52.0,-14.0,Oxford Brookes,67.8,95.75,92.0,6.0,15.8,42.0,7.0,369.0,74.6478873239436
2013,Psychology,33,42.0,-9.0,Plymouth,74.2,86.5464296429643,90.0,7.0,15.3,52.0,8.0,320.0,67.0863227586699
2014,Psychology,48,33.0,15.0,Plymouth,63.4,88.0299251870324,90.0990099009901,7.0,17.9,50.0,7.0,341.0,65.8
2015,Psychology,48,48.0,0.0,Plymouth,63.2,88.2793017456359,91.9191919191919,6.0,18.5,56.9999999999999,6.0,328.0,70.9163346613545
2013,Psychology,30,70.0,-40.0,Portsmouth,76.5,90.9873737373738,92.0,6.0,13.9,51.0,6.0,341.0,70.1456177505506
2014,Psychology,20,30.0,-10.0,Portsmouth,74.3,90.9774436090226,91.9191919191919,7.0,14.6,56.0,8.0,349.0,73.6526946107784
2015,Psychology,17,20.0,-3.0,Portsmouth,77.2,93.2499999999999,96.0,5.0,15.0,66.0,8.0,339.0,79.3240556660039
2013,Psychology,73,52.0,21.0,Queen Margaret,60.3,87.2846534653465,79.2079207920792,2.0,11.9,,7.0,353.0,45.7972532737145
2014,Psychology,70,73.0,-3.0,Queen Margaret,56.1,96.25,91.0,3.0,16.1,30.0,7.0,338.0,63.872255489022
2015,Psychology,55,70.0,-15.0,Queen Margaret,60.6,92.3076923076922,91.089108910891,2.0,27.2,,10.0,326.0,66.0
2013,Psychology,47,20.0,27.0,"Queen's, Belfast",70.3,88.4848484848485,82.1782178217822,9.0,17.9,33.0,7.0,368.0,51.8851485148515
2014,Psychology,48,47.0,1.0,"Queen's, Belfast",63.4,86.8159203980099,84.0,10.0,20.0,43.0,5.0,383.0,62.124248496994
2015,Psychology,46,48.0,-2.0,"Queen's, Belfast",65.0,90.0,84.0,8.0,19.3999999999999,59.0,5.0,386.0,54.2914171656686
2013,Psychology,26,33.0,-7.0,Reading,77.4,90.229797979798,87.0,8.0,16.4,48.0,8.0,385.0,65.1346534653465
2014,Psychology,25,26.0,-1.0,Reading,73.6,90.0497512437811,89.0,9.0,16.7,45.0,8.0,395.0,71.1422845691383
2015,Psychology,38,25.0,13.0,Reading,67.8,89.9749373433583,92.0,9.0,18.6,59.0,4.0,404.0,59.437751004016
2013,Psychology,95,96.0,-1.0,Roehampton,52.5,83.2412754832102,82.8282828282828,3.0,25.7,49.0,4.0,242.0,67.8887945132541
2014,Psychology,85,95.0,-10.0,Roehampton,48.5,85.0746268656717,84.0,4.0,19.6,45.0,5.0,263.0,64.2714570858284
2015,Psychology,86,85.0,1.0,Roehampton,52.6,86.9346733668341,86.8686868686868,4.0,21.1,56.0,3.0,282.0,67.3306772908366
2013,Psychology,8,9.0,-1.0,Royal Holloway,87.9,94.0,94.0,6.0,14.9,63.0,8.0,436.0,68.8775708896191
2014,Psychology,12,8.0,4.0,Royal Holloway,79.0,90.5236907730673,91.0,7.0,13.6,57.0,6.0,441.0,75.6487025948104
2015,Psychology,18,12.0,6.0,Royal Holloway,77.0,95.5112219451371,94.0,6.0,14.1,49.0,7.0,451.0,72.1115537848605
2013,Psychology,83,87.0,-4.0,Salford,58.0,86.2614261426142,78.2178217821782,4.0,21.3,43.0,5.0,321.0,67.3151515151515
2014,Psychology,94,83.0,11.0,Salford,45.1,87.0324189526185,84.0,2.0,21.7,43.0,7.0,313.0,58.7174348697395
2015,Psychology,64,94.0,-30.0,Salford,58.3,89.9497487437186,85.8585858585858,4.0,21.0,43.0,4.0,329.0,82.0
2013,Psychology,16,19.0,-3.0,Sheffield,82.4,87.25,87.0,8.0,14.0,64.0,5.0,461.0,64.7784167156662
2014,Psychology,43,16.0,27.0,Sheffield,65.3,87.9396984924623,84.0,7.0,16.8,56.0,4.0,452.0,52.1042084168336
2015,Psychology,48,43.0,5.0,Sheffield,63.2,86.8159203980099,90.0,7.0,18.5,50.0,5.0,443.0,55.6224899598393
2013,Psychology,86,65.0,21.0,Sheffield Hallam,57.3,81.8465346534654,74.2574257425742,4.0,21.3,43.0,8.0,324.0,52.4754475447545
2014,Psychology,84,86.0,-2.0,Sheffield Hallam,49.0,80.6532663316583,80.0,5.0,20.5,40.0,6.0,338.0,63.0
2015,Psychology,80,84.0,-4.0,Sheffield Hallam,53.9,83.4586466165413,84.8484848484848,4.0,20.9,44.0,7.0,332.0,68.9243027888446
2015,Psychology,63,,,South Wales,58.9,86.0349127182044,84.0,6.0,21.2,43.0,7.0,329.0,66.5330661322645
2013,Psychology,7,16.0,-9.0,Southampton,89.4,92.5146514651465,92.0,8.0,12.9,55.0,8.0,435.0,75.4969696969697
2014,Psychology,13,7.0,6.0,Southampton,78.6,90.9774436090225,86.0,8.0,12.5,49.0,8.0,444.0,74.9498997995992
2015,Psychology,13,13.0,0.0,Southampton,80.7,89.7755610972568,90.9999999999999,9.0,12.7,62.0,8.0,420.0,65.6063618290258
2013,Psychology,105,91.0,14.0,Southampton Solent,45.7,81.7970297029703,75.7575757575757,4.0,25.7,29.0,4.0,281.0,61.0463246324632
2014,Psychology,104,105.0,-1.0,Southampton Solent,37.5,79.4486215538847,75.2475247524752,4.0,22.8,44.0,3.0,287.0,54.3434343434343
2015,Psychology,105,104.0,1.0,Southampton Solent,39.7999999999999,78.9473684210526,70.2970297029702,4.0,22.6,53.0,2.0,286.0,55.6660039761431
2013,Psychology,9,6.0,3.0,St Andrews,87.6,92.5470297029703,89.0,10.0,13.5,54.0,8.0,508.0,42.5604160416042
2014,Psychology,7,9.0,-2.0,St Andrews,84.7,87.5621890547264,80.0,10.0,12.4,58.0,8.0,528.0,50.0994035785288
2015,Psychology,5,7.0,-2.0,St Andrews,91.8,94.4862155388471,88.0,10.0,10.3,68.0,7.0,517.0,71.3709677419354
2013,Psychology,94,68.0,26.0,"St Mary's UC, Twickenham",53.4,86.7419741974198,84.0,2.0,23.0,53.0,2.0,262.0,75.9111111111111
2014,Psychology,73,94.0,-21.0,"St Mary's UC, Twickenham",54.7,95.25,97.0,2.0,27.4,,3.0,304.0,87.8
2015,Psychology,103,73.0,30.0,"St Mary's UC, Twickenham",43.1,80.5,69.6969696969696,2.0,21.4,,3.0,275.0,70.1402805611222
2013,Psychology,59,43.0,16.0,Staffordshire,65.1,79.7914291429143,92.0,9.0,22.0,48.0,4.0,263.0,72.6916735061936
2014,Psychology,75,59.0,16.0,Staffordshire,54.4,87.719298245614,85.0,8.0,21.9,50.0,1.0,298.0,80.1603206412826
2015,Psychology,83,75.0,8.0,Staffordshire,53.5,78.25,80.1980198019802,8.0,14.6,42.0,2.0,275.0,69.4610778443113
2013,Psychology,32,27.0,5.0,Stirling,74.7,95.2673267326733,97.029702970297,7.0,18.7,39.0,8.0,357.0,70.380198019802
2014,Psychology,27,32.0,-5.0,Stirling,72.7,95.4887218045113,96.0,6.0,19.6,49.0,8.0,398.0,74.4510978043912
2015,Psychology,36,27.0,9.0,Stirling,68.0,92.2885572139303,90.9999999999999,5.0,18.3,55.0,8.0,416.0,59.9198396793587
2013,Psychology,44,27.0,17.0,Strathclyde,71.2,94.9848484848485,92.9292929292929,3.0,19.1,26.0,8.0,387.0,76.1866161616162
2014,Psychology,30,44.0,-14.0,Strathclyde,72.4,96.25,96.0,4.0,18.0,35.0,8.0,473.0,80.9236947791165
2015,Psychology,20,30.0,-10.0,Strathclyde,76.7,94.5,94.0,7.0,18.3999999999999,56.0,6.0,462.0,75.5999999999999
2013,Psychology,49,56.0,-7.0,Sunderland,68.5,94.2621762176218,92.0,7.0,18.9,33.0,2.0,267.0,88.411601160116
2014,Psychology,67,49.0,18.0,Sunderland,57.1,95.2261306532663,95.959595959596,6.0,20.5,29.0,2.0,274.0,85.7715430861723
2015,Psychology,75,67.0,8.0,Sunderland,54.8,94.0149625935162,92.079207920792,6.0,19.7,40.0,2.0,284.0,74.7494989979959
2013,Psychology,19,8.0,11.0,Surrey,80.9,92.8094059405941,83.0,9.0,17.1,56.0,7.0,421.0,62.2734940160683
2014,Psychology,8,19.0,-11.0,Surrey,84.3,97.2431077694236,95.0,10.0,17.0,59.0,8.0,440.0,72.2
2015,Psychology,11,8.0,3.0,Surrey,81.0999999999999,94.7103274559193,90.0,9.0,14.7,56.9999999999999,8.0,448.0,65.7314629258517
2013,Psychology,14,14.0,0.0,Sussex,82.5,90.7165716571657,91.0,4.0,17.5,70.0,8.0,400.0,69.4613861386139
2014,Psychology,27,14.0,13.0,Sussex,72.7,93.0521091811414,94.949494949495,5.0,19.0,53.0,8.0,423.0,68.7374749498998
2015,Psychology,40,27.0,13.0,Sussex,67.7,90.5236907730673,90.09900990099,8.0,16.8,54.0,8.0,431.0,47.8957915831663
2013,Psychology,51,76.0,-25.0,Swansea,67.3,85.0340113509259,81.0,6.0,20.3,58.0,7.0,367.0,51.0767676767677
2014,Psychology,35,51.0,-16.0,Swansea,68.9,91.75,92.0,6.0,21.1,72.0,8.0,376.0,51.7034068136273
2015,Psychology,45,35.0,10.0,Swansea,65.2,85.929648241206,85.0,5.0,20.3999999999999,65.0,8.0,364.0,60.6
2013,Psychology,58,48.0,10.0,Teesside,65.8,89.5,89.0,5.0,18.2,33.0,6.0,288.0,78.8949494949495
2014,Psychology,61,58.0,3.0,Teesside,59.0,85.1758793969849,86.1386138613861,5.0,17.9,51.0,5.0,315.0,74.2
2015,Psychology,58,61.0,-3.0,Teesside,59.6,88.0299251870324,89.0,4.0,17.3,40.0,6.0,311.0,76.753507014028
2013,Psychology,109,101.0,8.0,UC Suffolk,33.6,71.998499849985,64.3564356435644,,26.7,33.0,1.0,245.0,70.1881388138814
2014,Psychology,106,109.0,-3.0,UC Suffolk,31.4,71.356783919598,45.0,,20.4,49.0,1.0,294.0,59.8393574297189
2013,Psychology,1,3.0,-2.0,UCL,100.0,86.7920792079208,91.0,10.0,12.0,63.0,9.0,526.0,73.2712871287129
2014,Psychology,3,1.0,2.0,UCL,93.7,89.25,84.0,10.0,11.6,72.0,8.0,522.0,65.7314629258517
2015,Psychology,6,3.0,3.0,UCL,89.8,91.4572864321608,90.9999999999999,10.0,12.1,56.9999999999999,9.0,516.0,62.0758483033932
2013,Psychology,12,20.0,-8.0,UEA,83.1,92.9621212121212,98.0,10.0,19.1,42.0,5.0,389.0,68.1131313131313
2014,Psychology,14,12.0,2.0,UEA,78.3,94.0298507462686,93.0,10.0,12.6,39.0,5.0,424.0,66.4
2015,Psychology,15,14.0,1.0,UEA,79.2,91.5211970074813,84.0,10.0,16.3999999999999,55.0,7.0,428.0,63.6726546906187
2013,Psychology,65,66.0,-1.0,Ulster,62.6,85.5,92.9292929292929,5.0,17.6,23.0,8.0,295.0,68.7191919191919
2014,Psychology,93,65.0,28.0,Ulster,45.6,82.4120603015075,84.1584158415842,4.0,20.6,32.0,5.0,282.0,69.4
2015,Psychology,66,93.0,-27.0,Ulster,56.7,85.3233830845771,94.0,4.0,19.1,30.0,8.0,298.0,77.2455089820359
2015,Psychology,103,,,University Campus Suffolk,43.1,79.2553074165977,78.054705470547,,22.6,55.0,1.0,303.0,67.7533821246396
2013,Psychology,42,53.0,-11.0,UWE Bristol,71.4,91.0693069306931,86.8686868686869,4.0,19.7,50.0,9.0,342.0,64.3830206550067
2014,Psychology,69,42.0,27.0,UWE Bristol,56.3,89.0274314214464,87.8787878787879,3.0,23.3,51.0,9.0,329.0,62.8
2015,Psychology,83,69.0,14.0,UWE Bristol,53.5,82.0448877805486,76.7676767676767,3.0,21.0,54.0,9.0,374.0,48.2965931863727
2013,Psychology,45,22.0,23.0,Warwick,71.0,82.6969696969697,76.0,7.0,16.8,57.0,6.0,450.0,44.1544554455446
2014,Psychology,65,45.0,20.0,Warwick,57.2,81.9548872180451,79.2079207920792,8.0,22.3,55.0,6.0,470.0,44.2
2015,Psychology,51,65.0,-14.0,Warwick,62.6,85.25,72.5490196078431,7.0,26.2,65.0,5.0,474.0,60.5210420841683
2013,Psychology,54,,,West London,66.8,86.9924242424242,87.0,7.0,16.3,41.0,7.0,186.0,69.2613861386139
2014,Psychology,76,54.0,22.0,West London,54.1,87.9699248120301,87.0,5.0,19.8,50.0,4.0,231.0,73.2
2015,Psychology,81,76.0,5.0,West London,53.7,79.0,83.1683168316831,5.0,16.8,56.9999999999999,2.0,267.0,68.3999999999999
2013,Psychology,107,104.0,3.0,West of Scotland,41.9,85.539603960396,84.0,4.0,26.2,33.0,1.0,259.0,65.4131079131079
2014,Psychology,100,107.0,-7.0,West of Scotland,41.2,88.2793017456359,91.0,4.0,24.7,36.0,1.0,308.0,71.8562874251497
2015,Psychology,61,100.0,-39.0,West of Scotland,59.0,89.5,88.0,4.0,22.2,44.0,3.0,323.0,84.2629482071713
2013,Psychology,53,62.0,-9.0,Westminster,67.1,78.9621212121212,80.1980198019802,3.0,19.1,54.0,10.0,301.0,64.3269120816291
2014,Psychology,71,53.0,18.0,Westminster,55.9,80.5,82.1782178217822,4.0,21.0,60.0,7.0,311.0,62.624254473161
2015,Psychology,73,71.0,2.0,Westminster,54.9,84.5,85.0,4.0,20.9,48.0,8.0,303.0,63.0
2013,Psychology,92,95.0,-3.0,Winchester,53.9,89.9747474747475,81.0,3.0,19.6,33.0,1.0,308.0,78.1992799279928
2014,Psychology,95,92.0,3.0,Winchester,44.9,83.9195979899498,86.0,3.0,21.9,43.0,2.0,319.0,72.6546906187625
2015,Psychology,97,95.0,2.0,Winchester,46.9,80.4511278195488,70.7070707070706,3.0,21.6,50.0,2.0,344.0,63.9999999999999
2013,Psychology,77,89.0,-12.0,Worcester,58.8,88.0,88.0,4.0,25.0,28.0,5.0,305.0,80.0
2014,Psychology,89,77.0,12.0,Worcester,47.7,89.1959798994975,88.8888888888889,3.0,28.6,52.0,5.0,299.0,72.2554890219561
2015,Psychology,102,89.0,13.0,Worcester,43.6,85.25,86.1386138613861,2.0,26.9,52.0,4.0,296.0,62.8742514970059
2013,Psychology,6,7.0,-1.0,York,90.7,92.0247524752475,92.0,10.0,16.5,60.0,6.0,490.0,60.3061906190619
2014,Psychology,11,6.0,5.0,York,79.6,90.5236907730673,87.1287128712871,10.0,16.4,49.0,7.0,487.0,63.0738522954092
2015,Psychology,16,11.0,5.0,York,79.0999999999999,95.2618453865336,95.0,9.0,18.8,57.9999999999999,7.0,468.0,66.6666666666666
2013,Psychology,68,69.0,-1.0,York St John,61.8,93.269801980198,94.0,3.0,15.5,30.0,2.0,334.0,73.619801980198
2014,Psychology,60,68.0,-8.0,York St John,60.0,94.9874686716792,91.0,3.0,16.6,46.0,3.0,319.0,74.1482965931864
2015,Psychology,67,60.0,7.0,York St John,56.4,94.5,89.108910891089,3.0,19.1,56.9999999999999,2.0,312.0,77.2908366533864
2013,Religious studies and theology,25,30.0,-5.0,Bangor,64.5,94.7772277227723,87.0,4.0,17.2,,2.0,312.0,87.2594059405941
2014,Religious studies and theology,22,25.0,-3.0,Bangor,64.0,98.7562189054726,95.0,4.0,15.0,59.0,3.0,,86.1111111111111
2013,Religious studies and theology,23,34.0,-11.0,Bath Spa,64.8,94.75,83.0,3.0,21.1,,8.0,316.0,79.9835583558356
2014,Religious studies and theology,14,23.0,-9.0,Bath Spa,69.9,93.2835820895522,88.1188118811881,3.0,23.2,,9.0,334.0,89.0
2015,Religious studies and theology,22,14.0,8.0,Bath Spa,59.9,95.9798994974874,97.0,3.0,25.1,,7.0,313.0,88.9336016096579
2013,Religious studies and theology,17,25.0,-8.0,Birmingham,69.9,89.049504950495,76.0,8.0,20.6,70.0,6.0,366.0,71.8
2014,Religious studies and theology,12,17.0,-5.0,Birmingham,71.9,90.5,81.1881188118812,9.0,19.8,72.0,6.0,389.0,64.5290581162324
2015,Religious studies and theology,6,12.0,-6.0,Birmingham,83.3,94.0,89.1089108910891,5.0,14.1,80.0,6.0,406.0,84.4311377245508
2013,Religious studies and theology,12,10.0,2.0,Bristol,76.2,91.949494949495,94.0,7.0,19.4,,6.0,435.0,73.7393939393939
2014,Religious studies and theology,9,12.0,-3.0,Bristol,76.9,92.5,87.8787878787879,6.0,18.1,65.0,7.0,432.0,81.0865191146881
2015,Religious studies and theology,10,9.0,1.0,Bristol,76.0999999999999,86.2155388471177,86.8686868686868,5.0,14.5,,8.0,443.0,75.5020080321285
2013,Religious studies and theology,4,1.0,3.0,Cambridge,91.4,93.739898989899,98.0,,14.6,83.0,1.0,517.0,78.0
2014,Religious studies and theology,1,4.0,-3.0,Cambridge,100.0,99.0,97.979797979798,,14.5,81.0,7.0,549.0,76.8
2015,Religious studies and theology,2,1.0,1.0,Cambridge,99.1,95.0248756218905,95.0,10.0,14.3,82.0,1.0,528.0,85.3707414829659
2013,Religious studies and theology,31,29.0,2.0,Canterbury Christ Church,51.0,84.5,75.7575757575758,3.0,17.4,58.0,6.0,261.0,57.6242424242424
2014,Religious studies and theology,29,31.0,-2.0,Canterbury Christ Church,56.4,91.0,88.0,3.0,19.5,,4.0,303.0,81.0379241516966
2015,Religious studies and theology,19,29.0,-10.0,Canterbury Christ Church,66.3,92.9824561403508,90.09900990099,4.0,13.0,,8.0,287.0,76.6467065868263
2013,Religious studies and theology,19,24.0,-5.0,Cardiff,68.0,86.5346534653465,84.1584158415842,3.0,21.6,71.0,8.0,427.0,74.2940938221936
2014,Religious studies and theology,23,19.0,4.0,Cardiff,63.7,92.75,89.0,5.0,20.1,65.0,7.0,381.0,68.8
2015,Religious studies and theology,20,23.0,-3.0,Cardiff,65.5,92.25,93.0,6.0,18.3,70.0,4.0,381.0,82.0359281437125
2013,Religious studies and theology,20,31.0,-11.0,Chester,67.5,93.7623762376238,94.0,4.0,19.1,,8.0,260.0,77.6
2014,Religious studies and theology,18,20.0,-2.0,Chester,67.0,97.75,100.0,4.0,21.4,77.0,4.0,300.0,86.7735470941884
2015,Religious studies and theology,15,18.0,-3.0,Chester,68.5,96.7418546365914,90.9999999999999,4.0,17.8999999999999,85.0,4.0,301.0,87.374749498998
2014,Religious studies and theology,31,,,Chichester,53.7,93.21608040201,90.0,3.0,23.6,,,291.0,83.0339321357286
2015,Religious studies and theology,29,31.0,-2.0,Chichester,39.7999999999999,93.467336683417,94.0,2.0,29.4,,,230.0,83.9034205231388
2014,Religious studies and theology,35,14.0,21.0,Cumbria,38.7,80.6532663316583,65.0,2.0,21.3,,,249.0,85.2295409181637
2013,Religious studies and theology,2,4.0,-2.0,Durham,95.9,98.4949494949495,100.0,7.0,15.6,83.0,8.0,456.0,82.9393939393939
2014,Religious studies and theology,3,2.0,1.0,Durham,98.1,96.75,96.0,6.0,15.8,85.0,8.0,481.0,85.8283433133732
2015,Religious studies and theology,1,3.0,-2.0,Durham,100.0,93.2330827067669,86.0,10.0,13.0,89.0,8.0,513.0,72.6546906187624
2013,Religious studies and theology,6,7.0,-1.0,Edinburgh,88.9,94.7373737373737,90.0,10.0,16.9,80.0,8.0,437.0,61.4
2014,Religious studies and theology,6,6.0,0.0,Edinburgh,81.1,93.25,89.8989898989899,10.0,16.9,62.0,7.0,446.0,71.1422845691383
2015,Religious studies and theology,5,6.0,-1.0,Edinburgh,87.9,93.7965260545905,89.108910891089,9.0,12.0,64.0,8.0,453.0,71.943887775551
2013,Religious studies and theology,5,5.0,0.0,Exeter,90.9,98.4974747474748,100.0,5.0,17.5,,8.0,448.0,88.8210221022102
2014,Religious studies and theology,2,5.0,-3.0,Exeter,98.5,100.0,100.0,6.0,16.4,,8.0,478.0,91.9839679358717
2015,Religious studies and theology,4,2.0,2.0,Exeter,91.0,100.0,100.0,4.0,20.2,,7.0,429.0,94.0119760479042
2013,Religious studies and theology,9,6.0,3.0,Glasgow,85.2,95.0,92.0792079207921,8.0,18.6,,,446.0,81.0970297029703
2014,Religious studies and theology,10,9.0,1.0,Glasgow,73.5,94.2355889724311,90.0,7.0,18.9,,,380.0,81.4
2015,Religious studies and theology,12,10.0,2.0,Glasgow,75.3,92.9824561403508,89.9999999999999,5.0,17.1,,8.0,,77.4
2013,Religious studies and theology,16,13.0,3.0,Gloucestershire,70.3,91.4646464646465,72.0,7.0,15.8,,9.0,291.0,58.0
2014,Religious studies and theology,15,16.0,-1.0,Gloucestershire,69.3,91.7085427135678,76.0,7.0,15.6,,10.0,327.0,60.0798403193613
2013,Religious studies and theology,27,26.0,1.0,Heythrop College,60.9,93.489898989899,93.0,2.0,14.9,55.0,6.0,319.0,65.2
2014,Religious studies and theology,21,27.0,-6.0,Heythrop College,64.9,91.0,86.0,2.0,15.2,73.0,8.0,320.0,69.8
2015,Religious studies and theology,21,21.0,0.0,Heythrop College,63.9,92.0398009950248,85.1485148514851,2.0,12.1,65.0,8.0,316.0,83.9679358717434
2013,Religious studies and theology,30,28.0,2.0,Hull,52.8,82.6212871287129,74.0,3.0,18.2,,3.0,336.0,61.0355835583558
2014,Religious studies and theology,33,30.0,3.0,Hull,43.7,78.3042394014963,73.0,3.0,19.6,,,301.0,70.941883767535
2013,Religious studies and theology,8,12.0,-4.0,Kent,86.0,92.979797979798,96.0,6.0,12.7,,8.0,321.0,85.1448144814481
2014,Religious studies and theology,19,8.0,11.0,Kent,66.5,88.4711779448622,77.0,7.0,11.8,,7.0,344.0,59.6421471172962
2015,Religious studies and theology,16,19.0,-3.0,Kent,67.9,92.25,85.0,6.0,11.1,,7.0,366.0,71.8562874251497
2013,Religious studies and theology,7,19.0,-12.0,King's College London,88.2,99.5,86.8686868686869,8.0,12.7,71.0,8.0,408.0,61.8
2014,Religious studies and theology,8,7.0,1.0,King's College London,80.1,88.0299251870324,82.0,8.0,13.6,,5.0,427.0,72.8542914171657
2015,Religious studies and theology,8,8.0,0.0,King's College London,76.4,95.0,89.1089108910891,5.0,11.7,56.0,7.0,429.0,78.0876494023904
2013,Religious studies and theology,11,8.0,3.0,Lancaster,77.2,93.519801980198,88.0,9.0,15.2,68.0,4.0,373.0,64.8372373822748
2014,Religious studies and theology,7,11.0,-4.0,Lancaster,80.4,94.5,88.0,8.0,16.3,71.0,4.0,421.0,78.8844621513944
2015,Religious studies and theology,18,7.0,11.0,Lancaster,67.4,89.5261845386533,92.079207920792,6.0,9.5,,3.0,448.0,69.4779116465863
2013,Religious studies and theology,28,32.0,-4.0,Leeds,57.6,87.2945544554456,85.8585858585859,5.0,20.3,55.0,4.0,394.0,63.6527623422489
2014,Religious studies and theology,28,28.0,0.0,Leeds,56.5,95.5223880597015,87.0,7.0,22.6,62.0,3.0,396.0,71.6
2015,Religious studies and theology,25,28.0,-3.0,Leeds,55.0,90.3465346534653,88.9999999999999,5.0,19.8,51.0,5.0,426.0,79.8403193612774
2014,Religious studies and theology,34,,,Leeds Trinity,39.9,90.25,87.0,2.0,23.2,,,255.0,63.872255489022
2015,Religious studies and theology,30,34.0,-4.0,Leeds Trinity,34.6,85.3960396039603,80.1980198019802,3.0,18.0,,3.0,275.0,61.5841584158415
2013,Religious studies and theology,35,33.0,2.0,Leeds Trinity University College,35.3,79.75,77.2277227722772,2.0,21.8,,,242.0,71.8
2013,Religious studies and theology,14,22.0,-8.0,Manchester,73.3,94.5,90.0,9.0,20.1,48.0,5.0,400.0,76.6534653465347
2014,Religious studies and theology,16,14.0,2.0,Manchester,69.0,87.8411910669976,87.0,10.0,17.9,56.0,3.0,419.0,73.7051792828685
2015,Religious studies and theology,17,16.0,1.0,Manchester,67.5999999999999,93.984962406015,92.0,7.0,12.6,54.0,7.0,380.0,72.0883534136546
2014,Religious studies and theology,32,,,Newman University,45.2,91.9799498746867,90.0,4.0,19.9,,1.0,300.0,75.1503006012024
2015,Religious studies and theology,8,32.0,-24.0,Newman University,76.4,100.0,100.0,4.0,17.2,,4.0,269.0,89.0
2013,Religious studies and theology,33,27.0,6.0,Newman University College,49.3,92.7323232323232,80.0,4.0,21.1,51.0,1.0,257.0,78.2455445544554
2013,Religious studies and theology,29,,,Newport,53.2,83.4465196519652,78.0,4.0,19.8,,,257.0,77.5360136013601
2013,Religious studies and theology,13,11.0,2.0,Nottingham,75.0,98.2474747474748,94.0594059405941,5.0,18.8,55.0,5.0,413.0,75.4808080808081
2014,Religious studies and theology,20,13.0,7.0,Nottingham,65.4,97.75,95.049504950495,6.0,18.6,63.0,5.0,402.0,66.9322709163347
2015,Religious studies and theology,13,20.0,-7.0,Nottingham,74.0,92.7135678391959,90.9090909090909,7.0,13.1,75.0,7.0,382.0,68.4630738522954
2013,Religious studies and theology,3,2.0,1.0,Oxford,95.7,97.25,96.0,,13.9,72.0,8.0,506.0,65.8207820782078
2014,Religious studies and theology,4,3.0,1.0,Oxford,91.0,95.4887218045113,99.0,,13.5,75.0,6.0,531.0,69.4779116465864
2015,Religious studies and theology,7,4.0,3.0,Oxford,79.5,92.0,94.059405940594,,20.1,83.0,8.0,537.0,64.6
2014,Religious studies and theology,11,12.0,-1.0,Oxford Brookes,72.4,89.0,81.0,7.0,15.7,,,332.0,77.2455089820359
2013,Religious studies and theology,21,18.0,3.0,"Queen's, Belfast",65.7,92.2620762076208,81.1881188118812,7.0,16.1,57.0,6.0,363.0,54.5333333333333
2014,Religious studies and theology,25,21.0,4.0,"Queen's, Belfast",60.3,91.4786967418546,76.2376237623762,6.0,16.4,66.0,4.0,381.0,61.9238476953908
2015,Religious studies and theology,24,25.0,-1.0,"Queen's, Belfast",55.7,93.7027707808564,96.9696969696969,7.0,,67.0,1.0,357.0,85.2295409181636
2013,Religious studies and theology,23,16.0,7.0,Roehampton,64.8,95.769801980198,89.1089108910891,2.0,18.4,,,291.0,68.4891089108911
2014,Religious studies and theology,30,23.0,7.0,Roehampton,54.2,96.2593516209476,98.0,3.0,18.6,64.0,2.0,288.0,66.0642570281124
2015,Religious studies and theology,28,30.0,-2.0,Roehampton,41.3,94.7368421052631,88.8888888888889,3.0,21.6,53.0,3.0,289.0,77.4900398406374
2013,Religious studies and theology,22,17.0,5.0,Sheffield,65.0,93.989798979898,88.0,4.0,22.1,,6.0,398.0,65.1706770677068
2014,Religious studies and theology,17,22.0,-5.0,Sheffield,68.4,97.5,97.979797979798,5.0,22.9,,,385.0,81.437125748503
2015,Religious studies and theology,23,17.0,6.0,Sheffield,58.5,95.9899749373433,94.059405940594,5.0,21.9,,,400.0,68.5258964143426
2013,Religious studies and theology,10,21.0,-11.0,SOAS,78.1,85.3211009174312,76.0,9.0,12.1,,6.0,328.0,63.2747474747475
2014,Religious studies and theology,13,10.0,3.0,SOAS,71.5,84.0399002493766,71.2871287128713,9.0,13.0,,7.0,357.0,61.0
2015,Religious studies and theology,11,13.0,-2.0,SOAS,75.5999999999999,90.2255639097744,87.8787878787878,7.0,11.1,,9.0,346.0,74.2
2013,Religious studies and theology,1,3.0,-2.0,St Andrews,100.0,99.0,100.0,9.0,12.9,,7.0,452.0,86.3777777777778
2014,Religious studies and theology,5,1.0,4.0,St Andrews,89.7,94.5544554455446,94.1176470588235,9.0,12.7,63.0,8.0,484.0,74.2632612966601
2015,Religious studies and theology,3,5.0,-2.0,St Andrews,97.4,96.5260545905707,93.0,7.0,10.6,88.0,,485.0,71.9438877755511
2013,Religious studies and theology,18,20.0,-2.0,"St Mary's UC, Twickenham",69.1,98.2673267326732,98.0,3.0,21.7,,6.0,261.0,91.8514851485148
2014,Religious studies and theology,26,18.0,8.0,"St Mary's UC, Twickenham",58.2,94.2355889724311,98.0,3.0,27.1,,8.0,298.0,88.0478087649402
2015,Religious studies and theology,26,26.0,0.0,"St Mary's UC, Twickenham",52.9,93.5,85.0,3.0,20.5,,4.0,307.0,84.8605577689243
2013,Religious studies and theology,15,15.0,0.0,Stirling,72.9,95.479797979798,97.029702970297,4.0,19.4,,,355.0,81.7691739323186
2013,Religious studies and theology,34,23.0,11.0,Trinity Saint David,49.1,88.209595959596,71.7171717171717,4.0,20.9,,3.0,268.0,62.9528433506334
2014,Religious studies and theology,36,34.0,2.0,Trinity Saint David,33.8,77.4436090225564,70.0,3.0,22.5,,2.0,259.0,71.6
2013,Religious studies and theology,26,35.0,-9.0,Winchester,63.6,96.5071757175718,89.0,3.0,16.3,,,312.0,78.1207920792079
2014,Religious studies and theology,24,26.0,-2.0,Winchester,62.6,93.0,91.9191919191919,4.0,16.1,,,332.0,78.1124497991968
2015,Religious studies and theology,14,24.0,-10.0,Winchester,73.7,91.5211970074813,83.0,8.0,12.1,,7.0,309.0,88.4
2013,Religious studies and theology,32,36.0,-4.0,York St John,50.7,96.5148514851485,96.039603960396,9.0,21.0,28.0,1.0,281.0,83.6732673267327
2014,Religious studies and theology,27,32.0,-5.0,York St John,57.0,96.5,98.0,7.0,24.1,69.0,1.0,281.0,87.0
2015,Religious studies and theology,27,27.0,0.0,York St John,48.8,93.7655860349127,94.0,4.0,19.3,49.0,1.0,280.0,91.7670682730923
2015,Social policy and administration,18,,,Aston,49.6,87.0324189526184,77.0,3.0,20.1,,5.0,334.0,65.7370517928286
2015,Social policy and administration,17,,,Bangor,50.0,81.7566539923954,80.7288333396077,3.0,21.4,,7.0,297.0,67.1845316910792
2015,Social policy and administration,10,,,Bath,73.3,89.0274314214464,87.9999999999999,7.0,14.1,,,406.0,66.6666666666666
2015,Social policy and administration,20,,,Bedfordshire,45.2,85.75,88.0,4.0,17.6,48.0,1.0,212.0,80.4780876494023
2015,Social policy and administration,13,,,Birmingham,64.3,79.8507462686567,82.0,9.0,26.4,62.0,6.0,378.0,66.1354581673306
2015,Social policy and administration,25,,,Birmingham City,35.1,77.3151671950267,74.1996302202725,3.0,34.9,49.0,6.0,295.0,69.9700272702997
2015,Social policy and administration,1,,,Bristol,100.0,92.0,92.0,8.0,12.7,,8.0,417.0,81.7635270541082
2015,Social policy and administration,9,,,Cardiff,75.5999999999999,87.719298245614,83.8383838383838,9.0,9.8,,,358.0,55.1102204408817
2015,Social policy and administration,6,,,Edinburgh,81.5,87.4686716791979,93.9393939393939,9.0,14.9,,9.0,457.0,51.9999999999999
2015,Social policy and administration,12,,,Keele,65.9,92.4812030075188,92.9292929292929,3.0,15.2,44.0,8.0,369.0,69.4444444444444
2015,Social policy and administration,7,,,Kent,78.0999999999999,84.9246231155778,94.9494949494949,6.0,8.69999999999999,,8.0,356.0,65.3306613226452
2015,Social policy and administration,5,,,Leeds,83.9,94.1919191919191,93.0,5.0,18.0,,9.0,413.0,75.1004016064257
2015,Social policy and administration,3,,,Leicester,88.3,91.25,92.079207920792,10.0,15.8,59.0,7.0,380.0,73.7474949899799
2015,Social policy and administration,23,,,Lincoln,41.4,87.5,95.0,2.0,37.6,,,289.0,75.8
2015,Social policy and administration,24,,,London Met,36.0,85.9649122807017,80.0,2.0,24.3,,,247.0,65.2610441767068
2015,Social policy and administration,8,,,London School of Economics,77.0,86.180904522613,84.8484848484848,7.0,11.4,,5.0,415.0,81.437125748503
2015,Social policy and administration,2,,,Loughborough,91.0,98.25,100.0,5.0,13.7,,6.0,365.0,82.9659318637274
2015,Social policy and administration,16,,,Nottingham,50.2,89.75,72.2772277227722,5.0,28.0,,3.0,351.0,67.065868263473
2015,Social policy and administration,14,,,"Queen's, Belfast",58.7,84.6153846153846,81.1881188118811,5.0,13.0,,,367.0,61.5537848605577
2015,Social policy and administration,19,,,Salford,46.0,96.0,89.9999999999999,4.0,21.9,,2.0,,75.0
2015,Social policy and administration,11,,,Sheffield,72.0,86.5,86.1386138613861,5.0,10.1999999999999,,7.0,367.0,61.0778443113772
2015,Social policy and administration,22,,,Sheffield Hallam,43.3,75.75,74.0,3.0,23.2,45.0,5.0,394.0,70.941883767535
2015,Social policy and administration,15,,,Swansea,57.0,84.0,76.0,4.0,14.9,59.0,2.0,334.0,67.6
2015,Social policy and administration,26,,,Ulster,31.4,71.5346534653465,98.0,3.0,31.9,,3.0,287.0,71.2574850299401
2015,Social policy and administration,4,,,York,86.8,83.291770573566,87.9999999999999,9.0,11.8,67.0,8.0,363.0,69.9203187250995
2014,Social policy and administration,15,,,Aberystwyth,65.4,92.4433249370277,89.8989898989899,3.0,20.4,,,318.0,69.3386773547094
2015,Social policy and administration,21,,,Anglia Ruskin,43.8,84.788029925187,74.0,8.0,24.2,,3.0,177.0,76.8463073852295
2013,Social policy and administration,20,27.0,-7.0,Anglia Ruskin,50.0,77.4545454545454,63.0,9.0,17.0,22.0,,209.0,68.6038499760757
2014,Social policy and administration,17,20.0,-3.0,Anglia Ruskin,59.3,90.2255639097744,82.8282828282828,9.0,19.1,,,175.0,79.3587174348697
2014,Social policy and administration,14,,,Aston,65.6,87.0,92.0,4.0,18.9,,,364.0,71.2
2013,Social policy and administration,23,,,Bangor,47.4,85.2253627567067,83.6883226075528,4.0,23.9,,5.0,278.0,60.8943576246093
2014,Social policy and administration,26,23.0,3.0,Bangor,43.5,72.9100272829308,75.2597327135386,4.0,22.5,62.0,3.0,266.0,59.5431646558661
2013,Social policy and administration,15,16.0,-1.0,Bath,59.8,80.5222772277228,77.0,5.0,22.1,,7.0,381.0,50.6554455445545
2014,Social policy and administration,11,15.0,-4.0,Bath,70.1,85.6079404466501,88.0,7.0,20.1,,,403.0,61.6302186878728
2013,Social policy and administration,21,15.0,6.0,Bedfordshire,48.3,79.75,84.0,6.0,23.0,47.0,2.0,187.0,80.829702970297
2014,Social policy and administration,28,21.0,7.0,Bedfordshire,35.3,84.5771144278607,88.1188118811881,6.0,27.6,41.0,1.0,206.0,82.8343313373254
2013,Social policy and administration,9,4.0,5.0,Birmingham,72.3,87.1540404040404,90.0,9.0,23.4,56.0,6.0,333.0,62.812501250125
2014,Social policy and administration,6,9.0,-3.0,Birmingham,79.1,87.75,85.0,10.0,22.1,69.0,3.0,334.0,73.4530938123752
2013,Social policy and administration,17,18.0,-1.0,Birmingham City,54.2,79.2694063926941,79.7979797979798,5.0,32.2,65.0,6.0,282.0,66.249504950495
2014,Social policy and administration,21,17.0,4.0,Birmingham City,49.0,88.7218045112782,90.0,6.0,37.1,48.0,7.0,309.0,71.4
2013,Social policy and administration,16,8.0,8.0,Bolton,56.6,93.7468746874688,100.0,5.0,23.9,,3.0,182.0,77.8475247524752
2013,Social policy and administration,1,1.0,0.0,Bristol,100.0,92.0,88.0,10.0,12.0,,5.0,414.0,67.4990099009901
2014,Social policy and administration,1,1.0,0.0,Bristol,100.0,92.8217821782178,97.029702970297,9.0,21.7,,6.0,376.0,82.7722772277228
2013,Social policy and administration,14,25.0,-11.0,Canterbury Christ Church,67.3,95.75,93.9393939393939,2.0,25.7,,9.0,227.0,87.2011801180118
2014,Social policy and administration,25,14.0,11.0,Canterbury Christ Church,44.8,88.0,72.0,2.0,29.0,,8.0,257.0,72.2
2013,Social policy and administration,8,11.0,-3.0,Cardiff,72.8,97.0,97.0,6.0,17.3,,,375.0,53.9373737373737
2014,Social policy and administration,10,8.0,2.0,Cardiff,70.5,96.0,89.0,5.0,16.6,,,349.0,59.6385542168674
2013,Social policy and administration,22,28.0,-6.0,Chester,47.8,88.75,89.0,2.0,30.2,50.0,4.0,264.0,78.8871287128713
2014,Social policy and administration,27,22.0,5.0,Chester,43.4,78.9473684210526,81.0,3.0,25.9,53.0,3.0,284.0,73.74749498998
2013,Social policy and administration,6,5.0,1.0,Edinburgh,79.8,92.4570707070707,91.9191919191919,9.0,19.3,,,421.0,48.660606060606
2014,Social policy and administration,5,6.0,-1.0,Edinburgh,82.2,91.5211970074813,93.9393939393939,10.0,18.9,,9.0,,47.3053892215569
2013,Social policy and administration,18,7.0,11.0,Glasgow,51.2,85.5222772277228,80.1980198019802,7.0,19.1,,3.0,323.0,54.6421642164216
2013,Social policy and administration,12,14.0,-2.0,Keele,68.3,87.0866336633663,85.8585858585859,3.0,17.1,52.0,8.0,315.0,62.7829114878701
2014,Social policy and administration,8,12.0,-4.0,Keele,76.6,89.5,93.0,3.0,21.1,65.0,8.0,347.0,68.2634730538922
2013,Social policy and administration,7,10.0,-3.0,Kent,79.5,77.4714221422142,86.1386138613861,6.0,14.2,65.0,8.0,295.0,67.4990099009901
2014,Social policy and administration,4,7.0,-3.0,Kent,87.9,89.7243107769424,87.0,6.0,14.1,63.0,9.0,326.0,66.2650602409638
2013,Social policy and administration,11,19.0,-8.0,Leeds,69.7,92.2646514651465,87.8787878787879,4.0,22.4,,8.0,337.0,66.2686868686869
2014,Social policy and administration,12,11.0,1.0,Leeds,69.9,86.0696517412935,86.0,5.0,25.2,,9.0,374.0,69.8602794411178
2014,Social policy and administration,24,,,Leeds Met,45.1,90.4761904761905,83.1683168316832,3.0,25.3,,,265.0,68.2
2013,Social policy and administration,4,6.0,-2.0,Leicester,81.6,95.5,94.0,8.0,19.3,44.0,5.0,384.0,72.0970297029703
2014,Social policy and administration,3,4.0,-1.0,Leicester,91.2,96.5,96.0,8.0,18.9,38.0,5.0,382.0,78.2435129740519
2014,Social policy and administration,30,,,London Met,31.5,82.9573934837093,78.0,2.0,27.3,,,224.0,63.0738522954092
2013,Social policy and administration,2,2.0,0.0,London School of Economics,90.6,85.1039603960396,80.3921568627451,9.0,11.3,,7.0,421.0,64.4467482042322
2014,Social policy and administration,2,2.0,0.0,London School of Economics,97.9,91.7293233082707,97.029702970297,9.0,10.7,,5.0,425.0,77.6
2013,Social policy and administration,3,13.0,-10.0,Loughborough,85.8,88.5470297029703,90.0990099009901,6.0,19.0,47.0,8.0,339.0,86.1326732673267
2014,Social policy and administration,9,3.0,6.0,Loughborough,75.2,91.2280701754386,75.2475247524752,7.0,19.2,46.0,7.0,355.0,74.8
2013,Social policy and administration,29,29.0,0.0,Manchester Met,30.8,78.309405940594,76.0,3.0,19.4,,1.0,,62.8445061222098
2013,Social policy and administration,19,21.0,-2.0,Northampton,50.2,86.8267049166696,88.6776546333583,3.0,26.3,,,250.0,77.6056473177607
2014,Social policy and administration,18,19.0,-1.0,Northampton,56.0,87.6372795969773,86.0777373737374,4.0,25.5,,4.0,304.0,79.9627859237537
2013,Social policy and administration,10,9.0,1.0,Nottingham,71.4,86.8341584158416,84.8484848484848,6.0,18.7,,8.0,342.0,65.9308918843692
2014,Social policy and administration,16,10.0,6.0,Nottingham,63.7,87.25,82.0,7.0,18.7,,4.0,319.0,67.935871743487
2013,Social policy and administration,27,,,Plymouth,38.7,,,6.0,25.8,41.0,,172.0,
2014,Social policy and administration,22,,,Queen Margaret,48.0,93.21608040201,89.0,3.0,28.3,,,297.0,64.4710578842316
2013,Social policy and administration,26,31.0,-5.0,Salford,42.9,82.0841584158416,86.1386138613862,3.0,18.0,,2.0,234.0,68.8423642364236
2014,Social policy and administration,29,26.0,3.0,Salford,34.7,76.75,82.0,3.0,21.6,39.0,2.0,223.0,71.4
2013,Social policy and administration,13,20.0,-7.0,Sheffield,67.8,91.7648514851485,88.1188118811881,4.0,21.8,,9.0,367.0,55.8910891089109
2014,Social policy and administration,13,13.0,0.0,Sheffield,69.5,98.25,89.0,4.0,23.1,,9.0,337.0,67.1314741035857
2013,Social policy and administration,24,22.0,2.0,Sheffield Hallam,46.2,81.8886138613862,83.0,4.0,26.4,30.0,8.0,304.0,63.6224422442244
2014,Social policy and administration,19,24.0,-5.0,Sheffield Hallam,54.9,82.9573934837093,85.0,5.0,25.6,42.0,6.0,333.0,72.7454909819639
2013,Social policy and administration,28,30.0,-2.0,Swansea,31.0,71.4108910891089,52.0,3.0,26.3,43.0,3.0,340.0,55.1624974577995
2014,Social policy and administration,20,28.0,-8.0,Swansea,50.4,84.28927680798,80.1980198019802,4.0,27.5,56.0,3.0,346.0,67.5350701402806
2013,Social policy and administration,25,26.0,-1.0,Ulster,43.8,83.7392489248925,84.0,3.0,18.0,29.0,3.0,246.0,67.8633663366337
2014,Social policy and administration,23,25.0,-2.0,Ulster,46.7,90.0,96.0,4.0,20.9,11.0,4.0,264.0,81.8725099601594
2013,Social policy and administration,5,3.0,2.0,York,81.1,85.0886361108021,83.9101123595506,7.0,18.3,64.0,6.0,337.0,68.2130604071643
2014,Social policy and administration,7,5.0,2.0,York,77.0,90.1955062629168,87.5542700270622,8.0,17.3,53.0,5.0,349.0,68.9013380909902
2013,Social work,38,43.0,-5.0,Anglia Ruskin,72.3,75.156862745098,55.0,8.0,17.9,68.0,8.0,227.0,76.3870787078708
2014,Social work,35,38.0,-3.0,Anglia Ruskin,70.2,78.6069651741294,71.0,8.0,24.0,57.0,9.0,288.0,71.7131474103586
2015,Social work,42,35.0,7.0,Anglia Ruskin,70.4,78.4461152882205,65.0,8.0,24.2,84.0,4.0,281.0,74.8502994011976
2013,Social work,20,,,Bath,80.8,83.7665766576658,69.0,,11.5,61.0,,369.0,60.6752475247525
2015,Social work,5,20.0,-15.0,Bath,91.8,88.0299251870324,83.0,7.0,14.1,74.0,7.0,419.0,74.5999999999999
2013,Social work,50,31.0,19.0,Bedfordshire,67.2,78.2738523852385,77.0,7.0,17.6,71.0,2.0,,65.4653465346535
2014,Social work,42,50.0,-8.0,Bedfordshire,67.8,90.4761904761905,84.0,7.0,13.9,71.0,1.0,,69.9596774193548
2015,Social work,53,42.0,11.0,Bedfordshire,67.0,92.75,94.0,5.0,17.6,53.0,,,74.0518962075848
2013,Social work,5,22.0,-17.0,Birmingham,96.3,91.9646464646465,90.0,,8.5,63.0,4.0,338.0,71.7535353535353
2014,Social work,13,5.0,8.0,Birmingham,80.2,90.9547738693467,93.9393939393939,,6.1,56.0,4.0,344.0,75.249500998004
2015,Social work,16,13.0,3.0,Birmingham,81.9,91.5211970074813,84.0,9.0,26.4,83.0,4.0,356.0,68.5884691848906
2013,Social work,71,60.0,11.0,Birmingham City,53.3,68.5463238339043,54.0,4.0,20.3,54.0,8.0,250.0,59.3902261785812
2014,Social work,27,71.0,-44.0,Birmingham City,71.9,84.25,76.0,6.0,16.8,68.0,8.0,277.0,74.7983870967742
2015,Social work,33,27.0,6.0,Birmingham City,74.3,80.0,78.7878787878787,4.0,17.8,83.0,7.0,318.0,63.8
2014,Social work,49,,,Bolton,64.4,87.5651967757231,85.7215451274857,4.0,21.3,53.0,4.0,233.0,84.4642706911326
2015,Social work,49,49.0,0.0,Bolton,67.8,86.7488631660236,82.5693680479159,5.0,27.1,78.0,3.0,274.0,81.4865735196274
2013,Social work,25,38.0,-13.0,Bournemouth,77.6,91.0,86.0,6.0,16.8,60.0,5.0,270.0,71.9402863981177
2014,Social work,32,25.0,7.0,Bournemouth,71.4,94.0298507462686,82.1782178217822,6.0,24.6,70.0,3.0,299.0,78.019801980198
2015,Social work,35,32.0,3.0,Bournemouth,73.5999999999999,97.0,90.9999999999999,6.0,21.9,70.0,2.0,,77.3359840954274
2013,Social work,32,40.0,-8.0,Bradford,74.8,82.4609710971097,74.7474747474747,8.0,18.6,64.0,,252.0,74.0934093409341
2014,Social work,67,32.0,35.0,Bradford,53.8,83.25,85.1485148514852,6.0,23.3,52.0,1.0,286.0,72.9083665338646
2015,Social work,29,67.0,-38.0,Bradford,76.0999999999999,78.9473684210526,72.0,10.0,20.1,62.0,7.0,292.0,64.6
2013,Social work,60,61.0,-1.0,Brighton,62.4,87.936073870545,86.0105263157895,4.0,16.6,24.0,5.0,289.0,65.9271693447763
2014,Social work,49,60.0,-11.0,Brighton,64.4,88.3049099269337,83.1191907456052,5.0,16.8,47.0,4.0,308.0,68.3422843682359
2015,Social work,63,49.0,14.0,Brighton,59.6,88.7333833507692,84.9266362252663,3.0,20.3999999999999,47.0,5.0,302.0,64.0898039357654
2013,Social work,7,9.0,-2.0,Bristol,95.5,88.16103003743,78.6070541480377,9.0,12.0,76.0,8.0,377.0,51.6958072856466
2014,Social work,6,7.0,-1.0,Bristol,84.9,90.5648645423082,81.2380952380952,8.0,21.7,66.0,7.0,383.0,70.6285714285714
2015,Social work,4,6.0,-2.0,Bristol,92.3,90.0,80.0,8.0,12.7,,7.0,411.0,71.9999999999999
2013,Social work,1,20.0,-19.0,Brunel,100.0,67.8415841584158,50.0,10.0,5.9,,,342.0,53.6197798550805
2014,Social work,14,1.0,13.0,Brunel,79.8,85.0374064837905,86.0,,8.1,,3.0,338.0,73.015873015873
2015,Social work,45,14.0,31.0,Brunel,69.5999999999999,59.1022443890274,57.0,10.0,7.9,,1.0,320.0,70.4590818363273
2013,Social work,59,31.0,28.0,Bucks New University,62.9,84.75,85.1485148514852,3.0,19.1,,4.0,224.0,62.1749282841953
2014,Social work,52,59.0,-7.0,Bucks New University,61.1,90.9774436090225,79.7979797979798,4.0,21.0,,8.0,241.0,61.4457831325301
2015,Social work,60,52.0,8.0,Bucks New University,61.4,78.4119106699751,70.2970297029703,4.0,17.1,,5.0,296.0,57.9051383399209
2013,Social work,52,56.0,-4.0,Canterbury Christ Church,66.7,83.0420792079208,72.0,9.0,18.6,49.0,4.0,237.0,65.2646856368056
2014,Social work,59,52.0,7.0,Canterbury Christ Church,57.5,79.6482412060301,77.0,8.0,31.5,54.0,7.0,270.0,63.6726546906188
2013,Social work,39,,,Cardiff Met,71.6,90.549504950495,84.0,4.0,20.2,83.0,6.0,227.0,65.3393939393939
2014,Social work,34,39.0,-5.0,Cardiff Met,70.7,90.5,90.0990099009901,4.0,21.6,75.0,2.0,288.0,79.0836653386454
2015,Social work,64,34.0,30.0,Cardiff Met,58.7,87.0324189526184,77.0,3.0,26.2,81.0,2.0,236.0,75.5999999999999
2013,Social work,24,39.0,-15.0,Central Lancashire,78.8,83.6361827227499,86.0,8.0,17.0,67.0,8.0,247.0,66.3353337778765
2014,Social work,45,24.0,21.0,Central Lancashire,65.9,86.75,88.0,9.0,19.1,56.0,5.0,230.0,66.3326653306613
2015,Social work,40,45.0,-5.0,Central Lancashire,71.0,84.7499999999999,83.0,8.0,22.9,52.0,4.0,320.0,80.9619238476953
2013,Social work,10,9.0,1.0,Chester,94.5,88.7171717171717,88.1188118811881,3.0,9.2,92.0,,272.0,76.1151515151515
2014,Social work,16,10.0,6.0,Chester,79.4,87.9396984924623,80.0,3.0,9.1,76.0,5.0,294.0,71.8
2015,Social work,39,16.0,23.0,Chester,72.3,87.9396984924622,87.0,4.0,9.4,67.0,3.0,300.0,74.9003984063745
2013,Social work,57,44.0,13.0,Chichester,63.9,83.3686868686869,80.0,4.0,16.1,58.0,4.0,263.0,64.6703664552502
2014,Social work,40,57.0,-17.0,Chichester,68.3,87.468671679198,83.0,5.0,16.6,69.0,3.0,300.0,74.9498997995992
2015,Social work,54,40.0,14.0,Chichester,66.5999999999999,86.25,76.0,5.0,13.1,50.0,4.0,284.0,72.6
2013,Social work,27,23.0,4.0,Coventry,76.0,87.7146464646465,88.1188118811881,3.0,13.8,69.0,7.0,241.0,77.0929292929293
2014,Social work,27,27.0,0.0,Coventry,71.9,80.4020100502513,78.0,3.0,13.1,73.0,8.0,272.0,62.3505976095618
2015,Social work,10,27.0,-17.0,Coventry,85.9,99.2481203007518,100.0,3.0,24.1,76.0,8.0,335.0,90.3999999999999
2013,Social work,68,68.0,0.0,Cumbria,56.3,83.6237623762376,82.1782178217822,5.0,25.2,51.0,7.0,192.0,67.8811881188119
2014,Social work,54,68.0,-14.0,Cumbria,60.4,75.682382133995,72.2772277227723,5.0,18.7,66.0,8.0,209.0,66.1354581673307
2015,Social work,72,54.0,18.0,Cumbria,40.7999999999999,52.75,31.9999999999999,4.0,23.7,61.0,6.0,237.0,50.3984063745019
2013,Social work,44,37.0,7.0,De Montfort,70.6,87.25,88.8888888888889,4.0,19.2,92.0,4.0,210.0,62.5232323232323
2014,Social work,47,44.0,3.0,De Montfort,65.4,85.785536159601,81.1881188118812,4.0,20.8,69.0,7.0,267.0,66.2
2015,Social work,52,47.0,5.0,De Montfort,67.2,88.4711779448621,85.1485148514851,3.0,22.3,70.0,5.0,303.0,63.6726546906187
2013,Social work,48,50.0,-2.0,Derby,69.3,81.2970297029703,78.0,4.0,17.3,,,205.0,73.028502850285
2014,Social work,25,48.0,-23.0,Derby,72.5,92.8039702233251,96.039603960396,5.0,19.3,63.0,4.0,269.0,79.8403193612774
2015,Social work,23,25.0,-2.0,Derby,78.3,92.2305764411027,87.0,7.0,10.9,68.0,3.0,258.0,78.8
2013,Social work,70,54.0,16.0,Dundee,55.5,71.1641414141414,61.6161616161616,5.0,12.3,,1.0,289.0,52.1623762376238
2014,Social work,9,70.0,-61.0,Dundee,81.7,96.0,97.0,5.0,10.5,,3.0,381.0,71.9438877755511
2015,Social work,13,9.0,4.0,Dundee,82.5,90.0249376558603,81.1881188118811,8.0,21.6,,8.0,,59.8409542743538
2013,Social work,61,49.0,12.0,East London,61.6,80.6641414141414,89.7959183673469,6.0,,48.0,7.0,160.0,68.234309623431
2014,Social work,74,61.0,13.0,East London,34.1,73.067331670823,74.7474747474748,3.0,41.0,57.0,3.0,225.0,68.0
2015,Social work,43,74.0,-31.0,East London,70.3,83.0,68.0,9.0,25.0,66.0,8.0,256.0,63.2206759443339
2013,Social work,66,59.0,7.0,Edge Hill,57.1,86.9621212121212,86.0,5.0,17.1,30.0,2.0,248.0,73.7373737373737
2014,Social work,56,66.0,-10.0,Edge Hill,59.6,91.6876574307305,92.0,3.0,18.2,47.0,4.0,270.0,76.0479041916168
2015,Social work,65,56.0,9.0,Edge Hill,55.7,86.75,87.1287128712871,3.0,22.6,44.0,,282.0,75.5020080321285
2013,Social work,77,72.0,5.0,Edinburgh,36.3,54.5990099009901,49.5049504950495,6.0,36.4,,,312.0,34.7524752475248
2014,Social work,36,77.0,-41.0,Edinburgh,70.1,77.1144278606965,83.8383838383838,8.0,26.9,,,395.0,51.3888888888889
2015,Social work,12,36.0,-24.0,Edinburgh,82.8,76.75,79.2079207920792,9.0,14.9,,7.0,396.0,53.2
2013,Social work,16,7.0,9.0,Essex,87.1,88.3084577114428,91.0,6.0,13.0,,9.0,235.0,70.8
2014,Social work,72,16.0,56.0,Essex,45.4,64.0897755610973,44.0,6.0,13.5,63.0,6.0,248.0,49.4
2013,Social work,36,9.0,27.0,Glamorgan,72.7,81.0915841584158,76.0,6.0,13.8,,4.0,285.0,60.034403440344
2013,Social work,12,,,Glasgow Caledonian,91.4,94.979797979798,96.0,3.0,19.1,83.0,6.0,327.0,78.4526652665266
2014,Social work,27,12.0,15.0,Glasgow Caledonian,71.9,92.4812030075188,89.0,3.0,24.9,81.0,5.0,357.0,63.6726546906188
2015,Social work,13,27.0,-14.0,Glasgow Caledonian,82.5,87.2180451127819,94.059405940594,6.0,21.5,84.0,7.0,,60.6786427145708
2013,Social work,14,14.0,0.0,Gloucestershire,90.1,88.7267726772677,89.8989898989899,9.0,18.7,67.0,10.0,240.0,62.4626262626263
2014,Social work,12,14.0,-2.0,Gloucestershire,80.3,92.713567839196,90.0,8.0,19.2,68.0,6.0,264.0,74.2971887550201
2015,Social work,27,12.0,15.0,Gloucestershire,77.0999999999999,84.0399002493765,80.0,6.0,,81.0,9.0,271.0,69.8
2013,Social work,47,63.0,-16.0,Glyndwr,69.6,89.0866336633664,77.0,3.0,18.2,78.0,4.0,185.0,77.8217821782178
2014,Social work,63,47.0,16.0,Glyndwr,56.0,82.25,64.0,3.0,21.4,70.0,5.0,194.0,70.3406813627254
2015,Social work,35,63.0,-28.0,Glyndwr,73.5999999999999,93.4837092731829,88.9999999999999,,21.3,70.0,4.0,254.0,83.567134268537
2013,Social work,65,35.0,30.0,Goldsmiths,57.9,75.1969696969697,73.0,4.0,21.8,59.0,3.0,,65.2455300605032
2014,Social work,73,65.0,8.0,Goldsmiths,43.1,79.1044776119403,61.0,2.0,26.4,62.0,6.0,195.0,57.684630738523
2015,Social work,32,73.0,-41.0,Goldsmiths,75.2,82.1782178217821,89.2156862745098,6.0,22.4,81.0,8.0,,66.4682539682539
2013,Social work,75,71.0,4.0,Greenwich,48.7,74.3431290737274,73.2673267326733,3.0,21.5,70.0,,219.0,57.4990099009901
2014,Social work,71,75.0,-4.0,Greenwich,49.1,79.5511221945137,64.0,3.0,21.6,68.0,1.0,268.0,66.7330677290837
2015,Social work,66,71.0,-5.0,Greenwich,55.4,79.9498746867167,68.0,3.0,22.5,60.0,4.0,262.0,66.9338677354709
2013,Social work,28,47.0,-19.0,Hertfordshire,75.4,80.5192519251925,72.0,6.0,17.9,90.0,7.0,281.0,55.3821782178218
2014,Social work,19,28.0,-9.0,Hertfordshire,76.9,66.9154228855721,74.2574257425742,7.0,11.2,88.0,8.0,305.0,54.7808764940239
2015,Social work,38,19.0,19.0,Hertfordshire,72.7,87.4055415617128,84.8484848484848,3.0,19.0,77.0,7.0,319.0,58.953722334004
2013,Social work,34,31.0,3.0,Huddersfield,74.0,78.9608710871087,84.0,5.0,18.5,70.0,5.0,286.0,71.2594059405941
2014,Social work,15,34.0,-19.0,Huddersfield,79.6,83.5411471321696,85.8585858585859,5.0,19.4,77.0,8.0,293.0,74.7514910536779
2015,Social work,45,15.0,30.0,Huddersfield,69.5999999999999,86.2155388471177,87.0,3.0,31.2,73.0,7.0,307.0,82.8343313373253
2013,Social work,11,25.0,-14.0,Hull,92.9,94.25,95.959595959596,3.0,21.2,84.0,10.0,304.0,74.9238799478034
2014,Social work,21,11.0,10.0,Hull,76.6,94.0149625935162,93.0693069306931,3.0,20.8,79.0,8.0,313.0,69.2460317460318
2015,Social work,21,21.0,0.0,Hull,79.2,96.5,98.0,4.0,32.2,79.0,8.0,345.0,79.9599198396793
2013,Social work,4,3.0,1.0,Keele,98.6,89.969696969697,93.9393939393939,10.0,6.7,,,272.0,69.6
2015,Social work,56,4.0,52.0,Keele,64.5999999999999,84.5771144278607,69.6969696969696,4.0,18.0,,4.0,,58.8
2013,Social work,32,26.0,6.0,Kent,74.8,90.0346534653465,81.1881188118812,6.0,19.4,,4.0,263.0,67.6772277227723
2014,Social work,7,32.0,-25.0,Kent,83.7,92.0199501246883,92.0792079207921,7.0,20.3,,9.0,310.0,69.5219123505976
2015,Social work,8,7.0,1.0,Kent,89.5,91.2499999999999,91.0,7.0,8.69999999999999,75.0,9.0,291.0,74.9498997995991
2013,Social work,30,62.0,-32.0,Kingston,75.0,80.1388888888889,77.0,3.0,14.4,71.0,7.0,289.0,76.4096812278631
2014,Social work,23,,,Kingston - St George's University,75.0,78.4461152882205,76.2376237623762,4.0,9.3,79.0,6.0,,68.5258964143426
2015,Social work,9,23.0,-14.0,Kingston - St George's University,86.3,90.5,95.9595959595959,6.0,17.5,88.0,7.0,,80.6387225548902
2013,Social work,23,15.0,8.0,Lancaster,78.9,84.1188118811881,80.0,6.0,15.2,93.0,3.0,353.0,53.0557455745575
2014,Social work,5,23.0,-18.0,Lancaster,87.3,91.0,92.0,6.0,16.3,,4.0,357.0,79.2
2015,Social work,2,5.0,-3.0,Lancaster,94.9,89.5,82.0,,11.3,88.0,8.0,396.0,75.1503006012024
2013,Social work,3,2.0,1.0,Leeds,98.8,89.994499449945,86.1386138613862,10.0,6.8,,3.0,358.0,61.5212121212121
2014,Social work,2,3.0,-1.0,Leeds,95.5,82.6633165829146,84.0,10.0,7.7,,5.0,382.0,70.1402805611222
2015,Social work,3,2.0,1.0,Leeds,94.1,84.75,77.0,10.0,16.0,,,402.0,67.4
2013,Social work,53,44.0,9.0,Leeds Met,65.8,86.3132575757576,88.8540404040404,6.0,16.4,52.0,5.0,200.0,73.8501011178962
2014,Social work,41,53.0,-12.0,Leeds Met,67.9,90.5,90.9090909090909,4.0,13.8,56.0,6.0,238.0,75.8964143426295
2013,Social work,41,34.0,7.0,Lincoln,71.4,85.462001280342,82.0,4.0,19.8,85.0,3.0,266.0,68.2323232323232
2014,Social work,51,41.0,10.0,Lincoln,63.0,75.3117206982544,69.0,4.0,18.1,70.0,5.0,303.0,59.8393574297189
2015,Social work,68,51.0,17.0,Lincoln,52.9,79.2929292929292,70.7070707070707,3.0,37.6,86.0,2.0,318.0,65.3846153846153
2013,Social work,57,36.0,21.0,Liverpool John Moores,63.9,78.9646464646465,72.0,5.0,9.3,45.0,5.0,266.0,63.4869856696137
2014,Social work,31,57.0,-26.0,Liverpool John Moores,71.5,87.6884422110553,85.0,9.0,9.9,48.0,3.0,317.0,72.3446893787575
2015,Social work,56,31.0,25.0,Liverpool John Moores,64.5999999999999,75.689223057644,70.0,3.0,16.2,51.0,6.0,333.0,68.063872255489
2013,Social work,69,48.0,21.0,London Met,56.2,73.1856435643564,71.2871287128713,3.0,11.1,37.0,8.0,230.0,59.7049504950495
2014,Social work,64,69.0,-5.0,London Met,55.3,79.8507462686567,65.0,3.0,13.0,55.0,7.0,210.0,61.9521912350598
2015,Social work,73,64.0,9.0,London Met,36.1,70.2020202020202,62.0,2.0,29.4,,2.0,239.0,61.4457831325301
2014,Social work,48,58.0,-10.0,London South Bank,64.6,77.3560606060606,63.6363636363636,9.0,15.9,,,269.0,40.0
2015,Social work,59,48.0,11.0,London South Bank,62.9,79.5,63.0,6.0,20.2,,4.0,,54.4731610337972
2013,Social work,35,55.0,-20.0,Manchester,73.9,83.9217171717172,69.6969696969697,6.0,16.1,82.0,,326.0,58.8828282828283
2014,Social work,38,35.0,3.0,Manchester,69.5,78.1954887218045,64.6464646464646,6.0,12.1,,3.0,,58.0838323353293
2015,Social work,24,38.0,-14.0,Manchester,78.0,85.3233830845771,83.0,7.0,14.7,67.0,3.0,,79.563492063492
2013,Social work,56,67.0,-11.0,Manchester Met,64.0,88.219696969697,82.0,3.0,13.3,58.0,3.0,234.0,69.1968596859686
2014,Social work,61,56.0,5.0,Manchester Met,57.2,80.952380952381,79.0,3.0,15.0,39.0,6.0,298.0,65.2
2015,Social work,26,61.0,-35.0,Manchester Met,77.2,82.9573934837092,85.8585858585858,3.0,13.9,80.0,6.0,329.0,74.0963855421686
2013,Social work,21,5.0,16.0,Middlesex,79.5,91.9591836734694,84.0,9.0,14.4,,3.0,205.0,70.5580262944327
2014,Social work,57,21.0,36.0,Middlesex,59.4,68.3291770573566,55.0,10.0,15.4,,4.0,,57.5697211155378
2015,Social work,15,57.0,-42.0,Middlesex,82.2,82.8358208955223,70.7070707070707,10.0,14.0,,5.0,,71.2574850299401
2014,Social work,69,,,Newman University,51.0,81.453634085213,80.0,3.0,18.7,38.0,7.0,,72.289156626506
2013,Social work,62,,,Newman University College,60.7,84.5,75.7575757575758,3.0,20.0,,,191.0,70.9414141414141
2013,Social work,74,70.0,4.0,Newport,49.2,78.3094059405941,64.3564356435644,3.0,32.9,74.0,2.0,,66.4232223222322
2013,Social work,43,66.0,-23.0,Northampton,70.8,88.1590909090909,86.0,2.0,26.3,77.0,9.0,242.0,74.9359735973597
2014,Social work,43,43.0,0.0,Northampton,66.9,78.9473684210526,77.7777777777778,3.0,24.9,68.0,9.0,318.0,69.9398797595191
2015,Social work,67,43.0,24.0,Northampton,54.4,85.678391959799,78.0,3.0,41.9,73.0,5.0,317.0,58.5657370517928
2013,Social work,15,11.0,4.0,Northumbria,88.5,89.5519801980198,92.0,6.0,21.1,81.0,8.0,273.0,75.7306930693069
2014,Social work,18,15.0,3.0,Northumbria,79.0,91.25,92.0,7.0,18.7,68.0,6.0,284.0,84.5381526104418
2015,Social work,17,18.0,-1.0,Northumbria,80.8,88.9999999999999,87.0,6.0,18.2,60.0,7.0,355.0,80.9619238476953
2013,Social work,51,53.0,-2.0,Nottingham Trent,66.9,85.2124665457999,79.7979797979798,5.0,,61.0,6.0,219.0,70.7333333333333
2014,Social work,66,51.0,15.0,Nottingham Trent,55.0,73.697270471464,66.0,3.0,21.4,61.0,8.0,259.0,55.4
2015,Social work,44,66.0,-22.0,Nottingham Trent,69.8,84.4221105527638,90.0,4.0,20.5,52.0,9.0,302.0,70.7414829659318
2013,Social work,2,4.0,-2.0,Oxford Brookes,99.0,91.1691919191919,90.8163265306122,4.0,7.5,,8.0,322.0,76.959595959596
2014,Social work,3,2.0,1.0,Oxford Brookes,95.4,87.2817955112219,97.0,6.0,5.1,,10.0,,67.2654690618762
2015,Social work,20,3.0,17.0,Oxford Brookes,79.3,76.5586034912718,60.0,5.0,12.1,75.0,8.0,368.0,63.4
2013,Social work,42,28.0,14.0,Plymouth,71.0,70.1403640364036,55.0,,6.8,71.0,6.0,232.0,56.3779177917792
2014,Social work,61,42.0,19.0,Plymouth,57.2,68.0798004987531,60.0,,4.7,64.0,3.0,282.0,59.2814371257485
2015,Social work,51,61.0,-10.0,Plymouth,67.4,70.2499999999999,57.0,8.0,13.3,63.0,4.0,314.0,67.5350701402805
2013,Social work,18,29.0,-11.0,Portsmouth,81.9,78.5,68.6868686868687,8.0,14.9,73.0,7.0,291.0,67.9663366336634
2014,Social work,4,18.0,-14.0,Portsmouth,87.6,86.5671641791045,89.8989898989899,5.0,18.0,89.0,9.0,331.0,65.8682634730539
2015,Social work,7,4.0,3.0,Portsmouth,89.7,89.7755610972568,93.0,4.0,22.1,90.0,10.0,343.0,77.3547094188376
2013,Social work,22,12.0,10.0,"Queen's, Belfast",79.1,88.9918241824182,81.1881188118812,2.0,14.2,70.0,8.0,342.0,60.3292329232923
2014,Social work,39,22.0,17.0,"Queen's, Belfast",69.4,92.5373134328358,90.0990099009901,2.0,15.9,69.0,7.0,313.0,51.6
2015,Social work,22,39.0,-17.0,"Queen's, Belfast",78.9,84.28927680798,50.5050505050504,3.0,13.4,87.0,10.0,367.0,42.5149700598802
2013,Social work,19,30.0,-11.0,Reading,81.3,,,4.0,7.9,85.0,4.0,,
2013,Social work,8,15.0,-7.0,Robert Gordon,95.4,95.5,94.0,5.0,14.9,81.0,3.0,331.0,80.8
2014,Social work,16,8.0,8.0,Robert Gordon,79.4,93.0174563591022,96.0,3.0,15.6,89.0,3.0,322.0,67.4650698602794
2015,Social work,18,16.0,2.0,Robert Gordon,80.0,95.5,100.0,3.0,14.6,90.0,2.0,322.0,74.4510978043912
2013,Social work,76,73.0,3.0,Roehampton,41.4,77.6163366336634,79.0,2.0,,,1.0,213.0,66.8202220222022
2013,Social work,54,57.0,-3.0,Salford,65.0,79.1707920792079,67.0,6.0,16.1,56.0,6.0,279.0,58.0415467418835
2014,Social work,68,54.0,14.0,Salford,51.5,82.7930174563591,77.2277227722772,2.0,21.0,55.0,3.0,284.0,65.9318637274549
2015,Social work,69,68.0,1.0,Salford,49.0,68.0798004987531,49.0,4.0,21.9,59.0,4.0,,48.605577689243
2013,Social work,37,29.0,8.0,Sheffield Hallam,72.5,86.2146464646465,71.0,4.0,21.6,69.0,9.0,266.0,63.4930693069307
2014,Social work,44,37.0,7.0,Sheffield Hallam,66.2,84.2105263157895,76.2376237623762,4.0,21.0,53.0,9.0,316.0,60.8433734939759
2015,Social work,47,44.0,3.0,Sheffield Hallam,69.0,86.0,81.1881188118812,4.0,17.8,65.0,5.0,297.0,72.3107569721115
2015,Social work,58,,,South Wales,63.6,92.2693266832917,91.089108910891,4.0,27.0,63.0,4.0,284.0,71.3999999999999
2013,Social work,31,21.0,10.0,Southampton Solent,74.9,87.0,89.0,3.0,22.8,54.0,9.0,287.0,71.1267326732673
2014,Social work,54,31.0,23.0,Southampton Solent,60.4,81.0,80.1980198019802,3.0,22.5,76.0,3.0,314.0,55.5776892430279
2015,Social work,40,54.0,-14.0,Southampton Solent,71.0,86.2155388471177,77.7777777777777,3.0,24.1,82.0,5.0,320.0,66.2674650698602
2014,Social work,69,,,St Mark and St John,51.0,87.8411910669975,86.2745098039216,3.0,18.9,42.0,2.0,237.0,79.2
2015,Social work,70,69.0,1.0,St Mark and St John,48.9,84.0,91.9999999999999,2.0,23.6,72.0,1.0,215.0,59.0361445783132
2013,Social work,72,51.0,21.0,Staffordshire,50.6,79.3217821782178,62.0,6.0,44.7,82.0,7.0,,49.0
2014,Social work,53,72.0,-19.0,Staffordshire,60.7,86.81592039801,82.8282828282828,10.0,42.0,68.0,4.0,227.0,66.3326653306613
2015,Social work,55,53.0,2.0,Staffordshire,65.5,86.8686868686868,75.0,7.0,17.0,59.0,2.0,286.0,66.8
2015,Social work,50,,,Stirling,67.5,91.7293233082706,81.8181818181818,4.0,17.6,,2.0,,53.8
2013,Social work,13,31.0,-18.0,Strathclyde,90.2,94.7772277227723,94.059405940594,9.0,13.2,79.0,7.0,,49.8217821782178
2014,Social work,11,13.0,-2.0,Strathclyde,81.1,94.25,89.0,8.0,18.2,81.0,5.0,346.0,52.7054108216433
2015,Social work,62,11.0,51.0,Strathclyde,61.2,75.438596491228,72.7272727272727,6.0,17.1,,3.0,,40.9638554216867
2013,Social work,73,63.0,10.0,Sunderland,50.1,83.3589108910891,76.2376237623762,6.0,27.1,46.0,1.0,263.0,73.0475247524752
2014,Social work,65,73.0,-8.0,Sunderland,55.1,86.25,82.8282828282828,8.0,19.9,43.0,2.0,256.0,72.8
2015,Social work,30,65.0,-35.0,Sunderland,75.8,91.2280701754385,87.9999999999999,8.0,11.1,47.0,3.0,305.0,76.6467065868263
2013,Social work,17,13.0,4.0,Sussex,84.3,88.8168316831683,97.0,8.0,28.3,77.0,7.0,326.0,73.9485148514851
2014,Social work,1,17.0,-16.0,Sussex,100.0,97.75,95.0,9.0,20.8,,9.0,403.0,67.9920477137177
2015,Social work,1,1.0,0.0,Sussex,100.0,90.0249376558603,88.0,9.0,13.1,82.0,9.0,369.0,76.4471057884231
2013,Social work,55,,,Swansea,64.7,85.8539603960396,81.1881188118812,2.0,36.2,95.0,8.0,,56.3191919191919
2014,Social work,22,55.0,-33.0,Swansea,76.1,89.6039603960396,94.059405940594,3.0,27.5,89.0,8.0,,71.0
2015,Social work,6,22.0,-16.0,Swansea,90.5,93.0521091811414,85.1485148514851,4.0,14.9,95.0,9.0,,73.3067729083665
2013,Social work,45,18.0,27.0,Teesside,70.3,77.8391089108911,62.6262626262626,7.0,18.3,90.0,1.0,262.0,75.0895566943629
2014,Social work,8,45.0,-37.0,Teesside,82.6,88.5,93.0,8.0,16.5,79.0,3.0,,82.9659318637275
2015,Social work,31,8.0,23.0,Teesside,75.7,85.286783042394,72.7272727272727,6.0,19.7,65.0,2.0,391.0,84.1683366733466
2013,Social work,46,52.0,-6.0,UC Suffolk,69.8,80.3259825982598,72.0,,18.3,88.0,5.0,230.0,71.5690569056906
2014,Social work,24,46.0,-22.0,UC Suffolk,74.2,92.5,75.7575757575758,,19.8,,3.0,316.0,72.1774193548387
2013,Social work,9,24.0,-15.0,UEA,95.3,86.7411741174117,83.0,10.0,9.8,58.0,6.0,294.0,71.054605460546
2014,Social work,10,9.0,1.0,UEA,81.4,88.9724310776942,82.0,10.0,11.3,70.0,7.0,298.0,47.2945891783567
2015,Social work,33,10.0,23.0,UEA,74.3,80.0498753117206,69.3069306930693,9.0,19.5,74.0,5.0,,70.5179282868525
2013,Social work,49,42.0,7.0,Ulster,67.4,81.7970297029703,82.8282828282828,3.0,20.8,59.0,8.0,283.0,62.3844584458446
2014,Social work,46,49.0,-3.0,Ulster,65.7,87.468671679198,85.8585858585858,3.0,22.7,62.0,9.0,285.0,59.9601593625498
2015,Social work,60,46.0,14.0,Ulster,61.4,83.8546035877577,86.9491343199562,3.0,31.9,56.0,8.0,297.0,71.318372030806
2015,Social work,28,,,University Campus Suffolk,76.5,86.2842892768079,80.0,,22.4,80.0,7.0,357.0,59.2814371257485
2013,Social work,64,27.0,37.0,UWE Bristol,58.1,78.8628862886289,56.5656565656566,3.0,24.6,91.0,7.0,,43.759595959596
2014,Social work,37,64.0,-27.0,UWE Bristol,69.7,83.9195979899497,78.0,3.0,23.1,75.0,10.0,306.0,61.7706237424547
2015,Social work,11,37.0,-26.0,UWE Bristol,83.6,93.7655860349127,85.2941176470588,2.0,32.7,100.0,8.0,360.0,78.3567134268537
2013,Social work,29,8.0,21.0,Warwick,75.2,83.719696969697,74.0,5.0,19.4,,5.0,438.0,40.1350335033503
2014,Social work,27,29.0,-2.0,Warwick,71.9,86.4661654135338,74.7474747474748,,11.9,,3.0,458.0,36.6533864541833
2013,Social work,66,,,West London,57.1,81.0534285096258,66.3864734299517,6.0,16.3,,2.0,229.0,59.1147890929916
2014,Social work,26,66.0,-40.0,West London,72.2,87.5372340425532,74.5744680851064,5.0,19.8,,8.0,264.0,67.1934429014312
2015,Social work,37,26.0,11.0,West London,73.0,92.7135678391959,76.0,4.0,16.8,69.0,7.0,,66.9338677354709
2013,Social work,63,41.0,22.0,West of Scotland,59.6,81.0792079207921,82.1782178217822,3.0,25.0,,,305.0,63.0828736852924
2014,Social work,59,63.0,-4.0,West of Scotland,57.5,82.1782178217822,79.2079207920792,4.0,26.4,48.0,,,69.1848906560636
2015,Social work,48,59.0,-11.0,West of Scotland,68.8,81.3432835820895,80.0,4.0,,47.0,,385.0,67.3306772908366
2013,Social work,40,6.0,34.0,Winchester,71.5,88.459595959596,74.0,3.0,13.4,,7.0,268.0,59.0
2014,Social work,33,40.0,-7.0,Winchester,70.9,81.7283950617284,62.3762376237624,5.0,9.1,51.0,6.0,322.0,63.905325443787
2015,Social work,24,33.0,-9.0,Winchester,78.0,87.7805486284289,84.0,5.0,12.8,59.0,9.0,301.0,64.9402390438246
2013,Social work,6,17.0,-11.0,Worcester,95.6,89.9494949494949,87.8787878787879,9.0,8.0,,9.0,225.0,74.815201520152
2014,Social work,58,6.0,52.0,Worcester,59.0,81.0,69.0,5.0,24.3,75.0,5.0,243.0,65.2
2015,Social work,71,58.0,13.0,Worcester,48.8,77.2277227722772,72.2772277227722,2.0,25.0,62.0,6.0,258.0,55.0
2013,Social work,26,1.0,25.0,York,77.3,65.5025252525253,52.0,8.0,10.2,,7.0,349.0,59.1393939393939
2014,Social work,20,26.0,-6.0,York,76.8,68.5785536159601,62.0,9.0,10.9,,7.0,364.0,58.0321285140562
2015,Social work,19,20.0,-1.0,York,79.7,65.75,65.3465346534653,9.0,11.8,,7.0,416.0,46.8
2013,Sociology,28,30.0,-2.0,Aberdeen,70.9,93.7648514851485,97.0,5.0,26.8,42.0,7.0,372.0,77.8
2014,Sociology,41,28.0,13.0,Aberdeen,62.2,87.25,85.0,4.0,26.6,64.0,4.0,392.0,68.4630738522954
2015,Sociology,42,41.0,1.0,Aberdeen,61.5,86.0,86.0,8.0,17.0,63.0,1.0,426.0,58.8
2013,Sociology,84,70.0,14.0,Abertay Dundee,43.5,,,2.0,34.4,35.0,,244.0,
2014,Sociology,85,84.0,1.0,Abertay Dundee,39.6,92.0,94.0,2.0,33.4,36.0,2.0,290.0,66.7338709677419
2015,Sociology,79,85.0,-6.0,Abertay Dundee,45.4,92.75,90.09900990099,2.0,42.0,59.0,5.0,321.0,66.4670658682634
2013,Sociology,24,16.0,8.0,Anglia Ruskin,72.9,87.6237623762376,90.0990099009901,10.0,17.0,21.0,9.0,225.0,77.7837844574731
2014,Sociology,13,24.0,-11.0,Anglia Ruskin,77.5,90.547263681592,89.0,10.0,19.1,54.0,7.0,243.0,77.4
2015,Sociology,33,13.0,20.0,Anglia Ruskin,64.7,90.7730673316708,90.0,9.0,22.4,48.0,4.0,246.0,77.4451097804391
2013,Sociology,9,72.0,-63.0,Aston,79.7,87.5896274561306,98.2310675182482,6.0,18.3,59.0,9.0,372.0,66.8229769775496
2014,Sociology,25,9.0,16.0,Aston,72.0,89.7755610972568,92.0,4.0,18.9,,10.0,351.0,64.6706586826347
2015,Sociology,16,25.0,-9.0,Aston,71.5999999999999,93.2499999999999,96.0,4.0,20.1,,9.0,327.0,81.0
2013,Sociology,46,80.0,-34.0,Bangor,62.5,87.4815231523152,92.0,4.0,23.9,44.0,3.0,275.0,78.8633663366337
2014,Sociology,74,46.0,28.0,Bangor,47.5,73.3019490361811,81.179211469534,4.0,22.5,52.0,6.0,273.0,56.4815106966378
2015,Sociology,82,74.0,8.0,Bangor,44.2,75.2499999999999,77.0,4.0,21.4,56.0,3.0,284.0,67.871485943775
2013,Sociology,11,18.0,-7.0,Bath,77.9,88.5470297029703,96.0,7.0,22.1,65.0,7.0,383.0,72.1940594059406
2014,Sociology,22,11.0,11.0,Bath,74.2,84.75,88.0,7.0,20.1,67.0,8.0,381.0,63.3266533066132
2015,Sociology,4,22.0,-18.0,Bath,81.8,91.0447761194029,89.1089108910891,8.0,14.1,71.0,8.0,416.0,66.4
2013,Sociology,62,40.0,22.0,Bath Spa,57.8,91.9848484848485,84.8484848484848,2.0,20.9,,3.0,316.0,76.15412339356
2014,Sociology,65,62.0,3.0,Bath Spa,51.5,95.2618453865337,94.949494949495,2.0,30.1,,3.0,313.0,77.2
2015,Sociology,52,65.0,-13.0,Bath Spa,56.6,93.75,92.0,3.0,24.1,,4.0,293.0,76.9539078156312
2013,Sociology,43,45.0,-2.0,Bedfordshire,64.0,86.7986798679868,82.1782178217822,7.0,23.0,56.0,3.0,201.0,76.6051805180518
2014,Sociology,77,43.0,34.0,Bedfordshire,46.4,85.8560794044665,85.1485148514851,7.0,27.6,33.0,4.0,203.0,78.4860557768924
2013,Sociology,15,9.0,6.0,Birmingham,76.4,85.25,75.0,10.0,23.4,54.0,9.0,350.0,70.0182926829268
2014,Sociology,8,15.0,-7.0,Birmingham,84.1,86.1042183622829,79.2079207920792,10.0,22.1,73.0,8.0,382.0,74.4047619047619
2015,Sociology,11,8.0,3.0,Birmingham,76.5999999999999,75.689223057644,76.7676767676767,10.0,17.2,88.0,9.0,380.0,61.6766467065868
2013,Sociology,38,43.0,-5.0,Birmingham City,65.6,88.1931918382678,94.0,6.0,32.2,46.0,7.0,273.0,77.4607860786078
2014,Sociology,69,38.0,31.0,Birmingham City,50.0,84.2105263157895,90.0990099009901,6.0,37.1,40.0,8.0,292.0,73.8522954091816
2015,Sociology,85,69.0,16.0,Birmingham City,38.0,76.5586034912718,75.4901960784313,3.0,34.9,33.0,6.0,283.0,72.0238095238095
2015,Sociology,28,,,Bournemouth,68.0999999999999,97.0149253731343,91.089108910891,8.0,21.9,,,302.0,78.6852589641434
2013,Sociology,52,73.0,-21.0,Bradford,61.6,91.51038348868,100.0,5.0,17.6,,,199.0,72.6422118402316
2014,Sociology,66,52.0,14.0,Bradford,51.0,88.0597014925373,91.0,6.0,19.5,,1.0,247.0,79.9599198396794
2015,Sociology,80,66.0,14.0,Bradford,45.3,81.7955112219451,85.0,3.0,32.7999999999999,,3.0,281.0,80.6
2013,Sociology,63,47.0,16.0,Brighton,57.5,89.0643564356436,85.1485148514852,4.0,16.8,26.0,3.0,278.0,71.0776077607761
2014,Sociology,57,63.0,-6.0,Brighton,55.0,89.5261845386534,77.0,3.0,17.9,39.0,3.0,299.0,68.8622754491018
2015,Sociology,65,57.0,8.0,Brighton,52.4,89.4736842105263,85.0,4.0,14.3,41.0,4.0,289.0,68.4630738522954
2013,Sociology,8,27.0,-19.0,Bristol,80.1,88.9747474747475,84.8484848484848,7.0,20.8,60.0,7.0,410.0,77.7191919191919
2014,Sociology,6,8.0,-2.0,Bristol,84.7,89.4736842105263,80.0,8.0,16.1,58.0,7.0,427.0,72.0558882235529
2015,Sociology,13,6.0,7.0,Bristol,74.0,92.0398009950248,81.0,7.0,20.6,61.0,6.0,437.0,68.9243027888446
2013,Sociology,47,67.0,-20.0,Brunel,62.3,86.5,91.0,6.0,22.9,35.0,7.0,316.0,63.7029702970297
2014,Sociology,45,47.0,-2.0,Brunel,61.3,86.4661654135338,89.0,7.0,19.9,,5.0,325.0,75.5511022044088
2015,Sociology,45,45.0,0.0,Brunel,60.9,85.678391959799,86.0,10.0,13.0,42.0,4.0,309.0,66.7334669338677
2013,Sociology,87,85.0,2.0,Bucks New University,42.6,76.0264776477648,65.0,4.0,31.0,37.0,2.0,226.0,71.6534653465347
2014,Sociology,81,87.0,-6.0,Bucks New University,44.8,85.0,72.0,4.0,27.3,44.0,5.0,242.0,65.863453815261
2015,Sociology,84,81.0,3.0,Bucks New University,38.2,90.4522613065326,87.0,3.0,28.3,39.0,2.0,241.0,73.8
2013,Sociology,1,1.0,0.0,Cambridge,100.0,97.2658217821782,98.0,,17.2,,9.0,560.0,74.6114649681529
2014,Sociology,1,1.0,0.0,Cambridge,100.0,94.5,92.0,,16.5,,9.0,558.0,74.1482965931864
2015,Sociology,1,1.0,0.0,Cambridge,100.0,94.5,92.0,7.0,13.7,81.0,8.0,546.0,74.1482965931863
2013,Sociology,57,74.0,-17.0,Canterbury Christ Church,59.1,92.529702970297,85.1485148514852,2.0,25.7,,4.0,260.0,82.8121767400621
2014,Sociology,55,57.0,-2.0,Canterbury Christ Church,56.0,89.5781637717122,84.0,2.0,29.0,,6.0,262.0,82.7655310621242
2015,Sociology,38,55.0,-17.0,Canterbury Christ Church,62.2,94.0,87.9999999999999,2.0,,28.0,8.0,252.0,86.7469879518072
2013,Sociology,29,21.0,8.0,Cardiff,70.6,86.2247474747475,83.0,7.0,17.3,47.0,8.0,382.0,55.6852542692286
2014,Sociology,34,29.0,5.0,Cardiff,64.5,87.719298245614,87.8787878787879,6.0,16.6,45.0,6.0,398.0,54.2
2015,Sociology,18,34.0,-16.0,Cardiff,70.8,84.9035743973399,84.0650406504065,10.0,13.9,48.0,8.0,364.0,64.890214750753
2013,Sociology,42,49.0,-7.0,Central Lancashire,64.1,87.2648514851485,89.0,6.0,22.5,36.0,7.0,278.0,70.0322632263226
2014,Sociology,75,42.0,33.0,Central Lancashire,47.4,73.5660847880299,66.0,6.0,27.9,48.0,6.0,309.0,63.0738522954092
2015,Sociology,56,75.0,-19.0,Central Lancashire,54.4,85.286783042394,81.0,6.0,20.3999999999999,36.0,6.0,314.0,71.8
2013,Sociology,82,77.0,5.0,Chester,46.8,82.6064356435644,75.2475247524752,3.0,30.2,,4.0,286.0,68.1742574257426
2014,Sociology,47,82.0,-35.0,Chester,59.5,92.25,90.0990099009901,3.0,25.9,,5.0,271.0,80.0399201596806
2015,Sociology,54,47.0,7.0,Chester,54.6,93.984962406015,91.9191919191919,3.0,23.5,,3.0,290.0,87.1999999999999
2013,Sociology,35,26.0,9.0,City,67.3,81.27400240024,75.2475247524752,9.0,18.1,42.0,5.0,327.0,61.0800927918879
2014,Sociology,32,35.0,-3.0,City,65.9,82.4120603015075,82.0,9.0,18.6,48.0,3.0,375.0,64.2
2015,Sociology,61,32.0,29.0,City,52.9,86.7167919799498,87.0,4.0,23.7,37.0,6.0,367.0,66.6666666666666
2013,Sociology,26,53.0,-27.0,Coventry,72.3,97.5,98.0,3.0,23.7,42.0,6.0,275.0,91.4101640933324
2014,Sociology,31,26.0,5.0,Coventry,66.0,92.5187032418953,92.9292929292929,4.0,24.9,51.0,4.0,281.0,82.565130260521
2015,Sociology,36,31.0,5.0,Coventry,62.7,95.2141057934508,93.9393939393939,3.0,23.2,74.0,3.0,280.0,80.5220883534136
2015,Sociology,71,,,De Montfort,50.6,90.4040404040404,88.8888888888888,4.0,22.3,,2.0,277.0,69.8
2013,Sociology,48,68.0,-20.0,Derby,62.0,89.7045454545454,86.8686868686869,5.0,18.0,,3.0,265.0,66.9726172617262
2014,Sociology,78,48.0,30.0,Derby,46.2,85.25,78.0,4.0,20.3,37.0,2.0,275.0,67.4650698602794
2015,Sociology,72,78.0,-6.0,Derby,50.1,85.7358113565024,87.0,5.0,17.3,43.0,3.0,276.0,70.546038361346
2013,Sociology,4,3.0,1.0,Durham,83.9,90.9646464646465,88.0,9.0,19.1,66.0,6.0,408.0,70.4772277227722
2014,Sociology,4,4.0,0.0,Durham,85.9,85.286783042394,83.0,9.0,19.8,67.0,8.0,440.0,64.7410358565737
2015,Sociology,10,4.0,6.0,Durham,77.4,84.4611528822055,90.0,6.0,18.7,70.0,8.0,431.0,68.7374749498997
2013,Sociology,66,61.0,5.0,East London,56.0,81.5079638398623,85.8585858585858,3.0,19.5,,5.0,189.0,73.1630815425292
2014,Sociology,71,66.0,5.0,East London,48.7,86.284289276808,85.8585858585859,5.0,28.2,37.0,5.0,217.0,77.8
2015,Sociology,50,71.0,-21.0,East London,58.0,80.0,86.0,9.0,24.8,,6.0,258.0,75.1004016064257
2013,Sociology,61,56.0,5.0,Edge Hill,58.2,88.2205513784461,87.0,2.0,19.7,,,231.0,72.2334004024145
2014,Sociology,40,61.0,-21.0,Edge Hill,62.3,96.25,91.0,3.0,19.3,,,256.0,72.8370221327968
2015,Sociology,46,40.0,6.0,Edge Hill,60.8,93.5162094763092,94.0,7.0,17.2,,1.0,293.0,69.8602794411177
2013,Sociology,18,6.0,12.0,Edinburgh,75.2,87.5346534653466,86.0,10.0,19.3,,9.0,413.0,33.6673267326733
2014,Sociology,11,18.0,-7.0,Edinburgh,78.1,83.4170854271357,72.7272727272727,10.0,18.9,,9.0,461.0,39.2430278884462
2015,Sociology,7,11.0,-4.0,Edinburgh,80.4,89.7755610972568,86.0,10.0,16.3999999999999,,9.0,453.0,56.7729083665338
2013,Sociology,39,24.0,15.0,Edinburgh Napier,65.5,94.979797979798,95.0,4.0,29.8,,10.0,316.0,72.4
2014,Sociology,68,39.0,29.0,Edinburgh Napier,50.4,87.25,84.8484848484848,5.0,31.7,,6.0,337.0,66.3326653306613
2015,Sociology,75,68.0,7.0,Edinburgh Napier,48.5,85.3233830845771,76.0,5.0,36.9,55.0,6.0,358.0,67.065868263473
2013,Sociology,25,19.0,6.0,Essex,72.6,90.512077294686,94.0,8.0,16.3,40.0,6.0,336.0,64.7454545454545
2014,Sociology,43,25.0,18.0,Essex,61.9,79.1979949874687,77.0,6.0,16.3,54.0,4.0,364.0,61.6465863453815
2015,Sociology,31,43.0,-12.0,Essex,65.4,89.5261845386533,94.9999999999999,5.0,13.3,40.0,4.0,361.0,74.251497005988
2013,Sociology,21,9.0,12.0,Exeter,73.4,89.2818781878188,92.0,6.0,22.3,,6.0,407.0,78.1353535353535
2014,Sociology,12,21.0,-9.0,Exeter,78.0,94.5137157107232,92.0,6.0,21.9,,7.0,412.0,78.714859437751
2015,Sociology,6,12.0,-6.0,Exeter,81.3,94.7630922693266,95.049504950495,5.0,14.2,,7.0,408.0,78.5288270377733
2013,Sociology,63,62.0,1.0,Glamorgan,57.5,81.8661616161616,88.8888888888889,5.0,20.7,,5.0,259.0,73.4683076470912
2013,Sociology,2,8.0,-6.0,Glasgow,86.2,94.5,94.0,8.0,19.1,,10.0,425.0,73.0864086408641
2014,Sociology,2,2.0,0.0,Glasgow,88.6,96.5,96.0,8.0,20.4,,9.0,386.0,79.0744466800805
2015,Sociology,20,2.0,18.0,Glasgow,70.5999999999999,94.9999999999999,87.8787878787878,7.0,19.5,,6.0,413.0,71.6
2013,Sociology,50,37.0,13.0,Glasgow Caledonian,61.9,91.9772727272727,91.0,4.0,19.1,20.0,6.0,340.0,69.5878787878788
2014,Sociology,53,50.0,3.0,Glasgow Caledonian,57.6,88.25,84.0,5.0,20.9,37.0,5.0,369.0,66.9980119284294
2015,Sociology,63,53.0,10.0,Glasgow Caledonian,52.8,87.719298245614,81.0,5.0,17.3999999999999,38.0,3.0,385.0,67.4
2013,Sociology,76,83.0,-7.0,Gloucestershire,50.5,79.3082058205821,62.0,7.0,35.6,,,269.0,72.8305630563056
2014,Sociology,41,76.0,-35.0,Gloucestershire,62.2,88.4422110552764,88.0,5.0,34.7,,8.0,286.0,82.7309236947791
2015,Sociology,61,41.0,20.0,Gloucestershire,52.9,86.5336658354114,90.9090909090909,7.0,23.4,38.0,9.0,280.0,60.8
2013,Sociology,37,55.0,-18.0,Goldsmiths,65.9,85.9738880493972,88.8888888888889,3.0,18.8,50.0,5.0,315.0,63.7717797280639
2014,Sociology,48,37.0,11.0,Goldsmiths,59.2,87.5311720698254,85.1485148514851,3.0,18.4,55.0,3.0,331.0,63.2734530938124
2015,Sociology,29,48.0,-19.0,Goldsmiths,67.7,93.0348258706467,91.0,4.0,12.6,38.0,6.0,326.0,78.3300198807156
2013,Sociology,73,84.0,-11.0,Greenwich,54.3,89.2450757714489,89.4605736775897,3.0,26.6,33.0,,239.0,74.0324796198118
2014,Sociology,64,73.0,-9.0,Greenwich,51.6,86.5307290223515,86.5520833333334,3.0,24.1,42.0,3.0,277.0,73.5091681540979
2015,Sociology,87,64.0,23.0,Greenwich,35.2,86.0247727905622,87.3344352617079,3.0,41.1,40.0,3.0,296.0,73.5586833176267
2013,Sociology,40,17.0,23.0,Huddersfield,65.3,83.0841584158416,94.059405940594,4.0,26.6,,10.0,227.0,85.7838383838384
2014,Sociology,30,40.0,-10.0,Huddersfield,66.1,87.2817955112219,94.0,4.0,29.3,,9.0,236.0,84.493041749503
2015,Sociology,8,30.0,-22.0,Huddersfield,79.3,99.5,100.0,5.0,20.5,,8.0,252.0,89.8406374501992
2013,Sociology,55,42.0,13.0,Hull,60.7,86.1113384473128,85.2676779589273,5.0,17.0,46.0,2.0,292.0,59.5570501202853
2014,Sociology,44,55.0,-11.0,Hull,61.7,88.5739192619386,88.6189027498391,5.0,17.2,43.0,3.0,329.0,73.7662689149546
2015,Sociology,41,44.0,-3.0,Hull,61.6,88.4422110552764,81.8181818181818,,9.1,,6.0,306.0,72.3446893787575
2013,Sociology,34,20.0,14.0,Keele,67.8,88.2747524752475,84.0,3.0,17.1,43.0,7.0,323.0,73.380498049805
2014,Sociology,27,34.0,-7.0,Keele,70.7,96.4912280701754,94.0,3.0,21.1,,8.0,316.0,79.1583166332665
2015,Sociology,32,27.0,5.0,Keele,65.0999999999999,86.5671641791044,89.9999999999999,4.0,15.2,,6.0,415.0,64.6
2013,Sociology,27,27.0,0.0,Kent,72.0,89.1843434343434,88.0,7.0,14.2,56.0,4.0,301.0,68.6150815081508
2014,Sociology,26,27.0,-1.0,Kent,71.1,84.5771144278607,87.0,7.0,14.1,47.0,8.0,325.0,68.063872255489
2015,Sociology,12,26.0,-14.0,Kent,74.9,88.4952825192667,93.0510660649511,8.0,12.9,68.0,6.0,363.0,66.2384905808914
2013,Sociology,80,76.0,4.0,Kingston,49.0,78.5,81.0,2.0,23.3,35.0,4.0,264.0,59.9414577968298
2014,Sociology,70,80.0,-10.0,Kingston,48.9,85.2130325814536,86.0,3.0,24.3,45.0,4.0,285.0,68.6626746506986
2015,Sociology,89,70.0,19.0,Kingston,30.2,81.5461346633416,80.1980198019801,4.0,26.7,42.0,1.0,269.0,64.1434262948207
2013,Sociology,10,6.0,4.0,Lancaster,79.4,91.2570257025702,89.0,9.0,15.2,50.0,6.0,359.0,66.8065206520652
2014,Sociology,3,10.0,-7.0,Lancaster,87.8,90.9774436090226,92.9292929292929,8.0,16.3,66.0,7.0,417.0,73.74749498998
2015,Sociology,23,3.0,20.0,Lancaster,69.7,89.7499999999999,86.0,5.0,16.3999999999999,59.0,6.0,396.0,66.8662674650698
2013,Sociology,22,50.0,-28.0,Leeds,73.1,91.4747474747475,88.0,4.0,22.4,54.0,9.0,359.0,65.2712871287129
2014,Sociology,24,22.0,2.0,Leeds,72.5,90.5,89.0,6.0,25.2,56.0,9.0,396.0,69.7394789579158
2015,Sociology,14,24.0,-10.0,Leeds,72.4,90.4943502824858,85.9540191307266,7.0,18.0,56.9999999999999,8.0,399.0,68.32717620109
2013,Sociology,78,68.0,10.0,Leeds Met,49.8,88.5693069306931,86.1386138613861,4.0,26.1,27.0,2.0,259.0,69.1218721872187
2014,Sociology,62,78.0,-16.0,Leeds Met,52.9,94.9748743718593,91.9191919191919,3.0,25.3,52.0,4.0,240.0,69.4
2015,Sociology,58,62.0,-4.0,Leeds Met,54.2,96.2406015037594,93.9393939393939,4.0,24.8,43.0,3.0,242.0,79.5180722891566
2013,Sociology,7,22.0,-15.0,Leicester,80.7,93.7722772277228,96.0,9.0,19.3,47.0,7.0,378.0,77.0848484848485
2014,Sociology,8,7.0,1.0,Leicester,84.1,93.5,92.0,9.0,18.9,50.0,8.0,370.0,76.0
2015,Sociology,30,8.0,22.0,Leicester,66.7,91.25,92.079207920792,6.0,20.7,45.0,8.0,356.0,73.7474949899799
2013,Sociology,52,52.0,0.0,Lincoln,61.6,83.273902390239,84.0,3.0,24.0,58.0,3.0,299.0,74.9517326732673
2014,Sociology,73,52.0,21.0,Lincoln,47.9,87.719298245614,89.8989898989899,3.0,27.0,47.0,1.0,303.0,71.7434869739479
2015,Sociology,59,73.0,-14.0,Lincoln,53.5,86.9674185463659,94.9999999999999,3.0,23.9,55.0,2.0,320.0,76.1044176706827
2013,Sociology,60,35.0,25.0,Liverpool,58.6,79.9368686868687,67.6767676767677,7.0,20.8,43.0,4.0,370.0,43.584298429843
2014,Sociology,36,60.0,-24.0,Liverpool,64.2,91.542288557214,88.0,8.0,20.7,41.0,6.0,376.0,61.4
2015,Sociology,38,36.0,2.0,Liverpool,62.2,91.7293233082706,89.8989898989898,7.0,15.9,35.0,6.0,384.0,62.1242484969939
2013,Sociology,83,77.0,6.0,Liverpool John Moores,46.0,76.4419191919192,77.0,3.0,28.3,24.0,5.0,296.0,67.1434343434344
2014,Sociology,56,83.0,-27.0,Liverpool John Moores,55.5,89.5261845386534,93.0693069306931,3.0,27.3,43.0,7.0,302.0,76.5060240963856
2015,Sociology,66,56.0,10.0,Liverpool John Moores,51.4,87.25,82.0,5.0,28.9,25.0,10.0,290.0,68.8622754491018
2013,Sociology,86,87.0,-1.0,London Met,43.0,85.0,87.0,2.0,22.3,34.0,1.0,208.0,62.8713235294118
2014,Sociology,88,86.0,2.0,London Met,31.0,82.5870646766169,79.0,1.0,27.3,38.0,1.0,208.0,62.0
2015,Sociology,88,88.0,0.0,London Met,32.4,80.8417022613065,76.0,2.0,17.6,46.0,1.0,237.0,65.4730918923675
2013,Sociology,6,2.0,4.0,London School of Economics,81.7,80.5519801980198,82.0,10.0,11.3,,7.0,415.0,64.5272727272728
2014,Sociology,21,6.0,15.0,London School of Economics,74.3,77.5,79.0,10.0,10.7,,5.0,430.0,57.2289156626506
2015,Sociology,21,21.0,0.0,London School of Economics,69.9,81.0,84.0,7.0,10.9,,7.0,434.0,64.7410358565737
2013,Sociology,85,79.0,6.0,London South Bank,43.3,87.5,87.0,2.0,34.0,30.0,3.0,197.0,69.4
2014,Sociology,83,85.0,-2.0,London South Bank,43.2,88.75,84.0,4.0,33.0,38.0,2.0,230.0,77.0916334661355
2015,Sociology,86,83.0,3.0,London South Bank,37.7999999999999,84.25,85.0,,33.2999999999999,35.0,4.0,215.0,72.0
2013,Sociology,45,15.0,30.0,Loughborough,63.5,78.5990099009901,70.7070707070707,7.0,19.0,32.0,4.0,356.0,70.1485748574857
2014,Sociology,18,45.0,-27.0,Loughborough,75.6,90.75,92.0792079207921,8.0,19.2,,5.0,383.0,85.0299401197605
2015,Sociology,25,18.0,7.0,Loughborough,69.2,93.25,90.9999999999999,6.0,15.7,,4.0,364.0,78.3567134268537
2013,Sociology,19,34.0,-15.0,Manchester,74.3,87.2591509150915,83.0,8.0,19.1,51.0,8.0,384.0,65.6
2014,Sociology,20,19.0,1.0,Manchester,74.6,87.1859296482412,76.0,8.0,18.9,47.0,8.0,408.0,71.8
2015,Sociology,2,20.0,-18.0,Manchester,84.4,92.7680798004987,90.9999999999999,10.0,9.3,52.0,6.0,391.0,78.4
2013,Sociology,77,65.0,12.0,Manchester Met,50.3,81.029702970297,77.2277227722772,2.0,22.0,28.0,6.0,281.0,63.1279267202486
2014,Sociology,79,77.0,2.0,Manchester Met,46.1,78.6600496277916,79.0,2.0,23.1,39.0,7.0,312.0,61.87624750499
2015,Sociology,68,79.0,-11.0,Manchester Met,51.0,84.4552614519414,85.863433139141,3.0,21.5,36.0,5.0,318.0,74.601737806057
2013,Sociology,66,71.0,-5.0,Middlesex,56.0,78.3391089108911,84.0,8.0,28.2,43.0,3.0,203.0,74.815953654189
2014,Sociology,86,66.0,20.0,Middlesex,38.9,80.1507537688442,74.0,7.0,28.7,28.0,3.0,244.0,67.2654690618762
2015,Sociology,83,86.0,-3.0,Middlesex,41.2,79.1979949874686,77.7777777777777,5.0,33.1,41.0,5.0,296.0,69.6787148594377
2013,Sociology,14,38.0,-24.0,Newcastle,76.9,96.2222222222222,87.0,7.0,21.1,46.0,8.0,349.0,78.0
2014,Sociology,16,14.0,2.0,Newcastle,76.8,91.542288557214,91.0891089108911,7.0,21.4,66.0,6.0,381.0,68.9243027888446
2015,Sociology,18,16.0,2.0,Newcastle,70.8,88.9168765743072,83.8383838383838,6.0,13.5,66.0,6.0,354.0,74.0
2013,Sociology,31,39.0,-8.0,Northampton,68.3,95.5,94.0,4.0,26.3,,10.0,251.0,73.3292929292929
2014,Sociology,34,31.0,3.0,Northampton,64.5,90.3225806451613,94.0,4.0,25.5,,10.0,280.0,79.4
2015,Sociology,43,34.0,9.0,Northampton,61.2,88.6934673366834,88.8888888888888,6.0,20.6,,8.0,262.0,79.2338709677419
2013,Sociology,54,32.0,22.0,Northumbria,60.8,89.2953913353802,85.0,7.0,24.8,40.0,6.0,302.0,62.356079552221
2014,Sociology,60,54.0,6.0,Northumbria,53.9,81.5461346633416,78.0,7.0,20.7,38.0,6.0,336.0,61.0
2015,Sociology,40,60.0,-20.0,Northumbria,62.1,90.7035175879397,89.8989898989898,3.0,21.5,42.0,7.0,348.0,76.8
2013,Sociology,23,41.0,-18.0,Nottingham,73.0,86.2915791579158,88.0,7.0,18.7,54.0,5.0,354.0,68.0545454545455
2014,Sociology,17,23.0,-6.0,Nottingham,76.2,88.7780548628429,88.8888888888889,7.0,18.7,56.0,7.0,351.0,78.2868525896414
2015,Sociology,35,17.0,18.0,Nottingham,62.8,79.3532338308457,80.0,9.0,13.8,55.0,5.0,359.0,62.0
2013,Sociology,68,46.0,22.0,Nottingham Trent,54.9,79.7759775977598,84.0,6.0,22.2,28.0,4.0,271.0,66.9267326732673
2014,Sociology,57,68.0,-11.0,Nottingham Trent,55.0,85.25,90.0990099009901,5.0,25.3,46.0,7.0,306.0,62.4750499001996
2015,Sociology,43,57.0,-14.0,Nottingham Trent,61.2,88.9447236180904,90.0,5.0,26.9,48.0,10.0,293.0,73.9478957915831
2013,Sociology,44,44.0,0.0,Oxford Brookes,63.8,80.269801980198,79.7979797979798,6.0,16.6,,4.0,325.0,71.8455445544554
2014,Sociology,22,44.0,-22.0,Oxford Brookes,74.2,92.0,100.0,5.0,18.3,,5.0,339.0,82.0359281437126
2015,Sociology,25,22.0,3.0,Oxford Brookes,69.2,92.5187032418952,94.059405940594,6.0,,,6.0,363.0,80.0399201596806
2013,Sociology,70,66.0,4.0,Plymouth,54.8,74.5,73.2673267326733,7.0,25.8,52.0,4.0,288.0,55.8929292929293
2014,Sociology,37,70.0,-33.0,Plymouth,64.1,91.5632754342432,88.0,9.0,22.3,40.0,5.0,288.0,79.4
2015,Sociology,78,37.0,41.0,Plymouth,47.6,84.5771144278607,80.0,8.0,20.9,44.0,4.0,280.0,61.4
2013,Sociology,36,31.0,5.0,Portsmouth,66.8,89.25,92.0,4.0,23.0,65.0,4.0,294.0,68.9341570895996
2014,Sociology,33,36.0,-3.0,Portsmouth,65.0,89.7243107769424,94.0,7.0,22.6,51.0,7.0,305.0,64.0
2015,Sociology,15,33.0,-18.0,Portsmouth,71.7,93.5,95.9595959595959,6.0,21.9,55.0,9.0,323.0,73.3067729083665
2015,Sociology,47,,,Queen Margaret,58.8,94.7630922693266,94.059405940594,4.0,21.8,,,299.0,68.1908548707753
2013,Sociology,48,51.0,-3.0,"Queen's, Belfast",62.0,77.7258725872587,80.1980198019802,7.0,19.0,19.0,7.0,354.0,67.2823498566073
2014,Sociology,46,48.0,-2.0,"Queen's, Belfast",60.7,88.4130982367758,87.0,7.0,19.4,40.0,5.0,343.0,64.1282565130261
2015,Sociology,48,46.0,2.0,"Queen's, Belfast",58.4,82.6633165829145,82.8282828282828,7.0,13.0,43.0,8.0,348.0,60.9657947686116
2013,Sociology,11,32.0,-21.0,Robert Gordon,77.9,94.7272727272727,91.0,8.0,14.9,50.0,3.0,283.0,82.4545454545454
2014,Sociology,49,11.0,38.0,Robert Gordon,58.8,90.7035175879397,90.9090909090909,4.0,25.4,59.0,1.0,302.0,76.4940239043825
2015,Sociology,54,49.0,5.0,Robert Gordon,54.6,87.9396984924623,88.0,3.0,19.3,62.0,3.0,351.0,58.266129032258
2013,Sociology,68,82.0,-14.0,Roehampton,54.9,85.4520202020202,85.0,8.0,27.2,51.0,2.0,227.0,57.9479271456557
2014,Sociology,76,68.0,8.0,Roehampton,46.8,82.9145728643216,83.0,7.0,28.3,36.0,5.0,246.0,65.6626506024096
2015,Sociology,77,76.0,1.0,Roehampton,48.2,88.7780548628428,85.1485148514851,5.0,24.7,37.0,6.0,265.0,63.3266533066132
2014,Sociology,49,,,Royal Holloway,58.8,88.5,86.1386138613862,4.0,19.5,56.0,4.0,325.0,52.191235059761
2015,Sociology,49,49.0,0.0,Royal Holloway,58.1,89.4472361809045,86.9999999999999,4.0,14.0,45.0,3.0,359.0,70.5999999999999
2013,Sociology,79,58.0,21.0,Salford,49.7,79.50900090009,73.7373737373737,3.0,18.0,32.0,2.0,294.0,60.4040404040404
2014,Sociology,87,79.0,8.0,Salford,38.7,74.5635910224439,73.5294117647059,3.0,21.6,41.0,2.0,280.0,61.9238476953908
2015,Sociology,57,87.0,-30.0,Salford,54.3,86.5,89.0,3.0,18.2,43.0,3.0,287.0,80.3999999999999
2013,Sociology,32,23.0,9.0,Sheffield,68.0,88.2243474347435,91.0,5.0,21.8,40.0,8.0,367.0,64.4772277227723
2014,Sociology,28,32.0,-4.0,Sheffield,69.3,91.044776119403,90.0,4.0,23.1,51.0,9.0,358.0,71.0578842315369
2015,Sociology,34,28.0,6.0,Sheffield,64.5,91.9799498746867,95.0,4.0,24.6,47.0,9.0,353.0,71.0578842315369
2013,Sociology,74,47.0,27.0,Sheffield Hallam,53.9,81.6831779331779,72.3967611336032,4.0,26.4,37.0,6.0,280.0,66.0753036437247
2014,Sociology,52,74.0,-22.0,Sheffield Hallam,58.0,81.5600704122048,76.453781512605,5.0,25.6,49.0,7.0,299.0,76.4033613445378
2015,Sociology,73,52.0,21.0,Sheffield Hallam,49.5,85.3571885574487,81.5191652656381,4.0,23.2,35.0,5.0,297.0,75.8725114608819
2013,Sociology,41,25.0,16.0,Southampton,64.6,80.8662775792504,81.3103664844096,6.0,18.8,44.0,4.0,386.0,63.4057505393685
2014,Sociology,29,41.0,-12.0,Southampton,67.5,85.1385007767669,90.7220510130483,7.0,19.9,49.0,6.0,370.0,70.8692156479468
2015,Sociology,27,29.0,-2.0,Southampton,68.7,84.9591254752851,81.2463953619696,7.0,13.3,56.0,7.0,382.0,65.1632314847075
2013,Sociology,75,80.0,-5.0,Southampton Solent,53.8,91.2121212121212,93.0,4.0,27.0,19.0,2.0,302.0,81.0277227722772
2014,Sociology,63,75.0,-12.0,Southampton Solent,52.7,88.2793017456359,88.1188118811881,4.0,27.2,,7.0,280.0,68.0
2013,Sociology,81,75.0,6.0,"St Mary's UC, Twickenham",47.8,89.75,87.0,1.0,23.8,,,252.0,66.4929292929293
2014,Sociology,66,81.0,-15.0,"St Mary's UC, Twickenham",51.0,93.2330827067669,89.0,1.0,18.9,,,267.0,65.79476861167
2015,Sociology,51,66.0,-15.0,"St Mary's UC, Twickenham",57.0,94.2211055276381,92.079207920792,2.0,14.5,,7.0,263.0,72.0
2013,Sociology,71,53.0,18.0,Staffordshire,54.7,82.2035453545354,82.0,3.0,23.4,45.0,3.0,221.0,70.8464446444644
2014,Sociology,80,71.0,9.0,Staffordshire,45.2,85.75,82.0,4.0,23.6,28.0,3.0,249.0,70.0
2015,Sociology,68,80.0,-12.0,Staffordshire,51.0,87.5311720698254,85.1485148514851,10.0,31.3,49.0,2.0,230.0,68.063872255489
2013,Sociology,33,29.0,4.0,Stirling,67.9,94.1914025420089,95.8557003796688,4.0,21.6,34.0,5.0,334.0,81.8299687665293
2014,Sociology,39,33.0,6.0,Stirling,63.6,89.0956816737815,91.5676675757945,4.0,20.2,44.0,3.0,395.0,75.2067373482568
2015,Sociology,21,39.0,-18.0,Stirling,69.9,88.0767273892032,94.0078587029538,6.0,11.6,38.0,5.0,396.0,80.5909168087663
2013,Sociology,17,12.0,5.0,Strathclyde,75.4,95.529702970297,94.0,8.0,24.1,,,397.0,74.8
2014,Sociology,15,17.0,-2.0,Strathclyde,77.3,94.0149625935162,84.0,8.0,25.2,,,441.0,75.8964143426295
2013,Sociology,51,64.0,-13.0,Sunderland,61.8,88.2821782178218,86.8686868686869,4.0,27.0,32.0,9.0,268.0,72.7820782078208
2014,Sociology,72,51.0,21.0,Sunderland,48.3,90.9547738693468,89.0,3.0,29.9,38.0,7.0,247.0,73.74749498998
2015,Sociology,70,72.0,-2.0,Sunderland,50.7,90.3225806451612,87.1287128712871,3.0,33.2,40.0,8.0,281.0,81.0
2013,Sociology,4,4.0,0.0,Surrey,83.9,91.25,90.0,9.0,18.8,66.0,7.0,374.0,80.1366336633663
2014,Sociology,6,4.0,2.0,Surrey,84.7,92.25,90.0,9.0,17.5,65.0,6.0,385.0,77.0459081836328
2015,Sociology,9,6.0,3.0,Surrey,78.5999999999999,92.2885572139303,89.0,8.0,15.8,57.9999999999999,8.0,401.0,70.0803212851405
2013,Sociology,20,11.0,9.0,Sussex,73.8,91.2747524752475,86.1386138613861,4.0,20.3,50.0,10.0,373.0,64.2009473153619
2014,Sociology,10,20.0,-10.0,Sussex,81.6,90.5,95.0,4.0,21.6,56.0,10.0,392.0,74.6
2015,Sociology,24,10.0,14.0,Sussex,69.4,94.5137157107232,93.9393939393939,3.0,20.2,33.0,10.0,381.0,70.8582834331337
2013,Sociology,56,57.0,-1.0,Teesside,60.6,86.4148785801092,86.8680861575069,4.0,26.2,37.0,8.0,243.0,74.076388361406
2014,Sociology,61,56.0,5.0,Teesside,53.1,86.9346733668342,86.0,3.0,25.9,29.0,8.0,287.0,72.4550898203593
2015,Sociology,75,61.0,14.0,Teesside,48.5,89.5,90.09900990099,3.0,24.0,39.0,5.0,273.0,71.5430861723446
2013,Sociology,88,86.0,2.0,UC Suffolk,32.2,73.2209220922092,78.2178217821782,,32.1,28.0,1.0,270.0,68.0828282828283
2014,Sociology,84,88.0,-4.0,UC Suffolk,43.0,87.5311720698254,80.8080808080808,,24.1,33.0,1.0,303.0,79.324055666004
2013,Sociology,13,13.0,0.0,UEA,77.0,100.0,88.8888888888889,8.0,19.5,,4.0,,74.9272727272727
2014,Sociology,18,13.0,5.0,UEA,75.6,96.2406015037594,89.0,8.0,16.9,,4.0,,71.0578842315369
2015,Sociology,4,18.0,-14.0,UEA,81.8,94.7236180904522,90.09900990099,8.0,6.3,,,446.0,69.1382765531062
2013,Sociology,30,36.0,-6.0,Ulster,69.7,90.5,96.0,4.0,18.0,37.0,7.0,258.0,81.6594059405941
2014,Sociology,59,30.0,29.0,Ulster,54.7,91.2718204488778,94.059405940594,4.0,20.9,25.0,4.0,262.0,84.0319361277445
2015,Sociology,60,59.0,1.0,Ulster,53.3,92.0,99.0,3.0,25.2,28.0,5.0,280.0,83.7675350701402
2015,Sociology,74,,,University Campus Suffolk,49.1,81.0,83.0,,21.2,46.0,2.0,334.0,76.4471057884231
2013,Sociology,72,59.0,13.0,UWE Bristol,54.6,80.7667266726673,80.1980198019802,5.0,20.9,39.0,3.0,295.0,58.7155315531553
2014,Sociology,54,72.0,-18.0,UWE Bristol,56.8,85.75,86.0,4.0,23.6,48.0,8.0,313.0,63.6726546906188
2015,Sociology,64,54.0,10.0,UWE Bristol,52.5,91.0,84.1584158415841,3.0,33.0,53.0,8.0,334.0,66.132264529058
2013,Sociology,3,4.0,-1.0,Warwick,84.9,92.0123762376238,87.0,9.0,17.5,65.0,7.0,420.0,70.1333333333333
2014,Sociology,5,3.0,2.0,Warwick,85.4,87.9699248120301,92.0,10.0,17.7,57.0,7.0,429.0,75.2
2015,Sociology,3,5.0,-2.0,Warwick,82.2,91.5632754342431,92.0,10.0,16.1,64.0,6.0,428.0,68.0
2013,Sociology,59,,,West of Scotland,58.7,83.1944444444445,81.0,5.0,19.0,,,258.0,64.082857261136
2014,Sociology,51,59.0,-8.0,West of Scotland,58.5,87.0,87.1287128712871,3.0,18.0,,,296.0,72.0558882235529
2015,Sociology,37,51.0,-14.0,West of Scotland,62.6,88.7218045112782,87.0,4.0,12.2,,,285.0,78.3567134268537
2013,Sociology,65,60.0,5.0,Westminster,56.4,76.9106154933675,80.2272727272727,4.0,19.7,48.0,3.0,270.0,63.8254853096761
2014,Sociology,82,65.0,17.0,Westminster,43.9,83.4877389858687,74.8888888888889,4.0,23.4,40.0,3.0,280.0,64.5936317078602
2015,Sociology,81,82.0,-1.0,Westminster,45.1,85.08274964762,88.8347826086956,3.0,23.7,40.0,4.0,277.0,68.740756092049
2015,Sociology,52,,,Winchester,56.6,90.0249376558603,89.108910891089,2.0,23.7,,,306.0,75.0996015936254
2013,Sociology,58,63.0,-5.0,Worcester,58.9,96.25,100.0,1.0,29.8,,4.0,274.0,84.4
2014,Sociology,37,58.0,-21.0,Worcester,64.1,93.7655860349127,93.0693069306931,2.0,23.8,,8.0,304.0,81.4
2015,Sociology,66,37.0,29.0,Worcester,51.4,86.5336658354114,96.0,2.0,20.1,,9.0,279.0,67.0
2013,Sociology,16,14.0,2.0,York,75.7,87.3019801980198,82.8282828282828,8.0,18.3,53.0,6.0,372.0,65.0252525252525
2014,Sociology,13,16.0,-3.0,York,77.5,88.25,84.0,8.0,17.3,57.0,5.0,386.0,69.4610778443114
2015,Sociology,17,13.0,4.0,York,71.4,94.7236180904522,88.9999999999999,6.0,16.3,63.0,3.0,377.0,76.1999999999999
2013,Sports science,59,56.0,3.0,Abertay Dundee,56.9,,,2.0,33.1,47.0,7.0,247.0,
2014,Sports science,65,59.0,6.0,Abertay Dundee,35.3,78.5536159600998,76.2376237623762,2.0,35.9,56.0,5.0,279.0,49.1017964071856
2015,Sports science,61,65.0,-4.0,Abertay Dundee,53.9,78.7499999999999,84.1584158415841,2.0,29.8,68.0,9.0,300.0,57.5150300601202
2013,Sports science,9,3.0,6.0,Aberystwyth,87.5,96.2549504950495,95.049504950495,8.0,22.6,49.0,7.0,251.0,86.8673267326733
2014,Sports science,23,9.0,14.0,Aberystwyth,70.4,90.75,96.0,9.0,24.5,35.0,4.0,278.0,86.3453815261044
2015,Sports science,67,23.0,44.0,Aberystwyth,44.5,75.3768844221105,66.6666666666666,6.0,28.7,56.0,2.0,307.0,50.501002004008
2013,Sports science,16,32.0,-16.0,Bangor,82.2,94.75,91.0,7.0,25.6,44.0,5.0,265.0,85.8653465346535
2014,Sports science,11,16.0,-5.0,Bangor,85.1,93.75,94.0,7.0,23.5,58.0,9.0,283.0,82.565130260521
2015,Sports science,18,11.0,7.0,Bangor,73.2,93.7343358395989,92.0,6.0,24.9,72.0,5.0,307.0,85.2
2013,Sports science,6,7.0,-1.0,Bath,91.1,90.9318181818182,89.0,,18.7,54.0,9.0,357.0,68.5171717171717
2014,Sports science,3,6.0,-3.0,Bath,94.9,86.5,82.0,10.0,19.9,70.0,8.0,421.0,74.6
2015,Sports science,1,3.0,-2.0,Bath,100.0,95.75,96.0,10.0,20.3999999999999,75.0,10.0,437.0,86.0
2013,Sports science,47,53.0,-6.0,Bedfordshire,67.1,79.789603960396,69.6969696969697,7.0,19.7,48.0,8.0,214.0,51.7005033836717
2014,Sports science,56,47.0,9.0,Bedfordshire,53.0,77.363184079602,68.3168316831683,6.0,24.8,61.0,7.0,220.0,52.0958083832335
2015,Sports science,61,56.0,5.0,Bedfordshire,53.9,85.25,81.0,5.0,24.5,56.0,5.0,248.0,66.7330677290836
2013,Sports science,3,8.0,-5.0,Birmingham,95.7,91.0247524752475,88.0,10.0,24.7,66.0,7.0,398.0,66.6040404040404
2014,Sports science,4,3.0,1.0,Birmingham,90.9,93.2330827067669,94.949494949495,9.0,24.9,78.0,6.0,405.0,70.4590818363273
2015,Sports science,6,4.0,2.0,Birmingham,81.0,92.7860696517413,92.0,9.0,22.0,76.0,6.0,398.0,70.1999999999999
2013,Sports science,62,61.0,1.0,Bolton,55.6,76.6022467631378,71.6534653465346,3.0,18.7,46.0,2.0,212.0,59.5985484521303
2014,Sports science,62,62.0,0.0,Bolton,48.0,81.0843915255542,68.5847408270239,3.0,22.0,,3.0,241.0,61.4663979793334
2015,Sports science,60,62.0,-2.0,Bolton,54.4,82.2603632428363,72.3207547169811,4.0,22.5,76.0,2.0,282.0,65.7871516618141
2013,Sports science,8,12.0,-4.0,Bournemouth,87.9,89.6919191919192,90.9090909090909,6.0,22.3,53.0,10.0,321.0,79.8557306374414
2014,Sports science,33,8.0,25.0,Bournemouth,66.2,81.4070351758794,86.1386138613861,6.0,20.0,50.0,6.0,337.0,67.6
2015,Sports science,36,33.0,3.0,Bournemouth,65.0,89.5,95.9595959595959,5.0,21.7,62.0,5.0,330.0,74.4510978043912
2013,Sports science,20,31.0,-11.0,Brighton,80.5,87.5900527138806,85.8079470198675,8.0,20.5,55.0,7.0,268.0,64.5236238855674
2014,Sports science,16,20.0,-4.0,Brighton,78.4,88.4957142857143,85.8820202020202,8.0,18.6,51.0,8.0,292.0,78.8089387531142
2015,Sports science,29,16.0,13.0,Brighton,68.5999999999999,88.4422110552763,81.1881188118811,4.0,23.0,57.9999999999999,9.0,347.0,69.939879759519
2013,Sports science,17,36.0,-19.0,Brunel,82.0,82.979797979798,83.8383838383838,8.0,23.0,56.0,7.0,345.0,64.2917156037212
2014,Sports science,29,17.0,12.0,Brunel,68.6,78.5894206549118,80.0,9.0,24.9,60.0,5.0,356.0,61.4
2015,Sports science,33,29.0,4.0,Brunel,65.9,87.5311720698254,87.0,8.0,22.3,56.9999999999999,4.0,359.0,64.8915187376725
2013,Sports science,68,67.0,1.0,Bucks New University,36.6,60.173628142568,62.3762376237624,4.0,25.9,33.0,2.0,199.0,54.1017637079693
2014,Sports science,66,68.0,-2.0,Bucks New University,35.2,74.3142144638404,60.3960396039604,3.0,29.5,51.0,3.0,211.0,61.9238476953908
2015,Sports science,69,66.0,3.0,Bucks New University,32.9,69.5979899497487,71.2871287128712,2.0,29.9,55.0,1.0,226.0,65.0602409638554
2013,Sports science,61,66.0,-5.0,Canterbury Christ Church,55.7,85.1064356435644,91.0,3.0,24.5,40.0,3.0,175.0,71.8666666666667
2014,Sports science,51,61.0,-10.0,Canterbury Christ Church,57.1,85.9649122807018,93.0,3.0,27.3,45.0,4.0,258.0,80.8467741935484
2015,Sports science,64,51.0,13.0,Canterbury Christ Church,52.6,86.318407960199,88.9999999999999,3.0,24.4,43.0,5.0,264.0,78.0876494023904
2013,Sports science,24,,,Cardiff Met,79.0,88.979797979798,88.2352941176471,4.0,19.4,51.0,8.0,267.0,75.6250225022502
2014,Sports science,24,24.0,0.0,Cardiff Met,70.3,87.6884422110553,84.1584158415842,4.0,22.0,55.0,8.0,363.0,73.2
2015,Sports science,25,24.0,1.0,Cardiff Met,69.3,85.2130325814536,90.09900990099,3.0,20.3999999999999,61.0,8.0,362.0,71.7434869739479
2015,Sports science,19,,,Central Lancashire,72.0,80.5,86.0,10.0,12.3,51.0,4.0,358.0,64.3999999999999
2013,Sports science,35,39.0,-4.0,Chester,72.8,77.6212121212121,75.0,7.0,19.5,69.0,2.0,270.0,67.3688168816882
2014,Sports science,15,35.0,-20.0,Chester,79.1,91.4572864321608,90.9090909090909,5.0,17.5,75.0,2.0,298.0,82.435129740519
2015,Sports science,17,15.0,2.0,Chester,73.4,93.5,93.069306930693,6.0,19.3,76.0,2.0,287.0,84.5691382765531
2013,Sports science,45,47.0,-2.0,Chichester,68.8,89.2637753494976,93.0,3.0,30.1,50.0,4.0,296.0,77.2989898989899
2014,Sports science,57,45.0,12.0,Chichester,52.9,87.0,85.0,3.0,29.2,44.0,3.0,303.0,74.2454728370221
2015,Sports science,43,57.0,-14.0,Chichester,61.1,86.5336658354114,85.0,3.0,21.0,66.0,5.0,317.0,64.6706586826347
2013,Sports science,18,41.0,-23.0,Coventry,81.6,83.7316731673167,76.0,4.0,18.7,73.0,9.0,286.0,58.9799440340074
2014,Sports science,44,18.0,26.0,Coventry,60.6,78.6600496277916,80.8080808080808,3.0,22.0,72.0,4.0,290.0,65.7370517928287
2015,Sports science,21,44.0,-23.0,Coventry,71.2,86.75,87.0,3.0,18.3999999999999,80.0,7.0,317.0,72.7091633466135
2013,Sports science,27,20.0,7.0,Cumbria,77.4,91.7950107402026,87.2495126593749,8.0,17.5,56.0,3.0,262.0,62.175236067465
2014,Sports science,58,27.0,31.0,Cumbria,50.3,85.4119326161306,79.6308724832215,2.0,24.5,47.0,4.0,223.0,68.0365590921508
2015,Sports science,53,58.0,-5.0,Cumbria,58.0,86.5080864016429,81.537565521258,2.0,17.8,54.0,3.0,265.0,81.4914647345447
2013,Sports science,46,57.0,-11.0,Derby,67.3,78.6818181818182,69.0,6.0,22.2,47.0,5.0,239.0,67.4626262626263
2014,Sports science,45,46.0,-1.0,Derby,60.4,85.0746268656717,77.0,6.0,23.6,45.0,6.0,272.0,70.6349206349206
2015,Sports science,12,45.0,-33.0,Derby,76.8,90.9319899244332,90.0,6.0,20.3,56.9999999999999,8.0,338.0,84.7695390781563
2013,Sports science,5,9.0,-4.0,Durham,92.4,90.0,88.0,5.0,18.6,66.0,6.0,392.0,73.6
2014,Sports science,1,5.0,-4.0,Durham,100.0,94.4862155388471,98.0,6.0,19.9,77.0,10.0,397.0,84.3687374749499
2015,Sports science,3,1.0,2.0,Durham,91.0,89.4999999999999,93.9999999999999,6.0,17.6,84.0,10.0,434.0,79.0744466800804
2013,Sports science,62,65.0,-3.0,East London,55.6,90.2747524752475,90.9090909090909,3.0,37.8,50.0,3.0,179.0,78.3850585058506
2014,Sports science,62,62.0,0.0,East London,48.0,88.5572139303483,82.1782178217822,3.0,26.2,35.0,4.0,219.0,73.1075697211155
2015,Sports science,48,62.0,-14.0,East London,60.0,89.2768079800498,89.9999999999999,3.0,29.0,52.0,3.0,330.0,82.1643286573146
2013,Sports science,65,58.0,7.0,Edge Hill,54.8,86.7463440288382,82.1782178217822,2.0,26.4,33.0,4.0,271.0,65.6958273052436
2014,Sports science,55,65.0,-10.0,Edge Hill,55.5,81.7042606516291,75.0,2.0,27.2,42.0,5.0,330.0,75.7455268389662
2015,Sports science,63,55.0,8.0,Edge Hill,53.5,86.3636363636363,84.0,3.0,25.2,37.0,3.0,336.0,81.9639278557114
2013,Sports science,4,5.0,-1.0,Edinburgh,93.8,83.5,69.6969696969697,10.0,18.0,79.0,5.0,403.0,47.2727272727273
2014,Sports science,6,4.0,2.0,Edinburgh,89.4,92.0,94.0594059405941,10.0,17.8,71.0,3.0,400.0,65.5310621242485
2015,Sports science,5,6.0,-1.0,Edinburgh,81.0999999999999,85.75,76.2376237623762,10.0,16.0,81.0,3.0,412.0,64.2
2013,Sports science,34,13.0,21.0,Edinburgh Napier,73.8,84.5643564356436,90.0990099009901,6.0,22.0,39.0,7.0,304.0,74.8693069306931
2014,Sports science,41,34.0,7.0,Edinburgh Napier,61.7,80.1488833746898,80.0,6.0,28.4,62.0,7.0,302.0,63.872255489022
2015,Sports science,57,41.0,16.0,Edinburgh Napier,56.0,86.2155388471177,85.0,6.0,29.3,38.0,8.0,341.0,76.2096774193548
2013,Sports science,14,19.0,-5.0,Essex,83.0,86.3813131313131,84.0,8.0,19.2,57.0,5.0,334.0,60.238765784825
2014,Sports science,34,14.0,20.0,Essex,66.1,85.0374064837905,85.0,9.0,21.5,46.0,5.0,327.0,57.6
2015,Sports science,20,34.0,-14.0,Essex,71.4,89.6039603960396,86.1386138613861,7.0,18.5,61.0,4.0,391.0,66.4670658682634
2013,Sports science,2,2.0,0.0,Exeter,98.2,94.9621212121212,94.0594059405941,7.0,26.9,62.0,9.0,397.0,73.7636363636364
2014,Sports science,2,2.0,0.0,Exeter,95.1,94.7368421052632,94.0,8.0,23.1,66.0,9.0,413.0,68.1362725450902
2015,Sports science,2,2.0,0.0,Exeter,93.2,97.0074812967581,96.039603960396,8.0,20.5,81.0,8.0,426.0,80.1999999999999
2013,Sports science,54,51.0,3.0,Glamorgan,64.1,79.9504950495049,81.0,8.0,26.9,28.0,6.0,247.0,68.5258925892589
2013,Sports science,25,35.0,-10.0,Gloucestershire,78.5,87.3391089108911,90.0990099009901,4.0,24.1,50.0,10.0,310.0,65.8585258525853
2014,Sports science,46,25.0,21.0,Gloucestershire,59.6,85.1116625310174,79.7979797979798,4.0,25.4,55.0,7.0,308.0,59.2445328031809
2015,Sports science,39,46.0,-7.0,Gloucestershire,63.0,83.790523690773,78.2178217821782,5.0,18.3999999999999,62.0,5.0,326.0,61.9999999999999
2013,Sports science,33,23.0,10.0,Glyndwr,74.6,98.0,88.0,3.0,23.4,32.0,7.0,161.0,91.9757575757576
2014,Sports science,43,33.0,10.0,Glyndwr,61.3,85.5361596009975,77.0,4.0,25.2,,,266.0,80.8383233532934
2015,Sports science,23,43.0,-20.0,Glyndwr,70.3,89.8009950248756,85.0,6.0,18.5,63.0,4.0,329.0,84.0319361277445
2013,Sports science,55,25.0,30.0,Greenwich,63.1,76.7121212121212,76.0,7.0,30.1,52.0,,250.0,55.6
2014,Sports science,49,55.0,-6.0,Greenwich,57.6,82.5436408977556,81.0,7.0,25.7,53.0,3.0,282.0,58.6826347305389
2015,Sports science,65,49.0,16.0,Greenwich,50.9,83.0423940149625,84.0,7.0,27.5,55.0,2.0,338.0,55.2894211576846
2013,Sports science,11,14.0,-3.0,Hertfordshire,84.5,88.0,89.8989898989899,7.0,20.0,56.0,7.0,318.0,68.1643564356436
2014,Sports science,18,11.0,7.0,Hertfordshire,74.8,89.7243107769424,94.949494949495,5.0,23.1,59.0,8.0,321.0,73.5470941883768
2015,Sports science,9,18.0,-9.0,Hertfordshire,79.7,86.7830423940149,89.8989898989898,10.0,17.5,60.0,7.0,361.0,71.4570858283433
2013,Sports science,43,29.0,14.0,Hull,70.8,89.0924176299209,78.2302631578947,5.0,24.9,60.0,3.0,263.0,62.9664278269932
2014,Sports science,20,43.0,-23.0,Hull,72.3,89.3121954694057,86.2706058659816,5.0,23.1,55.0,7.0,331.0,74.8435099267587
2015,Sports science,27,20.0,7.0,Hull,69.2,91.3366336633663,93.069306930693,5.0,18.6,53.0,4.0,346.0,85.7142857142857
2013,Sports science,40,27.0,13.0,Kent,71.6,80.0,84.0,8.0,16.7,39.0,7.0,259.0,60.4
2014,Sports science,10,40.0,-30.0,Kent,86.0,90.0,92.0,6.0,16.9,69.0,9.0,332.0,67.8642714570858
2015,Sports science,11,10.0,1.0,Kent,78.5,85.0746268656716,90.0,7.0,15.4,71.0,7.0,377.0,74.0518962075848
2013,Sports science,10,42.0,-32.0,Kingston,84.9,87.5143514351435,80.0,9.0,16.0,60.0,5.0,248.0,66.385033592645
2014,Sports science,25,10.0,15.0,Kingston,70.1,87.0646766169154,81.0,9.0,16.5,41.0,3.0,280.0,74.6506986027944
2015,Sports science,13,25.0,-12.0,Kingston,75.7,96.7418546365914,93.9393939393939,9.0,15.2,47.0,4.0,277.0,88.4
2013,Sports science,13,4.0,9.0,Leeds,83.8,86.2669766976698,86.0,9.0,24.7,47.0,7.0,395.0,57.8119411941194
2014,Sports science,27,13.0,14.0,Leeds,69.6,93.2330827067669,91.9191919191919,5.0,26.7,50.0,4.0,393.0,73.7051792828686
2015,Sports science,34,27.0,7.0,Leeds,65.0999999999999,82.7067669172932,77.2277227722772,6.0,22.1,66.0,4.0,416.0,62.4254473161033
2013,Sports science,28,21.0,7.0,Leeds Met,76.8,90.0470297029703,86.0,4.0,18.4,58.0,6.0,283.0,69.9276946622107
2014,Sports science,20,28.0,-8.0,Leeds Met,72.3,89.3034825870647,87.0,3.0,16.9,58.0,5.0,331.0,69.4
2015,Sports science,25,20.0,5.0,Leeds Met,69.3,88.1909547738693,89.0,3.0,17.8999999999999,65.0,7.0,343.0,72.6546906187624
2014,Sports science,60,,,Leeds Trinity,49.3,81.5,79.0,2.0,26.0,61.0,1.0,302.0,74.6506986027944
2015,Sports science,56,60.0,-4.0,Leeds Trinity,57.4,89.3386898876305,84.0,3.0,25.6,49.0,5.0,303.0,77.1897693079237
2013,Sports science,60,52.0,8.0,Leeds Trinity University College,56.0,81.533503350335,79.0,2.0,28.1,61.0,2.0,239.0,63.6474247424742
2013,Sports science,39,55.0,-16.0,Lincoln,71.8,88.734393543793,87.0,4.0,22.7,53.0,2.0,295.0,71.4557984100297
2014,Sports science,38,39.0,-1.0,Lincoln,63.3,86.318407960199,87.0,4.0,22.9,64.0,1.0,328.0,73.2
2015,Sports science,31,38.0,-7.0,Lincoln,68.0999999999999,87.4686716791979,89.8989898989898,5.0,19.0,74.0,2.0,338.0,76.4
2013,Sports science,12,33.0,-21.0,Liverpool John Moores,83.9,83.6919191919192,84.0,5.0,17.7,54.0,9.0,301.0,71.4061066558079
2014,Sports science,14,12.0,2.0,Liverpool John Moores,80.6,90.5236907730673,88.0,7.0,16.5,55.0,6.0,339.0,74.8490945674044
2015,Sports science,29,14.0,15.0,Liverpool John Moores,68.5999999999999,88.0,88.8888888888889,4.0,20.1,52.0,8.0,358.0,71.5999999999999
2013,Sports science,36,45.0,-9.0,London Met,72.5,88.9570707070707,76.0,4.0,14.7,,6.0,215.0,63.6
2014,Sports science,54,36.0,18.0,London Met,55.7,87.2817955112219,79.2079207920792,5.0,24.8,,5.0,227.0,71.5139442231076
2015,Sports science,68,54.0,14.0,London Met,43.1,68.5223880597014,65.5572139303482,4.0,25.8,,4.0,287.0,54.662616264803
2013,Sports science,50,65.0,-15.0,London South Bank,66.2,89.8263027295285,94.0,4.0,18.8,,2.0,209.0,66.8
2014,Sports science,32,50.0,-18.0,London South Bank,67.1,83.2911392405063,83.6734693877551,4.0,17.3,,7.0,241.0,70.3406813627254
2015,Sports science,42,32.0,10.0,London South Bank,61.4,83.8308457711442,81.0,4.0,15.2,,8.0,214.0,69.9801192842942
2013,Sports science,1,1.0,0.0,Loughborough,100.0,91.7247474747475,86.1386138613861,8.0,16.7,70.0,7.0,411.0,67.9819071945509
2014,Sports science,9,1.0,8.0,Loughborough,86.2,92.2885572139303,93.0,8.0,20.8,64.0,6.0,425.0,67.935871743487
2015,Sports science,6,9.0,-3.0,Loughborough,81.0,87.3134328358208,87.0,8.0,17.8999999999999,75.0,7.0,424.0,66.1999999999999
2013,Sports science,58,49.0,9.0,Manchester Met,59.2,83.6742424242424,72.0,3.0,19.9,,2.0,251.0,68.562196219622
2014,Sports science,42,58.0,-16.0,Manchester Met,61.6,81.25,82.0,3.0,21.9,54.0,6.0,299.0,69.6177062374245
2015,Sports science,43,42.0,1.0,Manchester Met,61.1,83.790523690773,85.9999999999999,3.0,16.3,47.0,7.0,320.0,72.1115537848605
2013,Sports science,56,60.0,-4.0,Marjon (St Mark and St John),61.0,87.5,81.0,2.0,19.9,47.0,3.0,199.0,68.5022102210221
2013,Sports science,38,27.0,11.0,Middlesex,71.9,80.9090909090909,73.0,7.0,29.5,,8.0,210.0,66.2752475247525
2014,Sports science,64,38.0,26.0,Middlesex,39.9,76.6917293233083,69.3069306930693,7.0,,,4.0,214.0,58.1162324649299
2015,Sports science,52,64.0,-12.0,Middlesex,58.1,90.0497512437811,86.8686868686868,5.0,35.1,65.0,7.0,283.0,77.5551102204408
2014,Sports science,30,,,Newman University,68.4,88.25,83.0,3.0,17.3,47.0,5.0,311.0,71.4
2015,Sports science,48,30.0,18.0,Newman University,60.0,89.5522388059701,93.9393939393939,3.0,24.6,71.0,1.0,337.0,73.7474949899799
2013,Sports science,57,54.0,3.0,Newman University College,60.8,90.9671717171717,85.0,3.0,20.6,,3.0,230.0,68.9353535353535
2013,Sports science,67,63.0,4.0,Newport,44.4,82.75,88.0,2.0,41.4,36.0,2.0,192.0,73.4336633663366
2013,Sports science,37,42.0,-5.0,Northampton,72.3,79.0965346534654,80.0,10.0,22.6,44.0,5.0,205.0,74.146144191884
2014,Sports science,35,37.0,-2.0,Northampton,65.3,89.7243107769424,89.0,,20.8,42.0,2.0,296.0,74.3538767395626
2015,Sports science,16,35.0,-19.0,Northampton,74.0,93.25,96.0,8.0,18.5,55.0,7.0,277.0,81.4
2013,Sports science,31,18.0,13.0,Northumbria,75.2,75.1936943694369,75.2475247524753,6.0,17.7,59.0,5.0,302.0,63.1333333333333
2014,Sports science,36,31.0,5.0,Northumbria,64.5,80.7980049875312,83.1683168316832,5.0,19.1,56.0,4.0,279.0,68.7374749498998
2015,Sports science,46,36.0,10.0,Northumbria,61.0,78.6967418546365,77.0,5.0,21.1,47.0,7.0,382.0,66.5330661322645
2013,Sports science,31,15.0,16.0,Nottingham Trent,75.2,81.932651048746,83.0,6.0,20.6,54.0,8.0,270.0,55.3117711771177
2014,Sports science,17,31.0,-14.0,Nottingham Trent,75.0,85.0,86.1386138613861,6.0,24.1,59.0,9.0,341.0,72.0
2015,Sports science,15,17.0,-2.0,Nottingham Trent,75.0999999999999,91.0447761194029,93.069306930693,4.0,26.4,61.0,10.0,353.0,81.8913480885311
2013,Sports science,29,47.0,-18.0,Oxford Brookes,76.0,96.265306122449,88.0,5.0,33.2,,8.0,318.0,71.7108910891089
2014,Sports science,19,29.0,-10.0,Oxford Brookes,73.6,91.4786967418546,94.0,6.0,,63.0,8.0,338.0,68.2634730538922
2015,Sports science,22,19.0,3.0,Oxford Brookes,70.5,96.0099750623441,92.0,6.0,19.0,,5.0,341.0,76.6932270916334
2013,Sports science,23,6.0,17.0,Plymouth,79.9,73.8778237047006,46.0,10.0,18.6,49.0,10.0,272.0,43.7454545454545
2014,Sports science,7,23.0,-16.0,Plymouth,88.0,92.2110552763819,97.979797979798,10.0,16.9,57.0,9.0,269.0,75.2988047808765
2013,Sports science,15,24.0,-9.0,Portsmouth,82.7,94.779702970297,96.0,7.0,24.7,49.0,5.0,296.0,79.4455445544554
2014,Sports science,8,15.0,-7.0,Portsmouth,86.4,89.5,88.0,7.0,22.4,64.0,9.0,335.0,81.0
2015,Sports science,10,8.0,2.0,Portsmouth,78.5999999999999,94.2643391521197,95.9595959595959,5.0,22.9,60.0,10.0,351.0,79.6407185628742
2013,Sports science,40,62.0,-22.0,Robert Gordon,71.6,76.6376637663766,72.0,7.0,14.9,,3.0,314.0,60.0
2014,Sports science,40,40.0,0.0,Robert Gordon,62.4,85.7142857142857,79.0,4.0,21.7,,,364.0,66.2674650698603
2015,Sports science,28,40.0,-12.0,Robert Gordon,68.9,95.5,94.059405940594,3.0,20.1,,,357.0,78.5288270377733
2013,Sports science,47,46.0,1.0,Roehampton,67.1,71.1014851485149,65.0,5.0,25.4,68.0,8.0,226.0,56.3414141414141
2014,Sports science,53,47.0,6.0,Roehampton,56.9,86.75,93.0,4.0,30.6,57.0,7.0,232.0,73.74749498998
2015,Sports science,43,53.0,-10.0,Roehampton,61.1,83.9598997493734,78.7878787878787,7.0,27.0,62.0,7.0,277.0,64.6586345381525
2013,Sports science,7,,,Salford,90.8,91.25,89.0,5.0,13.0,,8.0,289.0,83.3346534653465
2015,Sports science,32,7.0,25.0,Salford,66.5999999999999,93.7185929648241,82.8282828282828,6.0,23.5,56.9999999999999,,347.0,79.9599198396793
2013,Sports science,26,11.0,15.0,Sheffield Hallam,78.3,82.6565656565656,85.1485148514851,4.0,24.0,58.0,8.0,328.0,66.9220722072207
2014,Sports science,22,26.0,-4.0,Sheffield Hallam,71.1,84.0399002493766,85.8585858585858,5.0,24.4,53.0,9.0,340.0,72.0558882235529
2015,Sports science,38,22.0,16.0,Sheffield Hallam,64.2,78.4461152882205,79.7979797979798,6.0,22.0,56.0,7.0,368.0,69.6606786427145
2015,Sports science,58,,,South Wales,55.9,83.6228287841191,85.8585858585858,5.0,26.1,55.0,6.0,315.0,63.2
2013,Sports science,21,22.0,-1.0,Southampton Solent,80.4,89.7247474747475,90.0,3.0,6.5,,1.0,260.0,87.3515151515152
2014,Sports science,12,21.0,-9.0,Southampton Solent,83.2,96.9773299748111,99.0,3.0,15.1,40.0,9.0,313.0,83.1325301204819
2015,Sports science,24,12.0,12.0,Southampton Solent,69.5999999999999,95.2618453865336,92.079207920792,3.0,20.0,56.0,4.0,305.0,86.6533864541832
2014,Sports science,61,,,St Mark and St John,48.2,89.9244332493703,90.0,2.0,22.1,37.0,2.0,247.0,70.2594810379242
2015,Sports science,59,61.0,-2.0,St Mark and St John,55.1,88.5572139303483,83.9999999999999,2.0,22.6,50.0,4.0,288.0,74.2971887550201
2013,Sports science,53,37.0,16.0,"St Mary's UC, Twickenham",64.2,85.7323232323232,83.1683168316832,2.0,20.1,51.0,4.0,254.0,68.2011717166153
2014,Sports science,26,53.0,-27.0,"St Mary's UC, Twickenham",69.9,86.5336658354115,88.0,5.0,18.9,55.0,4.0,293.0,78.1312127236581
2015,Sports science,40,26.0,14.0,"St Mary's UC, Twickenham",62.2,85.785536159601,85.0,4.0,22.6,65.0,5.0,297.0,72.4550898203592
2013,Sports science,22,30.0,-8.0,Staffordshire,80.0,90.534503450345,91.0,10.0,23.4,61.0,6.0,171.0,72.9929096683253
2014,Sports science,39,22.0,17.0,Staffordshire,62.9,87.5311720698254,91.0,9.0,21.8,38.0,3.0,230.0,80.0
2015,Sports science,50,39.0,11.0,Staffordshire,59.5,83.6272040302267,78.7878787878787,6.0,16.8999999999999,56.9999999999999,4.0,276.0,73.4
2013,Sports science,49,50.0,-1.0,Stirling,66.3,87.4207912274303,92.602510460251,4.0,28.6,41.0,2.0,355.0,70.1563332065424
2014,Sports science,37,49.0,-12.0,Stirling,63.6,90.0619916453592,90.0142039520408,5.0,23.0,45.0,1.0,406.0,67.9696202531645
2015,Sports science,41,37.0,4.0,Stirling,61.9,91.5,86.8686868686868,4.0,15.2,56.9999999999999,1.0,392.0,56.338028169014
2013,Sports science,51,42.0,9.0,Sunderland,65.9,84.0,77.0,7.0,21.5,43.0,4.0,256.0,58.3205656565656
2014,Sports science,48,51.0,-3.0,Sunderland,58.1,85.678391959799,85.8585858585859,7.0,21.6,33.0,7.0,254.0,67.2
2015,Sports science,47,48.0,-1.0,Sunderland,60.4,87.0646766169154,85.0,8.0,19.5,44.0,3.0,327.0,70.6237424547283
2013,Sports science,40,38.0,2.0,Swansea,71.6,82.5,86.1386138613861,2.0,,55.0,7.0,332.0,65.4
2014,Sports science,5,40.0,-35.0,Swansea,89.8,91.4786967418546,89.0,10.0,15.8,59.0,8.0,354.0,69.5390781563126
2015,Sports science,8,5.0,3.0,Swansea,79.9,88.4711779448621,86.8686868686868,9.0,17.6,76.0,10.0,290.0,77.755511022044
2013,Sports science,19,17.0,2.0,Teesside,81.5,85.6039603960396,89.0,6.0,20.1,53.0,7.0,269.0,80.6
2014,Sports science,31,19.0,12.0,Teesside,68.2,86.5336658354115,84.1584158415842,7.0,24.0,51.0,6.0,312.0,76.8924302788845
2015,Sports science,34,31.0,3.0,Teesside,65.0999999999999,84.2105263157894,83.1683168316831,7.0,23.7,48.0,8.0,328.0,77.6
2014,Sports science,67,,,Trinity Saint David,33.5,81.7042606516291,75.2475247524752,2.0,24.7,,,178.0,45.8
2014,Sports science,13,,,UEA,82.1,80.6451612903226,58.4158415841584,,9.2,70.0,,388.0,47.9041916167665
2015,Sports science,4,13.0,-9.0,UEA,81.5,81.5270935960591,67.3267326732673,,7.5,,7.0,427.0,64.3564356435643
2013,Sports science,30,16.0,14.0,Ulster,75.4,95.7920792079208,100.0,5.0,19.5,39.0,6.0,299.0,72.5723160551349
2014,Sports science,28,30.0,-2.0,Ulster,69.1,92.5187032418953,95.0,4.0,21.9,51.0,5.0,286.0,82.6347305389222
2015,Sports science,55,28.0,27.0,Ulster,57.5,77.75,85.0,4.0,20.5,50.0,7.0,341.0,60.878243512974
2013,Sports science,66,64.0,2.0,West of Scotland,48.1,83.5,83.0,3.0,38.0,39.0,2.0,283.0,63.6
2014,Sports science,59,66.0,-7.0,West of Scotland,49.6,81.25,86.8686868686869,5.0,28.0,41.0,1.0,281.0,77.1371769383698
2015,Sports science,66,59.0,7.0,West of Scotland,46.8,71.1779448621554,68.0,4.0,25.6,51.0,5.0,286.0,61.8
2013,Sports science,44,25.0,19.0,Winchester,69.1,86.7942544254426,84.0,3.0,20.9,48.0,7.0,242.0,70.2209420942094
2014,Sports science,52,44.0,8.0,Winchester,57.0,92.2305764411027,86.0,2.0,22.4,42.0,4.0,265.0,73.4530938123752
2015,Sports science,54,52.0,2.0,Winchester,57.8,92.964824120603,87.8787878787878,3.0,24.3,51.0,5.0,292.0,77.2177419354838
2013,Sports science,52,40.0,12.0,Worcester,65.8,83.0371287128713,83.1683168316831,6.0,29.3,47.0,5.0,284.0,62.8718306293074
2014,Sports science,50,52.0,-2.0,Worcester,57.3,84.28927680798,79.0,7.0,28.0,55.0,5.0,279.0,66.0642570281124
2015,Sports science,51,50.0,1.0,Worcester,58.6,87.8411910669975,86.0,4.0,24.2,63.0,4.0,320.0,67.4698795180722
2015,Sports science,14,,,Writtle College,75.5999999999999,78.4999999999999,56.5656565656565,10.0,6.8,,,342.0,66.9338677354709
2013,Sports science,64,59.0,5.0,York St John,55.2,76.8838383838384,74.2574257425742,5.0,23.1,39.0,4.0,236.0,57.4811881188119
2014,Sports science,46,64.0,-18.0,York St John,59.6,86.0,86.0,3.0,20.4,42.0,5.0,300.0,66.6666666666667
2015,Sports science,37,46.0,-9.0,York St John,64.9,88.1313131313131,91.0,3.0,19.7,57.9999999999999,6.0,311.0,81.1999999999999
2013,"Tourism, transport and travel",29,11.0,18.0,"Arts UC, Bournemouth",48.6,67.7030453045305,55.0,3.0,28.1,81.0,6.0,244.0,58.3731343283582
2014,"Tourism, transport and travel",7,,,Arts University Bournemouth,75.6,91.7293233082707,90.9090909090909,3.0,21.1,,6.0,300.0,70.5410821643287
2013,"Tourism, transport and travel",20,30.0,-10.0,Bedfordshire,58.6,83.7846534653465,79.0,9.0,,,3.0,166.0,73.9544554455446
2014,"Tourism, transport and travel",25,20.0,5.0,Bedfordshire,56.5,81.453634085213,82.0,7.0,,,1.0,185.0,75.4491017964072
2014,"Tourism, transport and travel",2,,,Birmingham,87.5,90.7035175879397,97.0,9.0,23.8,,5.0,357.0,85.3118712273642
2013,"Tourism, transport and travel",6,5.0,1.0,Bournemouth,70.9,68.2159715971597,74.0,9.0,23.4,58.0,7.0,320.0,64.6332096474954
2014,"Tourism, transport and travel",23,6.0,17.0,Bournemouth,63.1,68.1592039800995,72.0,7.0,26.9,56.0,7.0,326.0,70.3406813627254
2013,"Tourism, transport and travel",25,20.0,5.0,Brighton,52.7,68.3168316831683,71.2871287128713,4.0,21.2,42.0,5.0,267.0,70.609900990099
2014,"Tourism, transport and travel",21,25.0,-4.0,Brighton,64.5,76.3092269326683,74.0,5.0,20.3,53.0,5.0,264.0,71.8
2013,"Tourism, transport and travel",35,,,Bucks New University,30.0,66.2252796708242,62.0,4.0,24.2,26.0,2.0,226.0,70.1151515151515
2014,"Tourism, transport and travel",36,35.0,1.0,Bucks New University,36.5,68.421052631579,54.5454545454546,4.0,25.6,36.0,1.0,235.0,65.6686626746507
2013,"Tourism, transport and travel",36,29.0,7.0,Canterbury Christ Church,29.4,69.0002250225022,64.0,3.0,24.5,37.0,2.0,231.0,61.8125412541254
2014,"Tourism, transport and travel",34,36.0,-2.0,Canterbury Christ Church,45.6,76.6917293233082,76.0,3.0,27.3,41.0,2.0,241.0,67.0020120724346
2013,"Tourism, transport and travel",5,6.0,-1.0,Central Lancashire,73.4,78.988398839884,86.0,8.0,17.4,49.0,3.0,303.0,72.2827759459884
2014,"Tourism, transport and travel",16,5.0,11.0,Central Lancashire,68.4,79.25,80.0,7.0,19.9,47.0,4.0,290.0,77.6447105788423
2013,"Tourism, transport and travel",4,,,Chester,75.4,83.5,86.0,4.0,21.1,72.0,9.0,264.0,69.6950495049505
2014,"Tourism, transport and travel",9,4.0,5.0,Chester,73.9,82.75,84.8484848484848,3.0,17.2,60.0,7.0,269.0,69.1382765531062
2013,"Tourism, transport and travel",22,,,Chichester,55.5,83.1234256926952,88.0,3.0,23.0,,,264.0,57.0858283433134
2014,"Tourism, transport and travel",27,22.0,5.0,Chichester,53.7,77.0780856423174,71.0,3.0,19.6,,,249.0,57.8313253012048
2013,"Tourism, transport and travel",9,17.0,-8.0,Derby,66.9,74.0,67.0,9.0,19.2,37.0,7.0,272.0,60.6
2014,"Tourism, transport and travel",5,9.0,-4.0,Derby,76.7,74.1293532338308,75.0,10.0,14.9,42.0,8.0,272.0,67.3346693386774
2013,"Tourism, transport and travel",26,15.0,11.0,Edinburgh Napier,51.1,71.3971397139714,68.0,4.0,31.9,45.0,9.0,300.0,62.9137913791379
2014,"Tourism, transport and travel",16,26.0,-10.0,Edinburgh Napier,68.4,83.0,87.0,4.0,31.7,54.0,10.0,339.0,68.8622754491018
2013,"Tourism, transport and travel",27,18.0,9.0,Glasgow Caledonian,49.5,68.7947352310989,61.6161616161616,5.0,22.5,28.0,7.0,325.0,56.5921461711388
2014,"Tourism, transport and travel",24,27.0,-3.0,Glasgow Caledonian,59.6,72.6817042606516,73.7373737373737,4.0,,52.0,7.0,,51.503006012024
2013,"Tourism, transport and travel",28,13.0,15.0,Gloucestershire,49.0,78.5909090909091,77.7777777777778,3.0,32.2,52.0,9.0,265.0,59.9070707070707
2013,"Tourism, transport and travel",16,14.0,2.0,Greenwich,61.9,81.4766226622662,80.1980198019802,4.0,25.8,47.0,,270.0,74.1247524752475
2014,"Tourism, transport and travel",14,16.0,-2.0,Greenwich,69.5,86.2155388471178,86.8686868686869,4.0,22.2,53.0,6.0,283.0,76.0
2013,"Tourism, transport and travel",24,24.0,0.0,Hertfordshire,54.1,78.4444444444444,73.0,4.0,24.1,,8.0,281.0,65.2712871287129
2014,"Tourism, transport and travel",6,24.0,-18.0,Hertfordshire,75.9,84.5,76.0,4.0,22.0,,9.0,317.0,71.2
2013,"Tourism, transport and travel",21,3.0,18.0,Huddersfield,58.4,66.7070707070707,63.6363636363636,7.0,22.8,70.0,2.0,267.0,71.3858585858586
2014,"Tourism, transport and travel",15,21.0,-6.0,Huddersfield,69.1,84.9624060150376,86.8686868686869,4.0,26.1,68.0,3.0,277.0,81.2375249500998
2013,"Tourism, transport and travel",33,22.0,11.0,Leeds Met,41.8,74.47124807396,76.2376237623762,3.0,27.3,56.0,4.0,248.0,59.0438276474068
2014,"Tourism, transport and travel",30,33.0,-3.0,Leeds Met,48.9,79.8004987531172,75.7575757575758,3.0,31.5,48.0,5.0,280.0,60.3206412825651
2013,"Tourism, transport and travel",17,21.0,-4.0,Lincoln,61.2,81.7772277227723,88.8888888888889,3.0,26.1,,6.0,269.0,85.1736173617362
2014,"Tourism, transport and travel",18,17.0,1.0,Lincoln,67.8,87.6884422110553,90.0990099009901,3.0,26.2,59.0,3.0,294.0,77.4451097804391
2013,"Tourism, transport and travel",12,33.0,-21.0,Liverpool John Moores,65.0,76.1410891089109,71.2871287128713,5.0,19.9,,3.0,344.0,70.9524752475247
2014,"Tourism, transport and travel",12,12.0,0.0,Liverpool John Moores,71.2,79.0,80.8080808080808,5.0,18.2,,4.0,318.0,81.0865191146881
2014,"Tourism, transport and travel",37,33.0,4.0,London Met,31.7,59.2039800995025,50.0,2.0,24.4,42.0,4.0,231.0,41.8
2014,"Tourism, transport and travel",28,19.0,9.0,London South Bank,50.8,82.7930174563591,79.0,4.0,27.6,,2.0,221.0,60.6425702811245
2013,"Tourism, transport and travel",32,23.0,9.0,Manchester Met,42.3,65.0841584158416,55.5555555555556,4.0,19.9,57.0,3.0,266.0,48.2329080154907
2014,"Tourism, transport and travel",19,32.0,-13.0,Manchester Met,64.8,77.8606965174129,81.8181818181818,4.0,21.2,56.0,3.0,308.0,69.1235059760956
2013,"Tourism, transport and travel",23,28.0,-5.0,Northampton,54.4,89.1273671056426,88.1188118811881,4.0,26.4,34.0,7.0,216.0,76.8772277227723
2014,"Tourism, transport and travel",8,23.0,-15.0,Northampton,75.3,89.1959798994975,86.8686868686869,6.0,26.0,51.0,9.0,281.0,77.3279352226721
2013,"Tourism, transport and travel",11,10.0,1.0,Oxford Brookes,66.5,80.0966594786819,81.8181818181818,7.0,27.4,48.0,7.0,311.0,68.0923433733102
2014,"Tourism, transport and travel",4,11.0,-7.0,Oxford Brookes,79.3,89.0,90.0,7.0,26.1,61.0,8.0,321.0,71.4
2013,"Tourism, transport and travel",15,7.0,8.0,Plymouth,62.2,74.1489898989899,77.0,8.0,17.9,56.0,2.0,265.0,64.9387773079634
2014,"Tourism, transport and travel",10,15.0,-5.0,Plymouth,73.3,83.5,88.0,6.0,20.6,57.0,4.0,291.0,79.3587174348697
2013,"Tourism, transport and travel",10,26.0,-16.0,Portsmouth,66.8,83.8069306930693,89.0,7.0,19.4,,6.0,285.0,64.2668866886689
2014,"Tourism, transport and travel",22,10.0,12.0,Portsmouth,63.7,87.468671679198,89.0,7.0,23.5,,7.0,245.0,65.8
2013,"Tourism, transport and travel",18,19.0,-1.0,Queen Margaret,60.6,87.2247474747475,86.0,3.0,,44.0,6.0,284.0,66.0430419512539
2014,"Tourism, transport and travel",35,18.0,17.0,Queen Margaret,45.4,77.8894472361809,80.8080808080808,3.0,34.5,44.0,6.0,270.0,62.8968253968254
2013,"Tourism, transport and travel",3,9.0,-6.0,Robert Gordon,76.5,75.3101156269473,83.0,6.0,14.9,,8.0,284.0,70.9680493188984
2014,"Tourism, transport and travel",20,3.0,17.0,Robert Gordon,64.6,82.0,80.0,4.0,23.5,50.0,7.0,327.0,62.4
2013,"Tourism, transport and travel",34,32.0,2.0,Salford,38.3,79.5643564356436,78.0,4.0,21.4,27.0,2.0,217.0,62.3247524752475
2014,"Tourism, transport and travel",33,34.0,-1.0,Salford,46.7,73.5,68.0,4.0,31.6,38.0,4.0,299.0,64.0
2013,"Tourism, transport and travel",19,19.0,0.0,Sheffield Hallam,58.8,76.8811881188119,77.0,4.0,25.5,47.0,8.0,295.0,66.5854785478548
2014,"Tourism, transport and travel",13,19.0,-6.0,Sheffield Hallam,70.9,82.75,80.0,4.0,25.8,55.0,8.0,314.0,71.6566866267465
2013,"Tourism, transport and travel",31,31.0,0.0,"St Mary's UC, Twickenham",44.1,75.4425442544254,78.0,3.0,33.7,,,237.0,79.9191919191919
2014,"Tourism, transport and travel",31,31.0,0.0,"St Mary's UC, Twickenham",48.5,82.5,82.0,3.0,32.1,,,260.0,70.7171314741036
2013,"Tourism, transport and travel",2,4.0,-2.0,Strathclyde,82.6,80.2361736173617,85.0,5.0,,34.0,9.0,445.0,69.9393939393939
2014,"Tourism, transport and travel",3,2.0,1.0,Strathclyde,86.5,83.25,82.0,9.0,24.8,46.0,,462.0,67.6646706586826
2013,"Tourism, transport and travel",7,4.0,3.0,Sunderland,69.3,77.0573566084788,85.1485148514851,10.0,22.1,,4.0,233.0,68.8
2014,"Tourism, transport and travel",11,7.0,4.0,Sunderland,72.4,78.25,91.0,10.0,19.8,14.0,8.0,251.0,73.5059760956175
2013,"Tourism, transport and travel",1,1.0,0.0,Surrey,100.0,88.9769726972697,93.0,10.0,19.9,42.0,5.0,369.0,76.0653465346535
2014,"Tourism, transport and travel",1,1.0,0.0,Surrey,100.0,86.7167919799499,88.0,10.0,15.5,47.0,8.0,367.0,72.635814889336
2013,"Tourism, transport and travel",8,2.0,6.0,Ulster,68.9,79.7342484248425,89.0,5.0,19.4,18.0,10.0,250.0,83.3555555555556
2014,"Tourism, transport and travel",29,8.0,21.0,Ulster,49.5,70.1754385964912,82.0,4.0,25.6,32.0,8.0,248.0,60.7214428857715
2013,"Tourism, transport and travel",30,25.0,5.0,University College Birmingham,47.2,73.9860736073607,79.7979797979798,,,50.0,3.0,213.0,68.0463477310074
2013,"Tourism, transport and travel",14,,,West London,64.4,86.2416741674167,87.8787878787879,5.0,,22.0,3.0,219.0,82.1272727272727
2014,"Tourism, transport and travel",32,14.0,18.0,West London,47.4,82.7067669172932,79.0,5.0,24.4,25.0,3.0,219.0,69.2614770459082
2013,"Tourism, transport and travel",13,8.0,5.0,Westminster,64.5,84.1212121212121,85.8585858585858,4.0,21.6,,4.0,263.0,76.1970597059706
2014,"Tourism, transport and travel",26,13.0,13.0,Westminster,55.6,75.0623441396509,74.7474747474748,4.0,24.1,,4.0,283.0,65.0
2013,Veterinary science,7,7.0,0.0,Bristol,35.0,92.4064885496183,93.8396946564886,2.0,13.4,77.0,8.0,442.0,50.6999658653398
2014,Veterinary science,7,7.0,0.0,Bristol,34.9,93.7124506628628,91.8360655737705,3.0,13.3,77.0,4.0,475.0,52.296020244717
2015,Veterinary science,5,7.0,-2.0,Bristol,69.0999999999999,94.786432160804,96.8852459016393,4.0,11.5,75.0,4.0,500.0,63.0997103166765
2013,Veterinary science,1,1.0,0.0,Cambridge,100.0,91.0194519451945,91.0,7.0,4.8,82.0,,597.0,65.0315556621625
2014,Veterinary science,1,1.0,0.0,Cambridge,100.0,92.5187032418953,92.0,7.0,5.0,76.0,,597.0,64.5418326693227
2015,Veterinary science,3,1.0,2.0,Cambridge,93.8,96.0,92.0,8.0,5.3,88.0,3.0,621.0,52.3138832997988
2013,Veterinary science,2,2.0,0.0,Edinburgh,82.2,93.5,84.0,9.0,5.6,95.0,,512.0,49.9756940399922
2014,Veterinary science,3,2.0,1.0,Edinburgh,83.5,93.7655860349127,84.1584158415842,8.0,6.0,89.0,8.0,528.0,55.9118236472946
2015,Veterinary science,4,3.0,1.0,Edinburgh,88.7,97.75,93.0,8.0,8.1,91.0,6.0,542.0,52.6946107784431
2013,Veterinary science,5,4.0,1.0,Glasgow,68.6,93.7722772277228,94.949494949495,3.0,8.5,98.0,,510.0,58.0271614634466
2014,Veterinary science,6,5.0,1.0,Glasgow,52.7,92.0,93.9393939393939,3.0,8.3,95.0,9.0,514.0,47.8087649402391
2015,Veterinary science,7,6.0,1.0,Glasgow,58.3,92.5373134328358,91.089108910891,4.0,9.6,91.0,4.0,524.0,50.0
2015,Veterinary science,8,,,Harper Adams,38.0,93.9393939393937,96.0,2.0,21.4,23.0,9.0,380.0,73.1462925851702
2013,Veterinary science,4,3.0,1.0,Liverpool,68.8,93.219696969697,95.959595959596,6.0,5.4,94.0,3.0,459.0,48.9650667098312
2014,Veterinary science,2,4.0,-2.0,Liverpool,86.9,95.0124688279302,95.0,9.0,5.3,92.0,4.0,488.0,59.5190380761523
2015,Veterinary science,1,2.0,-1.0,Liverpool,100.0,96.75,95.0,10.0,5.0,95.0,3.0,476.0,57.0281124497991
2013,Veterinary science,3,5.0,-2.0,Nottingham,79.7,99.75,99.0,3.0,7.2,,,494.0,63.2619713158651
2014,Veterinary science,4,3.0,1.0,Nottingham,71.2,99.5,97.979797979798,3.0,6.1,87.0,3.0,467.0,55.1792828685259
2015,Veterinary science,2,4.0,-2.0,Nottingham,95.0,99.2499999999999,99.0,4.0,7.9,95.0,4.0,496.0,69.0618762475049
2015,Veterinary science,9,,,Nottingham Trent,35.5,88.25,84.8484848484848,2.0,12.9,38.0,9.0,318.0,70.3406813627254
2013,Veterinary science,6,6.0,0.0,Royal Veterinary College,57.4,93.7970297029703,80.1980198019802,8.0,8.7,93.0,7.0,509.0,34.818858560794
2014,Veterinary science,5,6.0,-1.0,Royal Veterinary College,58.9,93.0174563591022,87.0,7.0,9.6,91.0,4.0,516.0,51.2
2015,Veterinary science,6,5.0,1.0,Royal Veterinary College,61.0,93.7185929648241,88.0,4.0,10.0,85.0,4.0,513.0,56.7999999999999
